snap,sim,lo,hi,status,ot_reliable,x10,n_halos,n_used_dmo,n_used_hyd,n_empty_dmo,n_empty_hyd,npart_dmo_med,npart_hyd_med,sec
9,fgas+2sigma,10.0,10.125,ok,False,3.1016,259,96,239,61,1,0,3,0.2
9,fgas+2sigma,10.125,10.25,ok,False,2.8192,109,39,103,73,14,0,3,0.1
9,fgas+2sigma,10.25,10.375,ok,False,2.6591,766,309,716,14,0,0,3,0.2
9,fgas+2sigma,10.375,10.5,ok,False,2.4069,1457,648,1331,2,0,0,2,0.3
9,fgas+2sigma,10.5,10.625,ok,False,2.1416,3198,1512,2939,0,0,0,3,0.4
9,fgas+2sigma,10.625,10.75,ok,False,1.9455,6387,3324,5883,0,0,1,3,0.6
9,fgas+2sigma,10.75,10.875,ok,False,1.7736,10000,5790,9256,0,0,1,3,0.8
9,fgas+2sigma,10.875,11.0,ok,False,1.6053,10000,6120,9394,0,0,1,3,0.9
9,fgas+2sigma,11.0,11.125,ok,False,1.4615,10000,6596,9452,0,0,1,3,0.9
9,fgas+2sigma,11.125,11.25,ok,False,1.3296,10000,7048,9559,0,0,1,3,0.9
9,fgas+2sigma,11.25,11.375,ok,False,1.2146,10000,7590,9692,0,0,1,4,0.9
9,fgas+2sigma,11.375,11.5,ok,False,1.1112,10000,8305,9970,0,0,2,5,1.0
9,fgas+2sigma,11.5,11.625,ok,False,1.0104,10000,9022,10000,0,0,2,6,1.1
9,fgas+2sigma,11.625,11.75,ok,False,0.9180,10000,9545,10000,0,0,3,8,1.0
9,fgas+2sigma,11.75,11.875,ok,False,0.8349,10000,9797,10000,0,0,4,10,1.0
9,fgas+2sigma,11.875,12.0,ok,False,0.7586,10000,9935,10000,0,0,5,13,1.0
9,fgas+2sigma,12.0,12.125,ok,False,0.6899,10000,9982,10000,0,0,7,17,1.0
9,fgas+2sigma,12.125,12.25,ok,False,0.6273,5267,5266,5267,0,0,9,22,0.7
9,fgas+2sigma,12.25,12.375,ok,False,0.5702,2619,2619,2619,0,0,12,29,0.4
9,fgas+2sigma,12.375,12.5,ok,False,0.5178,1220,1220,1220,0,0,16,39,0.3
9,fgas+2sigma,12.5,12.625,ok,False,0.4713,458,458,458,0,0,21,50,0.2
9,fgas+2sigma,12.625,12.75,ok,False,0.4284,169,169,169,0,0,28,65,0.2
9,fgas+2sigma,12.75,12.875,ok,False,0.3910,71,71,71,0,0,36,88,0.1
9,fgas+2sigma,12.875,13.0,ok,False,0.3576,20,20,20,3,0,49,108,0.0
9,fgas+2sigma,13.0,13.125,no_halos,False,nan,0,0,0,0,0,0,0,0.0
9,fgas+2sigma,13.125,13.25,ok,False,0.2950,2,2,2,27,15,93,183,0.0
9,fgas+2sigma,13.25,13.375,ok,False,0.2601,1,1,1,42,21,120,277,0.0
9,fgas+2sigma,13.375,13.5,no_halos,False,nan,0,0,0,0,0,0,0,0.0
9,fgas+2sigma,13.5,13.625,no_halos,False,nan,0,0,0,0,0,0,0,0.0
9,fgas+2sigma,13.625,13.75,no_halos,False,nan,0,0,0,0,0,0,0,0.0
9,fgas+2sigma,13.75,13.875,no_halos,False,nan,0,0,0,0,0,0,0,0.0
9,fgas+2sigma,13.875,14.0,no_halos,False,nan,0,0,0,0,0,0,0,0.0
9,fgas+2sigma,14.0,14.125,no_halos,False,nan,0,0,0,0,0,0,0,0.0
9,fgas+2sigma,14.125,14.25,no_halos,False,nan,0,0,0,0,0,0,0,0.0
9,fgas+2sigma,14.25,14.375,no_halos,False,nan,0,0,0,0,0,0,0,0.0
9,fgas+2sigma,14.375,14.5,no_halos,False,nan,0,0,0,0,0,0,0,0.0
9,fgas+2sigma,14.5,14.625,no_halos,False,nan,0,0,0,0,0,0,0,0.0
9,fgas+2sigma,14.625,14.75,no_halos,False,nan,0,0,0,0,0,0,0,0.0
9,fgas+2sigma,14.75,14.875,no_halos,False,nan,0,0,0,0,0,0,0,0.0
9,fgas+2sigma,14.875,15.0,no_halos,False,nan,0,0,0,0,0,0,0,0.0
13,fgas+2sigma,10.0,10.125,ok,False,3.1174,631,220,595,28,0,0,3,0.5
13,fgas+2sigma,10.125,10.25,ok,False,2.8499,285,109,273,44,1,0,3,0.3
13,fgas+2sigma,10.25,10.375,ok,False,2.6669,1755,774,1645,1,0,0,3,0.7
13,fgas+2sigma,10.375,10.5,ok,False,2.4100,3630,1667,3404,0,0,0,3,0.7
13,fgas+2sigma,10.5,10.625,ok,False,2.1467,7652,3749,7126,0,0,0,3,1.0
13,fgas+2sigma,10.625,10.75,ok,False,1.9538,10000,5263,9335,0,0,1,3,1.2
13,fgas+2sigma,10.75,10.875,ok,False,1.7771,10000,5806,9405,0,0,1,3,1.2
13,fgas+2sigma,10.875,11.0,ok,False,1.6109,10000,6193,9409,0,0,1,3,1.2
13,fgas+2sigma,11.0,11.125,ok,False,1.4661,10000,6584,9483,0,0,1,3,1.2
13,fgas+2sigma,11.125,11.25,ok,False,1.3315,10000,7020,9608,0,0,1,3,1.3
13,fgas+2sigma,11.25,11.375,ok,False,1.2179,10000,7527,9725,0,0,1,4,1.2
13,fgas+2sigma,11.375,11.5,ok,False,1.1139,10000,8254,9961,0,0,2,5,1.3
13,fgas+2sigma,11.5,11.625,ok,False,1.0126,10000,8973,10000,0,0,2,6,1.3
13,fgas+2sigma,11.625,11.75,ok,False,0.9198,10000,9466,10000,0,0,3,8,1.3
13,fgas+2sigma,11.75,11.875,ok,False,0.8365,10000,9795,10000,0,0,4,10,1.3
13,fgas+2sigma,11.875,12.0,ok,False,0.7599,10000,9917,10000,0,0,5,13,1.3
13,fgas+2sigma,12.0,12.125,ok,False,0.6899,10000,9984,10000,0,0,7,17,1.4
13,fgas+2sigma,12.125,12.25,ok,False,0.6273,10000,9999,10000,0,0,9,22,1.4
13,fgas+2sigma,12.25,12.375,ok,False,0.5702,10000,10000,10000,0,0,12,29,1.4
13,fgas+2sigma,12.375,12.5,ok,False,0.5190,7316,7316,7316,0,0,16,38,1.1
13,fgas+2sigma,12.5,12.625,ok,False,0.4708,3966,3966,3966,0,0,22,50,0.8
13,fgas+2sigma,12.625,12.75,ok,False,0.4284,1955,1955,1955,0,0,28,65,0.6
13,fgas+2sigma,12.75,12.875,ok,False,0.3890,854,854,854,0,0,38,86,0.5
13,fgas+2sigma,12.875,13.0,ok,False,0.3535,352,352,352,0,0,50,108,0.3
13,fgas+2sigma,13.0,13.125,ok,False,0.3207,128,128,128,0,0,64,146,0.2
13,fgas+2sigma,13.125,13.25,ok,True,0.2958,53,53,53,0,0,83,191,0.1
13,fgas+2sigma,13.25,13.375,ok,True,0.2634,16,16,16,0,0,116,262,0.1
13,fgas+2sigma,13.375,13.5,ok,False,0.2448,3,3,3,13,4,149,315,0.0
13,fgas+2sigma,13.5,13.625,ok,False,0.2234,2,2,2,15,3,183,386,0.0
13,fgas+2sigma,13.625,13.75,ok,False,0.2021,1,1,1,27,10,222,479,0.0
13,fgas+2sigma,13.75,13.875,no_halos,False,nan,0,0,0,0,0,0,0,0.0
13,fgas+2sigma,13.875,14.0,no_halos,False,nan,0,0,0,0,0,0,0,0.0
13,fgas+2sigma,14.0,14.125,no_halos,False,nan,0,0,0,0,0,0,0,0.0
13,fgas+2sigma,14.125,14.25,no_halos,False,nan,0,0,0,0,0,0,0,0.0
13,fgas+2sigma,14.25,14.375,no_halos,False,nan,0,0,0,0,0,0,0,0.0
13,fgas+2sigma,14.375,14.5,no_halos,False,nan,0,0,0,0,0,0,0,0.0
13,fgas+2sigma,14.5,14.625,no_halos,False,nan,0,0,0,0,0,0,0,0.0
13,fgas+2sigma,14.625,14.75,no_halos,False,nan,0,0,0,0,0,0,0,0.0
13,fgas+2sigma,14.75,14.875,no_halos,False,nan,0,0,0,0,0,0,0,0.0
13,fgas+2sigma,14.875,15.0,no_halos,False,nan,0,0,0,0,0,0,0,0.1
17,fgas+2sigma,10.0,10.125,ok,False,3.1335,1011,403,962,10,0,0,3,0.9
17,fgas+2sigma,10.125,10.25,ok,False,2.8455,489,200,461,27,0,0,3,0.7
17,fgas+2sigma,10.25,10.375,ok,False,2.6786,2838,1189,2673,0,0,0,3,1.0
17,fgas+2sigma,10.375,10.5,ok,False,2.4228,5909,2742,5573,0,0,0,3,1.3
17,fgas+2sigma,10.5,10.625,ok,False,2.1568,10000,5081,9440,0,0,1,3,1.6
17,fgas+2sigma,10.625,10.75,ok,False,1.9643,10000,5336,9450,0,0,1,3,1.6
17,fgas+2sigma,10.75,10.875,ok,False,1.7875,10000,5853,9445,0,0,1,3,1.6
17,fgas+2sigma,10.875,11.0,ok,False,1.6195,10000,6139,9484,0,0,1,3,1.6
17,fgas+2sigma,11.0,11.125,ok,False,1.4732,10000,6590,9456,0,0,1,3,1.6
17,fgas+2sigma,11.125,11.25,ok,False,1.3373,10000,7014,9543,0,0,1,3,1.6
17,fgas+2sigma,11.25,11.375,ok,False,1.2244,10000,7340,9676,0,0,1,4,1.7
17,fgas+2sigma,11.375,11.5,ok,False,1.1180,10000,8172,9980,0,0,2,5,1.6
17,fgas+2sigma,11.5,11.625,ok,False,1.0160,10000,8890,10000,0,0,2,6,1.6
17,fgas+2sigma,11.625,11.75,ok,False,0.9245,10000,9412,10000,0,0,3,8,1.8
17,fgas+2sigma,11.75,11.875,ok,False,0.8395,10000,9721,10000,0,0,4,10,1.7
17,fgas+2sigma,11.875,12.0,ok,False,0.7624,10000,9896,10000,0,0,5,13,1.7
17,fgas+2sigma,12.0,12.125,ok,False,0.6930,10000,9978,10000,0,0,7,17,1.8
17,fgas+2sigma,12.125,12.25,ok,False,0.6299,10000,9996,10000,0,0,9,22,1.7
17,fgas+2sigma,12.25,12.375,ok,False,0.5730,10000,10000,10000,0,0,12,29,1.8
17,fgas+2sigma,12.375,12.5,ok,False,0.5208,10000,10000,10000,0,0,16,37,1.8
17,fgas+2sigma,12.5,12.625,ok,False,0.4728,10000,10000,10000,0,0,21,49,1.8
17,fgas+2sigma,12.625,12.75,ok,False,0.4300,10000,10000,10000,0,0,28,64,1.9
17,fgas+2sigma,12.75,12.875,ok,False,0.3910,5806,5806,5806,0,0,37,83,1.5
17,fgas+2sigma,12.875,13.0,ok,False,0.3551,3177,3177,3177,0,0,49,110,1.2
17,fgas+2sigma,13.0,13.125,ok,False,0.3230,1605,1605,1605,0,0,64,146,1.0
17,fgas+2sigma,13.125,13.25,ok,True,0.2939,800,800,800,0,0,84,190,0.8
17,fgas+2sigma,13.25,13.375,ok,True,0.2668,294,294,294,0,0,111,249,0.5
17,fgas+2sigma,13.375,13.5,ok,True,0.2434,145,145,145,0,0,147,334,0.4
17,fgas+2sigma,13.5,13.625,ok,True,0.2204,51,51,51,0,0,196,439,0.2
17,fgas+2sigma,13.625,13.75,ok,True,0.1996,21,21,21,0,0,247,599,0.1
17,fgas+2sigma,13.75,13.875,ok,False,0.1792,3,3,3,1,1,318,720,0.1
17,fgas+2sigma,13.875,14.0,no_halos,False,nan,0,0,0,0,0,0,0,0.1
17,fgas+2sigma,14.0,14.125,no_halos,False,nan,0,0,0,0,0,0,0,0.1
17,fgas+2sigma,14.125,14.25,no_halos,False,nan,0,0,0,0,0,0,0,0.1
17,fgas+2sigma,14.25,14.375,no_halos,False,nan,0,0,0,0,0,0,0,0.1
17,fgas+2sigma,14.375,14.5,no_halos,False,nan,0,0,0,0,0,0,0,0.1
17,fgas+2sigma,14.5,14.625,no_halos,False,nan,0,0,0,0,0,0,0,0.1
17,fgas+2sigma,14.625,14.75,no_halos,False,nan,0,0,0,0,0,0,0,0.1
17,fgas+2sigma,14.75,14.875,no_halos,False,nan,0,0,0,0,0,0,0,0.1
17,fgas+2sigma,14.875,15.0,no_halos,False,nan,0,0,0,0,0,0,0,0.1
37,fgas+2sigma,10.0,10.125,ok,False,2.4362,829,304,783,13,0,0,3,1.3
37,fgas+2sigma,10.125,10.25,ok,False,2.2095,460,175,431,31,0,0,3,0.9
37,fgas+2sigma,10.25,10.375,ok,False,2.0846,3506,1437,3293,0,0,0,3,1.7
37,fgas+2sigma,10.375,10.5,ok,False,1.8854,7860,3547,7373,0,0,0,3,2.0
37,fgas+2sigma,10.5,10.625,ok,False,1.6797,10000,4969,9332,0,0,0,3,2.3
37,fgas+2sigma,10.625,10.75,ok,False,1.5276,10000,5294,9300,0,0,1,3,2.2
37,fgas+2sigma,10.75,10.875,ok,False,1.3911,10000,5713,9298,0,0,1,3,2.2
37,fgas+2sigma,10.875,11.0,ok,False,1.2597,10000,6123,9410,0,0,1,3,2.2
37,fgas+2sigma,11.0,11.125,ok,False,1.1463,10000,6491,9351,0,0,1,3,2.2
37,fgas+2sigma,11.125,11.25,ok,False,1.0423,10000,6802,9412,0,0,1,3,2.2
37,fgas+2sigma,11.25,11.375,ok,False,0.9542,10000,7189,9552,0,0,1,3,2.2
37,fgas+2sigma,11.375,11.5,ok,False,0.8701,10000,7992,9950,0,0,2,5,2.2
37,fgas+2sigma,11.5,11.625,ok,False,0.7914,10000,8741,10000,0,0,2,6,2.3
37,fgas+2sigma,11.625,11.75,ok,False,0.7191,10000,9307,10000,0,0,3,7,2.3
37,fgas+2sigma,11.75,11.875,ok,False,0.6546,10000,9680,10000,0,0,4,9,2.3
37,fgas+2sigma,11.875,12.0,ok,False,0.5936,10000,9867,10000,0,0,5,12,2.3
37,fgas+2sigma,12.0,12.125,ok,False,0.5388,10000,9966,10000,0,0,7,16,2.4
37,fgas+2sigma,12.125,12.25,ok,False,0.4898,10000,9992,10000,0,0,9,21,2.5
37,fgas+2sigma,12.25,12.375,ok,False,0.4450,10000,9999,10000,0,0,12,27,2.5
37,fgas+2sigma,12.375,12.5,ok,False,0.4053,10000,10000,10000,0,0,15,35,2.4
37,fgas+2sigma,12.5,12.625,ok,False,0.3677,10000,10000,10000,0,0,20,46,2.5
37,fgas+2sigma,12.625,12.75,ok,False,0.3342,10000,10000,10000,0,0,27,60,2.5
37,fgas+2sigma,12.75,12.875,ok,False,0.3035,10000,10000,10000,0,0,36,79,2.6
37,fgas+2sigma,12.875,13.0,ok,True,0.2762,10000,10000,10000,0,0,47,105,2.7
37,fgas+2sigma,13.0,13.125,ok,True,0.2509,9120,9120,9120,0,0,62,139,2.6
37,fgas+2sigma,13.125,13.25,ok,True,0.2280,5569,5569,5569,0,0,82,182,2.2
37,fgas+2sigma,13.25,13.375,ok,True,0.2075,3080,3080,3080,0,0,107,239,1.8
37,fgas+2sigma,13.375,13.5,ok,True,0.1883,1817,1817,1817,0,0,144,319,1.6
37,fgas+2sigma,13.5,13.625,ok,True,0.1713,911,911,911,0,0,189,418,1.3
37,fgas+2sigma,13.625,13.75,ok,True,0.1561,446,446,446,0,0,245,545,0.9
37,fgas+2sigma,13.75,13.875,ok,True,0.1419,215,215,215,0,0,330,729,0.6
37,fgas+2sigma,13.875,14.0,ok,True,0.1285,80,80,80,0,0,424,936,0.3
37,fgas+2sigma,14.0,14.125,ok,True,0.1171,30,30,30,0,0,578,1268,0.2
37,fgas+2sigma,14.125,14.25,ok,True,0.1045,10,10,10,0,0,664,1424,0.2
37,fgas+2sigma,14.25,14.375,ok,False,0.0962,1,1,1,5,1,818,1739,0.1
37,fgas+2sigma,14.375,14.5,no_halos,False,nan,0,0,0,0,0,0,0,0.1
37,fgas+2sigma,14.5,14.625,no_halos,False,nan,0,0,0,0,0,0,0,0.1
37,fgas+2sigma,14.625,14.75,no_halos,False,nan,0,0,0,0,0,0,0,0.1
37,fgas+2sigma,14.75,14.875,no_halos,False,nan,0,0,0,0,0,0,0,0.1
37,fgas+2sigma,14.875,15.0,no_halos,False,nan,0,0,0,0,0,0,0,0.1
47,fgas+2sigma,10.0,10.125,ok,False,2.0698,466,174,424,22,0,0,3,1.1
47,fgas+2sigma,10.125,10.25,ok,False,1.8648,266,97,247,40,2,0,3,0.7
47,fgas+2sigma,10.25,10.375,ok,False,1.7687,2517,1021,2338,0,0,0,3,1.7
47,fgas+2sigma,10.375,10.5,ok,False,1.6013,6009,2705,5565,0,0,0,3,2.0
47,fgas+2sigma,10.5,10.625,ok,False,1.4253,10000,4758,9305,0,0,0,3,2.3
47,fgas+2sigma,10.625,10.75,ok,False,1.2956,10000,5341,9247,0,0,1,3,2.3
47,fgas+2sigma,10.75,10.875,ok,False,1.1792,10000,5587,9240,0,0,1,3,2.3
47,fgas+2sigma,10.875,11.0,ok,False,1.0690,10000,6097,9278,0,0,1,3,2.4
47,fgas+2sigma,11.0,11.125,ok,False,0.9712,10000,6390,9303,0,0,1,3,2.3
47,fgas+2sigma,11.125,11.25,ok,False,0.8844,10000,6612,9272,0,0,1,3,2.4
47,fgas+2sigma,11.25,11.375,ok,False,0.8095,10000,7012,9535,0,0,1,3,2.4
47,fgas+2sigma,11.375,11.5,ok,False,0.7388,10000,7718,9956,0,0,1,4,2.4
47,fgas+2sigma,11.5,11.625,ok,False,0.6717,10000,8552,10000,0,0,2,5,2.5
47,fgas+2sigma,11.625,11.75,ok,False,0.6099,10000,9197,10000,0,0,3,7,2.5
47,fgas+2sigma,11.75,11.875,ok,False,0.5538,10000,9624,10000,0,0,4,9,2.5
47,fgas+2sigma,11.875,12.0,ok,False,0.5032,10000,9846,10000,0,0,5,11,2.5
47,fgas+2sigma,12.0,12.125,ok,False,0.4574,10000,9939,10000,0,0,6,15,2.6
47,fgas+2sigma,12.125,12.25,ok,False,0.4157,10000,9992,10000,0,0,8,19,2.5
47,fgas+2sigma,12.25,12.375,ok,False,0.3775,10000,9998,10000,0,0,11,25,2.6
47,fgas+2sigma,12.375,12.5,ok,False,0.3429,10000,10000,10000,0,0,15,33,2.6
47,fgas+2sigma,12.5,12.625,ok,False,0.3121,10000,10000,10000,0,0,19,44,2.6
47,fgas+2sigma,12.625,12.75,ok,True,0.2833,10000,10000,10000,0,0,26,57,2.7
47,fgas+2sigma,12.75,12.875,ok,True,0.2574,10000,10000,10000,0,0,34,75,2.7
47,fgas+2sigma,12.875,13.0,ok,True,0.2342,10000,10000,10000,0,0,45,99,2.9
47,fgas+2sigma,13.0,13.125,ok,True,0.2127,10000,10000,10000,0,0,60,131,2.9
47,fgas+2sigma,13.125,13.25,ok,True,0.1933,10000,10000,10000,0,0,79,174,3.0
47,fgas+2sigma,13.25,13.375,ok,True,0.1756,6926,6926,6926,0,0,104,231,2.6
47,fgas+2sigma,13.375,13.5,ok,True,0.1596,4235,4235,4235,0,0,138,305,2.3
47,fgas+2sigma,13.5,13.625,ok,True,0.1450,2504,2504,2504,0,0,184,407,2.0
47,fgas+2sigma,13.625,13.75,ok,True,0.1319,1520,1520,1520,0,0,242,531,1.7
47,fgas+2sigma,13.75,13.875,ok,True,0.1198,767,767,767,0,0,320,710,1.3
47,fgas+2sigma,13.875,14.0,ok,True,0.1092,381,381,381,0,0,420,926,0.9
47,fgas+2sigma,14.0,14.125,ok,True,0.0989,186,186,186,0,0,554,1215,0.6
47,fgas+2sigma,14.125,14.25,ok,True,0.0900,82,82,82,0,0,714,1595,0.4
47,fgas+2sigma,14.25,14.375,ok,True,0.0821,28,28,28,0,0,940,2076,0.2
47,fgas+2sigma,14.375,14.5,ok,True,0.0751,7,7,7,0,0,1204,2637,0.2
47,fgas+2sigma,14.5,14.625,ok,True,0.0652,2,2,2,0,0,2100,4747,0.1
47,fgas+2sigma,14.625,14.75,no_halos,False,nan,0,0,0,0,0,0,0,0.1
47,fgas+2sigma,14.75,14.875,no_halos,False,nan,0,0,0,0,0,0,0,0.1
47,fgas+2sigma,14.875,15.0,no_halos,False,nan,0,0,0,0,0,0,0,0.1
57,fgas+2sigma,10.0,10.125,ok,False,1.7199,200,79,179,44,6,0,3,0.8
57,fgas+2sigma,10.125,10.25,ok,False,1.5449,128,52,114,57,21,0,2,0.5
57,fgas+2sigma,10.25,10.375,ok,False,1.4684,1458,590,1321,1,0,0,3,1.6
57,fgas+2sigma,10.375,10.5,ok,False,1.3284,3515,1496,3180,0,0,0,3,1.9
57,fgas+2sigma,10.5,10.625,ok,False,1.1851,8041,3767,7235,0,0,0,3,2.2
57,fgas+2sigma,10.625,10.75,ok,False,1.0771,10000,5045,9031,0,0,1,3,2.4
57,fgas+2sigma,10.75,10.875,ok,False,0.9799,10000,5394,9047,0,0,1,3,2.4
57,fgas+2sigma,10.875,11.0,ok,False,0.8877,10000,5756,9084,0,0,1,3,2.4
57,fgas+2sigma,11.0,11.125,ok,False,0.8065,10000,6132,9085,0,0,1,3,2.4
57,fgas+2sigma,11.125,11.25,ok,False,0.7330,10000,6207,9052,0,0,1,3,2.5
57,fgas+2sigma,11.25,11.375,ok,False,0.6728,10000,6657,9276,0,0,1,3,2.5
57,fgas+2sigma,11.375,11.5,ok,False,0.6136,10000,7465,9916,0,0,1,4,2.5
57,fgas+2sigma,11.5,11.625,ok,False,0.5572,10000,8282,10000,0,0,2,5,2.5
57,fgas+2sigma,11.625,11.75,ok,False,0.5064,10000,8958,10000,0,0,2,6,2.5
57,fgas+2sigma,11.75,11.875,ok,False,0.4605,10000,9491,10000,0,0,3,8,2.6
57,fgas+2sigma,11.875,12.0,ok,False,0.4184,10000,9766,10000,0,0,4,10,2.6
57,fgas+2sigma,12.0,12.125,ok,False,0.3802,10000,9915,10000,0,0,6,13,2.6
57,fgas+2sigma,12.125,12.25,ok,False,0.3454,10000,9975,10000,0,0,8,18,2.6
57,fgas+2sigma,12.25,12.375,ok,False,0.3138,10000,9997,10000,0,0,10,23,2.6
57,fgas+2sigma,12.375,12.5,ok,True,0.2851,10000,10000,10000,0,0,14,30,2.7
57,fgas+2sigma,12.5,12.625,ok,True,0.2588,10000,10000,10000,0,0,18,39,2.7
57,fgas+2sigma,12.625,12.75,ok,True,0.2354,10000,10000,10000,0,0,24,52,2.7
57,fgas+2sigma,12.75,12.875,ok,True,0.2138,10000,10000,10000,0,0,32,69,2.8
57,fgas+2sigma,12.875,13.0,ok,True,0.1942,10000,10000,10000,0,0,42,91,2.9
57,fgas+2sigma,13.0,13.125,ok,True,0.1763,10000,10000,10000,0,0,56,122,3.0
57,fgas+2sigma,13.125,13.25,ok,True,0.1606,10000,10000,10000,0,0,75,162,3.1
57,fgas+2sigma,13.25,13.375,ok,True,0.1457,10000,10000,10000,0,0,98,216,3.2
57,fgas+2sigma,13.375,13.5,ok,True,0.1325,8157,8157,8157,0,0,131,287,3.1
57,fgas+2sigma,13.5,13.625,ok,True,0.1203,5422,5422,5422,0,0,174,382,2.7
57,fgas+2sigma,13.625,13.75,ok,True,0.1093,3369,3369,3369,0,0,229,501,2.3
57,fgas+2sigma,13.75,13.875,ok,True,0.0996,2130,2130,2130,0,0,302,660,2.1
57,fgas+2sigma,13.875,14.0,ok,True,0.0904,1255,1255,1255,0,0,400,882,1.8
57,fgas+2sigma,14.0,14.125,ok,True,0.0820,685,685,685,0,0,546,1210,1.4
57,fgas+2sigma,14.125,14.25,ok,True,0.0747,384,384,384,0,0,699,1541,1.0
57,fgas+2sigma,14.25,14.375,ok,True,0.0682,188,188,188,0,0,891,1983,0.6
57,fgas+2sigma,14.375,14.5,ok,True,0.0615,65,65,65,0,0,1204,2608,0.3
57,fgas+2sigma,14.5,14.625,ok,True,0.0558,33,33,33,0,0,1600,3429,0.3
57,fgas+2sigma,14.625,14.75,ok,True,0.0506,9,9,9,0,0,2189,4815,0.2
57,fgas+2sigma,14.75,14.875,ok,True,0.0463,5,5,5,0,0,2907,6403,0.2
57,fgas+2sigma,14.875,15.0,no_halos,False,nan,0,0,0,0,0,0,0,0.1
62,fgas+2sigma,10.0,10.125,ok,False,1.5491,96,33,89,66,30,0,2,0.5
62,fgas+2sigma,10.125,10.25,ok,False,1.3921,80,17,72,83,29,0,2,0.4
62,fgas+2sigma,10.25,10.375,ok,False,1.3309,947,364,850,5,0,0,2,1.5
62,fgas+2sigma,10.375,10.5,ok,False,1.2035,2319,979,2027,0,0,0,2,1.7
62,fgas+2sigma,10.5,10.625,ok,False,1.0724,5470,2449,4846,0,0,0,2,2.0
62,fgas+2sigma,10.625,10.75,ok,False,0.9751,10000,4780,8763,0,0,0,2,2.4
62,fgas+2sigma,10.75,10.875,ok,False,0.8872,10000,5143,8806,0,0,1,2,2.4
62,fgas+2sigma,10.875,11.0,ok,False,0.8027,10000,5530,8902,0,0,1,2,2.4
62,fgas+2sigma,11.0,11.125,ok,False,0.7296,10000,5769,8874,0,0,1,2,2.4
62,fgas+2sigma,11.125,11.25,ok,False,0.6633,10000,5985,8851,0,0,1,2,2.4
62,fgas+2sigma,11.25,11.375,ok,False,0.6098,10000,6279,9213,0,0,1,3,2.4
62,fgas+2sigma,11.375,11.5,ok,False,0.5559,10000,7173,9923,0,0,1,4,2.5
62,fgas+2sigma,11.5,11.625,ok,False,0.5050,10000,8176,10000,0,0,2,4,2.5
62,fgas+2sigma,11.625,11.75,ok,False,0.4591,10000,8818,10000,0,0,2,6,2.5
62,fgas+2sigma,11.75,11.875,ok,False,0.4169,10000,9392,10000,0,0,3,7,2.5
62,fgas+2sigma,11.875,12.0,ok,False,0.3790,10000,9756,10000,0,0,4,10,2.6
62,fgas+2sigma,12.0,12.125,ok,False,0.3439,10000,9906,10000,0,0,5,12,2.6
62,fgas+2sigma,12.125,12.25,ok,False,0.3124,10000,9979,10000,0,0,7,16,2.6
62,fgas+2sigma,12.25,12.375,ok,True,0.2837,10000,9996,10000,0,0,10,21,2.6
62,fgas+2sigma,12.375,12.5,ok,True,0.2583,10000,9998,10000,0,0,13,28,2.7
62,fgas+2sigma,12.5,12.625,ok,True,0.2343,10000,10000,10000,0,0,17,37,2.7
62,fgas+2sigma,12.625,12.75,ok,True,0.2130,10000,10000,10000,0,0,23,48,2.7
62,fgas+2sigma,12.75,12.875,ok,True,0.1935,10000,10000,10000,0,0,30,64,2.8
62,fgas+2sigma,12.875,13.0,ok,True,0.1761,10000,10000,10000,0,0,40,86,2.8
62,fgas+2sigma,13.0,13.125,ok,True,0.1598,10000,10000,10000,0,0,53,115,2.9
62,fgas+2sigma,13.125,13.25,ok,True,0.1453,10000,10000,10000,0,0,70,154,3.1
62,fgas+2sigma,13.25,13.375,ok,True,0.1321,10000,10000,10000,0,0,94,204,3.2
62,fgas+2sigma,13.375,13.5,ok,True,0.1199,10000,10000,10000,0,0,126,273,3.3
62,fgas+2sigma,13.5,13.625,ok,True,0.1089,7134,7134,7134,0,0,165,362,3.0
62,fgas+2sigma,13.625,13.75,ok,True,0.0990,4752,4752,4752,0,0,221,483,2.6
62,fgas+2sigma,13.75,13.875,ok,True,0.0899,3042,3042,3042,0,0,289,631,2.3
62,fgas+2sigma,13.875,14.0,ok,True,0.0818,1925,1925,1925,0,0,385,846,2.1
62,fgas+2sigma,14.0,14.125,ok,True,0.0744,1157,1157,1157,0,0,504,1105,1.8
62,fgas+2sigma,14.125,14.25,ok,True,0.0675,659,659,659,0,0,684,1518,1.4
62,fgas+2sigma,14.25,14.375,ok,True,0.0613,354,354,354,0,0,870,1910,1.0
62,fgas+2sigma,14.375,14.5,ok,True,0.0559,169,169,169,0,0,1158,2515,0.6
62,fgas+2sigma,14.5,14.625,ok,True,0.0505,62,62,62,0,0,1512,3320,0.4
62,fgas+2sigma,14.625,14.75,ok,True,0.0465,25,25,25,0,0,2056,4679,0.3
62,fgas+2sigma,14.75,14.875,ok,True,0.0419,13,13,13,0,0,2861,6194,0.2
62,fgas+2sigma,14.875,15.0,ok,False,0.0380,3,3,3,1,0,4138,8888,0.2
67,fgas+2sigma,10.0,10.125,ok,False,1.4136,52,14,40,82,54,0,1,0.4
67,fgas+2sigma,10.125,10.25,ok,False,1.2643,43,12,35,83,62,0,2,0.3
67,fgas+2sigma,10.25,10.375,ok,False,1.2035,528,177,439,12,1,0,2,1.2
67,fgas+2sigma,10.375,10.5,ok,False,1.0893,1491,594,1232,1,0,0,2,1.6
67,fgas+2sigma,10.5,10.625,ok,False,0.9701,3714,1578,3193,0,0,0,2,1.8
67,fgas+2sigma,10.625,10.75,ok,False,0.8821,7890,3514,6775,0,0,0,2,2.2
67,fgas+2sigma,10.75,10.875,ok,False,0.8023,10000,4952,8565,0,0,0,2,2.4
67,fgas+2sigma,10.875,11.0,ok,False,0.7258,10000,5252,8600,0,0,1,2,2.3
67,fgas+2sigma,11.0,11.125,ok,False,0.6595,10000,5561,8555,0,0,1,2,2.4
67,fgas+2sigma,11.125,11.25,ok,False,0.5997,10000,5719,8555,0,0,1,2,2.4
67,fgas+2sigma,11.25,11.375,ok,False,0.5506,10000,6055,9073,0,0,1,2,2.4
67,fgas+2sigma,11.375,11.5,ok,False,0.5025,10000,6975,9893,0,0,1,3,2.5
67,fgas+2sigma,11.5,11.625,ok,False,0.4566,10000,7906,9998,0,0,1,4,2.5
67,fgas+2sigma,11.625,11.75,ok,False,0.4149,10000,8659,10000,0,0,2,5,2.6
67,fgas+2sigma,11.75,11.875,ok,False,0.3770,10000,9269,10000,0,0,3,7,2.6
67,fgas+2sigma,11.875,12.0,ok,False,0.3427,10000,9666,10000,0,0,4,8,2.5
67,fgas+2sigma,12.0,12.125,ok,False,0.3110,10000,9867,10000,0,0,5,11,2.6
67,fgas+2sigma,12.125,12.25,ok,True,0.2829,10000,9968,10000,0,0,7,15,2.6
67,fgas+2sigma,12.25,12.375,ok,True,0.2571,10000,9995,10000,0,0,9,19,2.6
67,fgas+2sigma,12.375,12.5,ok,True,0.2335,10000,9997,10000,0,0,12,25,2.7
67,fgas+2sigma,12.5,12.625,ok,True,0.2120,10000,10000,10000,0,0,16,33,2.7
67,fgas+2sigma,12.625,12.75,ok,True,0.1926,10000,10000,10000,0,0,21,44,2.7
67,fgas+2sigma,12.75,12.875,ok,True,0.1751,10000,10000,10000,0,0,28,59,2.8
67,fgas+2sigma,12.875,13.0,ok,True,0.1592,10000,10000,10000,0,0,37,79,2.8
67,fgas+2sigma,13.0,13.125,ok,True,0.1445,10000,10000,10000,0,0,50,106,3.0
67,fgas+2sigma,13.125,13.25,ok,True,0.1313,10000,10000,10000,0,0,66,142,3.0
67,fgas+2sigma,13.25,13.375,ok,True,0.1193,10000,10000,10000,0,0,88,191,3.2
67,fgas+2sigma,13.375,13.5,ok,True,0.1084,10000,10000,10000,0,0,117,253,3.2
67,fgas+2sigma,13.5,13.625,ok,True,0.0986,8547,8547,8547,0,0,156,340,3.3
67,fgas+2sigma,13.625,13.75,ok,True,0.0895,5854,5854,5854,0,0,207,453,2.9
67,fgas+2sigma,13.75,13.875,ok,True,0.0814,4065,4065,4065,0,0,275,607,2.6
67,fgas+2sigma,13.875,14.0,ok,True,0.0738,2591,2591,2591,0,0,370,811,2.3
67,fgas+2sigma,14.0,14.125,ok,True,0.0671,1644,1644,1644,0,0,488,1064,2.1
67,fgas+2sigma,14.125,14.25,ok,True,0.0611,985,985,985,0,0,648,1420,1.7
67,fgas+2sigma,14.25,14.375,ok,True,0.0553,567,567,567,0,0,864,1900,1.3
67,fgas+2sigma,14.375,14.5,ok,True,0.0508,306,306,306,0,0,1081,2396,0.9
67,fgas+2sigma,14.5,14.625,ok,True,0.0458,158,158,158,0,0,1477,3273,0.6
67,fgas+2sigma,14.625,14.75,ok,True,0.0417,72,72,72,0,0,1984,4340,0.4
67,fgas+2sigma,14.75,14.875,ok,True,0.0376,20,20,20,0,0,2696,5869,0.2
67,fgas+2sigma,14.875,15.0,ok,True,0.0351,11,11,11,0,0,3151,6864,0.2
69,fgas+2sigma,10.0,10.125,ok,False,1.3493,47,12,44,87,45,0,3,0.4
69,fgas+2sigma,10.125,10.25,ok,False,1.2151,30,15,26,82,59,0,2,0.3
69,fgas+2sigma,10.25,10.375,ok,False,1.1570,511,173,434,18,2,0,2,1.1
69,fgas+2sigma,10.375,10.5,ok,False,1.0460,1260,489,1055,2,0,0,2,1.5
69,fgas+2sigma,10.5,10.625,ok,False,0.9312,2949,1248,2456,2,0,0,2,1.7
69,fgas+2sigma,10.625,10.75,ok,False,0.8468,6736,2924,5646,0,0,0,2,2.0
69,fgas+2sigma,10.75,10.875,ok,False,0.7709,10000,4753,8349,0,0,0,2,2.3
69,fgas+2sigma,10.875,11.0,ok,False,0.6977,10000,5122,8467,0,0,1,2,2.3
69,fgas+2sigma,11.0,11.125,ok,False,0.6347,10000,5307,8457,0,0,1,2,2.3
69,fgas+2sigma,11.125,11.25,ok,False,0.5765,10000,5541,8459,0,0,1,2,2.4
69,fgas+2sigma,11.25,11.375,ok,False,0.5298,10000,5739,8953,0,0,1,2,2.4
69,fgas+2sigma,11.375,11.5,ok,False,0.4828,10000,6731,9883,0,0,1,3,2.4
69,fgas+2sigma,11.5,11.625,ok,False,0.4387,10000,7731,9999,0,0,1,4,2.4
69,fgas+2sigma,11.625,11.75,ok,False,0.3991,10000,8530,10000,0,0,2,5,2.5
69,fgas+2sigma,11.75,11.875,ok,False,0.3624,10000,9223,10000,0,0,3,6,2.5
69,fgas+2sigma,11.875,12.0,ok,False,0.3295,10000,9636,10000,0,0,3,8,2.6
69,fgas+2sigma,12.0,12.125,ok,True,0.2988,10000,9872,10000,0,0,5,11,2.5
69,fgas+2sigma,12.125,12.25,ok,True,0.2715,10000,9966,10000,0,0,6,14,2.6
69,fgas+2sigma,12.25,12.375,ok,True,0.2469,10000,9994,10000,0,0,9,18,2.6
69,fgas+2sigma,12.375,12.5,ok,True,0.2242,10000,10000,10000,0,0,11,24,2.7
69,fgas+2sigma,12.5,12.625,ok,True,0.2038,10000,10000,10000,0,0,15,31,2.6
69,fgas+2sigma,12.625,12.75,ok,True,0.1851,10000,10000,10000,0,0,20,42,2.6
69,fgas+2sigma,12.75,12.875,ok,True,0.1681,10000,10000,10000,0,0,27,56,2.7
69,fgas+2sigma,12.875,13.0,ok,True,0.1527,10000,10000,10000,0,0,36,76,2.9
69,fgas+2sigma,13.0,13.125,ok,True,0.1390,10000,10000,10000,0,0,48,102,2.9
69,fgas+2sigma,13.125,13.25,ok,True,0.1261,10000,10000,10000,0,0,64,137,3.0
69,fgas+2sigma,13.25,13.375,ok,True,0.1146,10000,10000,10000,0,0,85,183,3.1
69,fgas+2sigma,13.375,13.5,ok,True,0.1042,10000,10000,10000,0,0,113,245,3.2
69,fgas+2sigma,13.5,13.625,ok,True,0.0947,9015,9015,9015,0,0,151,328,3.3
69,fgas+2sigma,13.625,13.75,ok,True,0.0860,6147,6147,6147,0,0,203,443,2.9
69,fgas+2sigma,13.75,13.875,ok,True,0.0781,4387,4387,4387,0,0,268,587,2.6
69,fgas+2sigma,13.875,14.0,ok,True,0.0711,2876,2876,2876,0,0,357,785,2.3
69,fgas+2sigma,14.0,14.125,ok,True,0.0646,1840,1840,1840,0,0,471,1042,2.1
69,fgas+2sigma,14.125,14.25,ok,True,0.0585,1126,1126,1126,0,0,635,1389,1.9
69,fgas+2sigma,14.25,14.375,ok,True,0.0533,632,632,632,0,0,836,1844,1.4
69,fgas+2sigma,14.375,14.5,ok,True,0.0488,385,385,385,0,0,1104,2451,1.0
69,fgas+2sigma,14.5,14.625,ok,True,0.0442,173,173,173,0,0,1404,3036,0.6
69,fgas+2sigma,14.625,14.75,ok,True,0.0398,93,93,93,0,0,1963,4336,0.5
69,fgas+2sigma,14.75,14.875,ok,True,0.0367,31,31,31,0,0,2593,5649,0.3
69,fgas+2sigma,14.875,15.0,ok,True,0.0337,13,13,13,0,0,3002,6622,0.2
71,fgas+2sigma,10.0,10.125,ok,False,1.2915,24,7,18,93,75,0,2,0.2
71,fgas+2sigma,10.125,10.25,ok,False,1.1787,27,12,19,86,67,0,2,0.3
71,fgas+2sigma,10.25,10.375,ok,False,1.1138,414,143,349,18,3,0,2,1.0
71,fgas+2sigma,10.375,10.5,ok,False,1.0067,1106,416,922,2,0,0,2,1.4
71,fgas+2sigma,10.5,10.625,ok,False,0.8966,2469,954,1990,4,0,0,2,1.6
71,fgas+2sigma,10.625,10.75,ok,False,0.8170,5560,2420,4495,0,0,0,2,1.9
71,fgas+2sigma,10.75,10.875,ok,False,0.7421,10000,4577,8159,0,0,0,2,2.3
71,fgas+2sigma,10.875,11.0,ok,False,0.6707,10000,4959,8231,0,0,0,2,2.3
71,fgas+2sigma,11.0,11.125,ok,False,0.6101,10000,5184,8181,0,0,1,2,2.3
71,fgas+2sigma,11.125,11.25,ok,False,0.5549,10000,5280,8319,0,0,1,2,2.3
71,fgas+2sigma,11.25,11.375,ok,False,0.5101,10000,5607,8836,0,0,1,2,2.4
71,fgas+2sigma,11.375,11.5,ok,False,0.4648,10000,6567,9887,0,0,1,3,2.4
71,fgas+2sigma,11.5,11.625,ok,False,0.4221,10000,7550,10000,0,0,1,4,2.4
71,fgas+2sigma,11.625,11.75,ok,False,0.3837,10000,8448,10000,0,0,2,5,2.4
71,fgas+2sigma,11.75,11.875,ok,False,0.3485,10000,9138,10000,0,0,3,6,2.5
71,fgas+2sigma,11.875,12.0,ok,False,0.3168,10000,9576,10000,0,0,3,8,2.5
71,fgas+2sigma,12.0,12.125,ok,True,0.2874,10000,9843,10000,0,0,5,10,2.5
71,fgas+2sigma,12.125,12.25,ok,True,0.2612,10000,9962,10000,0,0,6,13,2.6
71,fgas+2sigma,12.25,12.375,ok,True,0.2375,10000,9993,10000,0,0,8,17,2.5
71,fgas+2sigma,12.375,12.5,ok,True,0.2159,10000,9998,10000,0,0,11,22,2.5
71,fgas+2sigma,12.5,12.625,ok,True,0.1961,10000,10000,10000,0,0,15,30,2.6
71,fgas+2sigma,12.625,12.75,ok,True,0.1781,10000,10000,10000,0,0,19,39,2.5
71,fgas+2sigma,12.75,12.875,ok,True,0.1618,10000,10000,10000,0,0,26,53,2.7
71,fgas+2sigma,12.875,13.0,ok,True,0.1471,10000,10000,10000,0,0,35,72,2.7
71,fgas+2sigma,13.0,13.125,ok,True,0.1336,10000,10000,10000,0,0,46,98,2.8
71,fgas+2sigma,13.125,13.25,ok,True,0.1214,10000,10000,10000,0,0,62,131,3.0
71,fgas+2sigma,13.25,13.375,ok,True,0.1103,10000,10000,10000,0,0,82,176,3.0
71,fgas+2sigma,13.375,13.5,ok,True,0.1002,10000,10000,10000,0,0,110,237,3.2
71,fgas+2sigma,13.5,13.625,ok,True,0.0911,9133,9133,9133,0,0,146,316,3.1
71,fgas+2sigma,13.625,13.75,ok,True,0.0828,6412,6412,6412,0,0,194,425,2.8
71,fgas+2sigma,13.75,13.875,ok,True,0.0753,4615,4615,4615,0,0,261,569,2.6
71,fgas+2sigma,13.875,14.0,ok,True,0.0685,3038,3038,3038,0,0,344,752,2.3
71,fgas+2sigma,14.0,14.125,ok,True,0.0622,2040,2040,2040,0,0,456,1004,2.1
71,fgas+2sigma,14.125,14.25,ok,True,0.0566,1200,1200,1200,0,0,605,1340,1.8
71,fgas+2sigma,14.25,14.375,ok,True,0.0513,714,714,714,0,0,818,1815,1.4
71,fgas+2sigma,14.375,14.5,ok,True,0.0468,440,440,440,0,0,1071,2366,1.1
71,fgas+2sigma,14.5,14.625,ok,True,0.0425,208,208,208,0,0,1382,3026,0.7
71,fgas+2sigma,14.625,14.75,ok,True,0.0386,103,103,103,0,0,1819,3970,0.5
71,fgas+2sigma,14.75,14.875,ok,True,0.0351,48,48,48,0,0,2554,5745,0.3
71,fgas+2sigma,14.875,15.0,ok,True,0.0319,15,15,15,0,0,3137,7038,0.2
73,fgas+2sigma,10.0,10.125,ok,False,1.2556,24,5,20,94,70,0,2,0.3
73,fgas+2sigma,10.125,10.25,ok,False,1.1252,27,7,22,91,67,0,2,0.2
73,fgas+2sigma,10.25,10.375,ok,False,1.0714,330,124,258,30,10,0,2,0.9
73,fgas+2sigma,10.375,10.5,ok,False,0.9694,834,283,676,8,0,0,2,1.5
73,fgas+2sigma,10.5,10.625,ok,False,0.8647,2063,781,1630,3,0,0,1,1.6
73,fgas+2sigma,10.625,10.75,ok,False,0.7859,4477,1856,3537,0,0,0,2,1.8
73,fgas+2sigma,10.75,10.875,ok,False,0.7147,10000,4447,7972,0,0,0,2,2.2
73,fgas+2sigma,10.875,11.0,ok,False,0.6470,10000,4702,7954,0,0,0,2,2.3
73,fgas+2sigma,11.0,11.125,ok,False,0.5874,10000,4852,8047,0,0,0,2,2.3
73,fgas+2sigma,11.125,11.25,ok,False,0.5337,10000,5025,7955,0,0,1,2,2.2
73,fgas+2sigma,11.25,11.375,ok,False,0.4915,10000,5354,8738,0,0,1,2,2.3
73,fgas+2sigma,11.375,11.5,ok,False,0.4483,10000,6390,9887,0,0,1,3,2.3
73,fgas+2sigma,11.5,11.625,ok,False,0.4066,10000,7415,10000,0,0,1,3,2.3
73,fgas+2sigma,11.625,11.75,ok,False,0.3696,10000,8209,10000,0,0,2,4,2.4
73,fgas+2sigma,11.75,11.875,ok,False,0.3359,10000,9009,10000,0,0,2,6,2.4
73,fgas+2sigma,11.875,12.0,ok,False,0.3052,10000,9525,10000,0,0,3,7,2.4
73,fgas+2sigma,12.0,12.125,ok,True,0.2771,10000,9799,10000,0,0,4,9,2.5
73,fgas+2sigma,12.125,12.25,ok,True,0.2519,10000,9926,10000,0,0,6,12,2.5
73,fgas+2sigma,12.25,12.375,ok,True,0.2289,10000,9992,10000,0,0,8,16,2.5
73,fgas+2sigma,12.375,12.5,ok,True,0.2081,10000,9997,10000,0,0,10,21,2.5
73,fgas+2sigma,12.5,12.625,ok,True,0.1890,10000,10000,10000,0,0,14,28,2.6
73,fgas+2sigma,12.625,12.75,ok,True,0.1715,10000,10000,10000,0,0,19,37,2.6
73,fgas+2sigma,12.75,12.875,ok,True,0.1560,10000,10000,10000,0,0,25,50,2.7
73,fgas+2sigma,12.875,13.0,ok,True,0.1416,10000,10000,10000,0,0,33,68,2.8
73,fgas+2sigma,13.0,13.125,ok,True,0.1288,10000,10000,10000,0,0,44,93,2.7
73,fgas+2sigma,13.125,13.25,ok,True,0.1169,10000,10000,10000,0,0,59,125,2.9
73,fgas+2sigma,13.25,13.375,ok,True,0.1064,10000,10000,10000,0,0,79,169,3.0
73,fgas+2sigma,13.375,13.5,ok,True,0.0966,10000,10000,10000,0,0,106,227,3.2
73,fgas+2sigma,13.5,13.625,ok,True,0.0878,9364,9364,9364,0,0,141,305,3.3
73,fgas+2sigma,13.625,13.75,ok,True,0.0798,6539,6539,6539,0,0,188,407,2.8
73,fgas+2sigma,13.75,13.875,ok,True,0.0724,4649,4649,4649,0,0,250,545,2.6
73,fgas+2sigma,13.875,14.0,ok,True,0.0658,3154,3154,3154,0,0,336,738,2.4
73,fgas+2sigma,14.0,14.125,ok,True,0.0599,2189,2189,2189,0,0,448,982,2.1
73,fgas+2sigma,14.125,14.25,ok,True,0.0545,1342,1342,1342,0,0,588,1298,1.9
73,fgas+2sigma,14.25,14.375,ok,True,0.0495,829,829,829,0,0,782,1728,1.6
73,fgas+2sigma,14.375,14.5,ok,True,0.0450,489,489,489,0,0,1058,2337,1.2
73,fgas+2sigma,14.5,14.625,ok,True,0.0410,257,257,257,0,0,1340,2980,0.9
73,fgas+2sigma,14.625,14.75,ok,True,0.0369,116,116,116,0,0,1800,3994,0.6
73,fgas+2sigma,14.75,14.875,ok,True,0.0338,60,60,60,0,0,2474,5549,0.4
73,fgas+2sigma,14.875,15.0,ok,True,0.0306,21,21,21,0,0,3210,6933,0.2
75,fgas+2sigma,10.0,10.125,ok,False,1.2015,23,5,19,95,80,0,2,0.2
75,fgas+2sigma,10.125,10.25,ok,False,1.0825,27,6,20,94,70,0,2,0.2
75,fgas+2sigma,10.25,10.375,ok,False,1.0350,286,96,213,35,9,0,1,0.8
75,fgas+2sigma,10.375,10.5,ok,False,0.9356,706,217,537,8,5,0,1,1.3
75,fgas+2sigma,10.5,10.625,ok,False,0.8352,1674,626,1291,4,0,0,1,1.5
75,fgas+2sigma,10.625,10.75,ok,False,0.7587,3670,1516,2771,1,0,0,1,1.7
75,fgas+2sigma,10.75,10.875,ok,False,0.6913,9477,3967,7302,0,0,0,1,2.2
75,fgas+2sigma,10.875,11.0,ok,False,0.6249,10000,4501,7797,0,0,0,1,2.2
75,fgas+2sigma,11.0,11.125,ok,False,0.5676,10000,4651,7736,0,0,0,1,2.2
75,fgas+2sigma,11.125,11.25,ok,False,0.5162,10000,4736,7870,0,0,0,1,2.2
75,fgas+2sigma,11.25,11.375,ok,False,0.4747,10000,5237,8588,0,0,1,2,2.2
75,fgas+2sigma,11.375,11.5,ok,False,0.4324,10000,6204,9850,0,0,1,3,2.3
75,fgas+2sigma,11.5,11.625,ok,False,0.3927,10000,7171,9999,0,0,1,3,2.3
75,fgas+2sigma,11.625,11.75,ok,False,0.3572,10000,8155,10000,0,0,2,4,2.4
75,fgas+2sigma,11.75,11.875,ok,False,0.3243,10000,8856,10000,0,0,2,5,2.3
75,fgas+2sigma,11.875,12.0,ok,True,0.2949,10000,9494,10000,0,0,3,7,2.4
75,fgas+2sigma,12.0,12.125,ok,True,0.2678,10000,9786,10000,0,0,4,9,2.4
75,fgas+2sigma,12.125,12.25,ok,True,0.2432,10000,9942,10000,0,0,5,11,2.4
75,fgas+2sigma,12.25,12.375,ok,True,0.2210,10000,9987,10000,0,0,7,15,2.4
75,fgas+2sigma,12.375,12.5,ok,True,0.2010,10000,9997,10000,0,0,10,19,2.4
75,fgas+2sigma,12.5,12.625,ok,True,0.1827,10000,10000,10000,0,0,13,26,2.5
75,fgas+2sigma,12.625,12.75,ok,True,0.1657,10000,10000,10000,0,0,18,35,2.6
75,fgas+2sigma,12.75,12.875,ok,True,0.1507,10000,10000,10000,0,0,24,47,2.5
75,fgas+2sigma,12.875,13.0,ok,True,0.1369,10000,10000,10000,0,0,32,64,2.7
75,fgas+2sigma,13.0,13.125,ok,True,0.1242,10000,10000,10000,0,0,43,88,2.7
75,fgas+2sigma,13.125,13.25,ok,True,0.1128,10000,10000,10000,0,0,57,120,2.9
75,fgas+2sigma,13.25,13.375,ok,True,0.1027,10000,10000,10000,0,0,76,162,3.0
75,fgas+2sigma,13.375,13.5,ok,True,0.0933,10000,10000,10000,0,0,101,217,3.0
75,fgas+2sigma,13.5,13.625,ok,True,0.0848,9186,9186,9186,0,0,136,293,3.1
75,fgas+2sigma,13.625,13.75,ok,True,0.0770,6503,6503,6503,0,0,180,391,2.8
75,fgas+2sigma,13.75,13.875,ok,True,0.0699,4767,4767,4767,0,0,243,526,2.5
75,fgas+2sigma,13.875,14.0,ok,True,0.0636,3205,3205,3205,0,0,323,704,2.2
75,fgas+2sigma,14.0,14.125,ok,True,0.0578,2262,2262,2262,0,0,429,938,2.1
75,fgas+2sigma,14.125,14.25,ok,True,0.0525,1409,1409,1409,0,0,569,1246,1.8
75,fgas+2sigma,14.25,14.375,ok,True,0.0478,905,905,905,0,0,768,1694,1.6
75,fgas+2sigma,14.375,14.5,ok,True,0.0433,515,515,515,0,0,1016,2246,1.2
75,fgas+2sigma,14.5,14.625,ok,True,0.0396,305,305,305,0,0,1331,2933,0.9
75,fgas+2sigma,14.625,14.75,ok,True,0.0358,119,119,119,0,0,1772,3938,0.5
75,fgas+2sigma,14.75,14.875,ok,True,0.0329,60,60,60,0,0,2366,5198,0.4
75,fgas+2sigma,14.875,15.0,ok,True,0.0297,22,22,22,0,0,3232,7300,0.2
77,fgas+2sigma,10.0,10.125,ok,False,1.1762,147,31,110,67,27,0,1,0.7
77,fgas+2sigma,10.125,10.25,ok,False,1.0540,544,139,412,36,4,0,1,1.2
77,fgas+2sigma,10.25,10.375,ok,False,1.0020,4170,1227,3183,1,0,0,1,2.1
77,fgas+2sigma,10.375,10.5,ok,False,0.9049,10000,3303,7658,1,0,0,1,2.6
77,fgas+2sigma,10.5,10.625,ok,False,0.8107,10000,3591,7721,0,0,0,1,2.4
77,fgas+2sigma,10.625,10.75,ok,False,0.7377,10000,3835,7693,0,0,0,1,2.4
77,fgas+2sigma,10.75,10.875,ok,False,0.6699,10000,4064,7751,0,0,0,1,2.5
77,fgas+2sigma,10.875,11.0,ok,False,0.6072,10000,4554,7996,0,0,0,2,2.8
77,fgas+2sigma,11.0,11.125,ok,False,0.5506,10000,4821,8054,0,0,0,2,2.6
77,fgas+2sigma,11.125,11.25,ok,False,0.5016,10000,4964,8095,0,0,0,2,2.7
77,fgas+2sigma,11.25,11.375,ok,False,0.4605,10000,5510,8811,0,0,1,2,2.5
77,fgas+2sigma,11.375,11.5,ok,False,0.4192,10000,6301,9883,0,0,1,3,2.8
77,fgas+2sigma,11.5,11.625,ok,False,0.3809,10000,7335,9996,0,0,1,3,2.7
77,fgas+2sigma,11.625,11.75,ok,False,0.3459,10000,8246,10000,0,0,2,4,2.9
77,fgas+2sigma,11.75,11.875,ok,False,0.3142,10000,8934,10000,0,0,2,5,2.8
77,fgas+2sigma,11.875,12.0,ok,True,0.2854,10000,9456,10000,0,0,3,7,3.1
77,fgas+2sigma,12.0,12.125,ok,True,0.2594,10000,9766,10000,0,0,4,9,2.9
77,fgas+2sigma,12.125,12.25,ok,True,0.2356,10000,9929,10000,0,0,6,11,2.9
77,fgas+2sigma,12.25,12.375,ok,True,0.2142,10000,9982,10000,0,0,7,14,2.8
77,fgas+2sigma,12.375,12.5,ok,True,0.1946,10000,9996,10000,0,0,10,19,2.8
77,fgas+2sigma,12.5,12.625,ok,True,0.1767,10000,10000,10000,0,0,13,25,3.0
77,fgas+2sigma,12.625,12.75,ok,True,0.1604,10000,10000,10000,0,0,18,34,2.9
77,fgas+2sigma,12.75,12.875,ok,True,0.1459,10000,10000,10000,0,0,23,46,3.0
77,fgas+2sigma,12.875,13.0,ok,True,0.1325,10000,10000,10000,0,0,31,63,3.1
77,fgas+2sigma,13.0,13.125,ok,True,0.1203,10000,10000,10000,0,0,42,86,3.2
77,fgas+2sigma,13.125,13.25,ok,True,0.1093,10000,10000,10000,0,0,56,116,3.2
77,fgas+2sigma,13.25,13.375,ok,True,0.0994,10000,10000,10000,0,0,75,157,3.3
77,fgas+2sigma,13.375,13.5,ok,True,0.0904,10000,10000,10000,0,0,100,213,3.4
77,fgas+2sigma,13.5,13.625,ok,True,0.0821,10000,10000,10000,0,0,132,284,3.6
77,fgas+2sigma,13.625,13.75,ok,True,0.0746,9593,9593,9593,0,0,177,381,3.8
77,fgas+2sigma,13.75,13.875,ok,True,0.0677,7053,7053,7053,0,0,236,513,3.4
77,fgas+2sigma,13.875,14.0,ok,True,0.0616,4938,4938,4938,0,0,316,691,3.0
77,fgas+2sigma,14.0,14.125,ok,True,0.0560,3695,3695,3695,0,0,425,931,2.9
77,fgas+2sigma,14.125,14.25,ok,True,0.0508,2408,2408,2408,0,0,560,1221,2.6
77,fgas+2sigma,14.25,14.375,ok,True,0.0463,1587,1587,1587,0,0,750,1656,2.3
77,fgas+2sigma,14.375,14.5,ok,True,0.0419,1047,1047,1047,0,0,1011,2239,2.0
77,fgas+2sigma,14.5,14.625,ok,True,0.0382,647,647,647,0,0,1310,2892,1.6
77,fgas+2sigma,14.625,14.75,ok,True,0.0348,370,370,370,0,0,1736,3837,1.2
77,fgas+2sigma,14.75,14.875,ok,True,0.0315,191,191,191,0,0,2316,5192,0.8
77,fgas+2sigma,14.875,15.0,ok,True,0.0286,102,102,102,0,0,3154,7094,0.6
9,fgas-2sigma,10.0,10.125,ok,False,3.1016,259,96,246,61,2,0,3,0.2
9,fgas-2sigma,10.125,10.25,ok,False,2.8192,108,39,101,73,18,0,3,0.1
9,fgas-2sigma,10.25,10.375,ok,False,2.6591,766,309,706,14,0,0,3,0.2
9,fgas-2sigma,10.375,10.5,ok,False,2.4069,1458,648,1325,2,0,0,3,0.3
9,fgas-2sigma,10.5,10.625,ok,False,2.1416,3199,1513,2938,0,0,0,3,0.4
9,fgas-2sigma,10.625,10.75,ok,False,1.9455,6387,3324,5881,0,0,1,3,0.6
9,fgas-2sigma,10.75,10.875,ok,False,1.7736,10000,5729,9259,0,0,1,3,0.9
9,fgas-2sigma,10.875,11.0,ok,False,1.6053,10000,6048,9358,0,0,1,3,0.9
9,fgas-2sigma,11.0,11.125,ok,False,1.4615,10000,6595,9453,0,0,1,3,0.9
9,fgas-2sigma,11.125,11.25,ok,False,1.3296,10000,7074,9560,0,0,1,3,0.9
9,fgas-2sigma,11.25,11.375,ok,False,1.2130,10000,7668,9703,0,0,1,4,0.9
9,fgas-2sigma,11.375,11.5,ok,False,1.1112,10000,8310,9962,0,0,2,5,1.0
9,fgas-2sigma,11.5,11.625,ok,False,1.0104,10000,9002,10000,0,0,2,6,1.0
9,fgas-2sigma,11.625,11.75,ok,False,0.9180,10000,9557,10000,0,0,3,8,1.0
9,fgas-2sigma,11.75,11.875,ok,False,0.8349,10000,9791,10000,0,0,4,10,1.0
9,fgas-2sigma,11.875,12.0,ok,False,0.7599,10000,9938,10000,0,0,5,13,1.0
9,fgas-2sigma,12.0,12.125,ok,False,0.6899,10000,9982,10000,0,0,7,17,1.1
9,fgas-2sigma,12.125,12.25,ok,False,0.6273,5266,5265,5266,0,0,9,22,0.7
9,fgas-2sigma,12.25,12.375,ok,False,0.5702,2617,2617,2617,0,0,12,29,0.4
9,fgas-2sigma,12.375,12.5,ok,False,0.5178,1221,1221,1221,0,0,16,38,0.3
9,fgas-2sigma,12.5,12.625,ok,False,0.4713,458,458,458,0,0,22,50,0.2
9,fgas-2sigma,12.625,12.75,ok,False,0.4280,176,176,176,0,0,28,66,0.2
9,fgas-2sigma,12.75,12.875,ok,False,0.3910,71,71,71,0,0,36,87,0.1
9,fgas-2sigma,12.875,13.0,ok,False,0.3576,20,20,20,3,0,49,108,0.0
9,fgas-2sigma,13.0,13.125,ok,False,0.3196,2,2,2,33,15,84,192,0.0
9,fgas-2sigma,13.125,13.25,ok,False,0.2950,2,2,2,27,13,93,190,0.0
9,fgas-2sigma,13.25,13.375,ok,False,0.2570,2,2,2,24,7,110,260,0.0
9,fgas-2sigma,13.375,13.5,no_halos,False,nan,0,0,0,0,0,0,0,0.0
9,fgas-2sigma,13.5,13.625,no_halos,False,nan,0,0,0,0,0,0,0,0.0
9,fgas-2sigma,13.625,13.75,no_halos,False,nan,0,0,0,0,0,0,0,0.0
9,fgas-2sigma,13.75,13.875,no_halos,False,nan,0,0,0,0,0,0,0,0.0
9,fgas-2sigma,13.875,14.0,no_halos,False,nan,0,0,0,0,0,0,0,0.0
9,fgas-2sigma,14.0,14.125,no_halos,False,nan,0,0,0,0,0,0,0,0.0
9,fgas-2sigma,14.125,14.25,no_halos,False,nan,0,0,0,0,0,0,0,0.0
9,fgas-2sigma,14.25,14.375,no_halos,False,nan,0,0,0,0,0,0,0,0.0
9,fgas-2sigma,14.375,14.5,no_halos,False,nan,0,0,0,0,0,0,0,0.0
9,fgas-2sigma,14.5,14.625,no_halos,False,nan,0,0,0,0,0,0,0,0.0
9,fgas-2sigma,14.625,14.75,no_halos,False,nan,0,0,0,0,0,0,0,0.0
9,fgas-2sigma,14.75,14.875,no_halos,False,nan,0,0,0,0,0,0,0,0.0
9,fgas-2sigma,14.875,15.0,no_halos,False,nan,0,0,0,0,0,0,0,0.0
13,fgas-2sigma,10.0,10.125,ok,False,3.1174,631,220,602,28,0,0,3,0.5
13,fgas-2sigma,10.125,10.25,ok,False,2.8499,285,109,265,44,1,0,3,0.3
13,fgas-2sigma,10.25,10.375,ok,False,2.6649,1758,773,1653,2,0,0,3,0.6
13,fgas-2sigma,10.375,10.5,ok,False,2.4100,3637,1673,3428,0,0,0,3,0.7
13,fgas-2sigma,10.5,10.625,ok,False,2.1467,7653,3749,7155,0,0,0,3,1.0
13,fgas-2sigma,10.625,10.75,ok,False,1.9517,10000,5295,9330,0,0,1,3,1.2
13,fgas-2sigma,10.75,10.875,ok,False,1.7771,10000,5776,9341,0,0,1,3,1.2
13,fgas-2sigma,10.875,11.0,ok,False,1.6109,10000,6196,9374,0,0,1,3,1.2
13,fgas-2sigma,11.0,11.125,ok,False,1.4661,10000,6563,9500,0,0,1,3,1.2
13,fgas-2sigma,11.125,11.25,ok,False,1.3315,10000,7059,9597,0,0,1,3,1.2
13,fgas-2sigma,11.25,11.375,ok,False,1.2179,10000,7478,9736,0,0,1,4,1.2
13,fgas-2sigma,11.375,11.5,ok,False,1.1153,10000,8237,9960,0,0,2,5,1.3
13,fgas-2sigma,11.5,11.625,ok,False,1.0126,10000,8967,10000,0,0,2,6,1.3
13,fgas-2sigma,11.625,11.75,ok,False,0.9198,10000,9441,10000,0,0,3,8,1.3
13,fgas-2sigma,11.75,11.875,ok,False,0.8365,10000,9785,10000,0,0,4,10,1.3
13,fgas-2sigma,11.875,12.0,ok,False,0.7586,10000,9920,10000,0,0,5,13,1.4
13,fgas-2sigma,12.0,12.125,ok,False,0.6899,10000,9987,10000,0,0,7,17,1.4
13,fgas-2sigma,12.125,12.25,ok,False,0.6273,10000,10000,10000,0,0,9,22,1.4
13,fgas-2sigma,12.25,12.375,ok,False,0.5702,10000,10000,10000,0,0,12,29,1.4
13,fgas-2sigma,12.375,12.5,ok,False,0.5190,7339,7339,7339,0,0,16,38,1.2
13,fgas-2sigma,12.5,12.625,ok,False,0.4708,3973,3973,3973,0,0,22,49,0.9
13,fgas-2sigma,12.625,12.75,ok,False,0.4284,1935,1935,1935,0,0,28,65,0.7
13,fgas-2sigma,12.75,12.875,ok,False,0.3890,856,856,856,0,0,38,86,0.5
13,fgas-2sigma,12.875,13.0,ok,False,0.3529,345,345,345,0,0,50,111,0.4
13,fgas-2sigma,13.0,13.125,ok,False,0.3218,132,132,132,0,0,64,139,0.2
13,fgas-2sigma,13.125,13.25,ok,True,0.2954,57,57,57,0,0,84,193,0.1
13,fgas-2sigma,13.25,13.375,ok,True,0.2652,16,16,16,0,0,116,256,0.1
13,fgas-2sigma,13.375,13.5,ok,False,0.2448,3,3,3,13,0,149,360,0.1
13,fgas-2sigma,13.5,13.625,ok,False,0.2234,2,2,2,15,4,183,356,0.1
13,fgas-2sigma,13.625,13.75,ok,False,0.2021,1,1,1,27,10,222,494,0.0
13,fgas-2sigma,13.75,13.875,no_halos,False,nan,0,0,0,0,0,0,0,0.0
13,fgas-2sigma,13.875,14.0,no_halos,False,nan,0,0,0,0,0,0,0,0.0
13,fgas-2sigma,14.0,14.125,no_halos,False,nan,0,0,0,0,0,0,0,0.0
13,fgas-2sigma,14.125,14.25,no_halos,False,nan,0,0,0,0,0,0,0,0.0
13,fgas-2sigma,14.25,14.375,no_halos,False,nan,0,0,0,0,0,0,0,0.0
13,fgas-2sigma,14.375,14.5,no_halos,False,nan,0,0,0,0,0,0,0,0.0
13,fgas-2sigma,14.5,14.625,no_halos,False,nan,0,0,0,0,0,0,0,0.0
13,fgas-2sigma,14.625,14.75,no_halos,False,nan,0,0,0,0,0,0,0,0.0
13,fgas-2sigma,14.75,14.875,no_halos,False,nan,0,0,0,0,0,0,0,0.0
13,fgas-2sigma,14.875,15.0,no_halos,False,nan,0,0,0,0,0,0,0,0.0
17,fgas-2sigma,10.0,10.125,ok,False,3.1335,1007,400,951,11,0,0,3,0.9
17,fgas-2sigma,10.125,10.25,ok,False,2.8455,488,200,466,27,0,0,3,0.7
17,fgas-2sigma,10.25,10.375,ok,False,2.6786,2840,1189,2700,0,0,0,3,1.1
17,fgas-2sigma,10.375,10.5,ok,False,2.4228,5907,2739,5561,0,0,0,3,1.3
17,fgas-2sigma,10.5,10.625,ok,False,2.1594,10000,5005,9467,0,0,1,3,1.6
17,fgas-2sigma,10.625,10.75,ok,False,1.9643,10000,5304,9436,0,0,1,3,1.6
17,fgas-2sigma,10.75,10.875,ok,False,1.7857,10000,5751,9515,0,0,1,3,1.6
17,fgas-2sigma,10.875,11.0,ok,False,1.6195,10000,6301,9463,0,0,1,3,1.7
17,fgas-2sigma,11.0,11.125,ok,False,1.4732,10000,6631,9513,0,0,1,3,1.7
17,fgas-2sigma,11.125,11.25,ok,False,1.3373,10000,6942,9561,0,0,1,3,1.7
17,fgas-2sigma,11.25,11.375,ok,False,1.2261,10000,7393,9692,0,0,1,4,1.7
17,fgas-2sigma,11.375,11.5,ok,False,1.1194,10000,8150,9959,0,0,2,5,1.7
17,fgas-2sigma,11.5,11.625,ok,False,1.0172,10000,8821,10000,0,0,2,6,1.7
17,fgas-2sigma,11.625,11.75,ok,False,0.9236,10000,9420,10000,0,0,3,8,1.8
17,fgas-2sigma,11.75,11.875,ok,False,0.8395,10000,9727,10000,0,0,4,10,1.8
17,fgas-2sigma,11.875,12.0,ok,False,0.7624,10000,9896,10000,0,0,5,13,1.8
17,fgas-2sigma,12.0,12.125,ok,False,0.6930,10000,9982,10000,0,0,7,17,1.8
17,fgas-2sigma,12.125,12.25,ok,False,0.6299,10000,9993,10000,0,0,9,22,1.8
17,fgas-2sigma,12.25,12.375,ok,False,0.5723,10000,10000,10000,0,0,12,28,1.9
17,fgas-2sigma,12.375,12.5,ok,False,0.5202,10000,10000,10000,0,0,16,37,1.9
17,fgas-2sigma,12.5,12.625,ok,False,0.4733,10000,10000,10000,0,0,21,49,1.9
17,fgas-2sigma,12.625,12.75,ok,False,0.4300,10000,10000,10000,0,0,28,64,2.0
17,fgas-2sigma,12.75,12.875,ok,False,0.3910,5768,5768,5768,0,0,37,83,1.6
17,fgas-2sigma,12.875,13.0,ok,False,0.3551,3129,3129,3129,0,0,49,109,1.2
17,fgas-2sigma,13.0,13.125,ok,False,0.3230,1616,1616,1616,0,0,64,145,1.1
17,fgas-2sigma,13.125,13.25,ok,True,0.2939,792,792,792,0,0,84,188,0.9
17,fgas-2sigma,13.25,13.375,ok,True,0.2668,288,288,288,0,0,113,250,0.6
17,fgas-2sigma,13.375,13.5,ok,True,0.2429,147,147,147,0,0,148,340,0.4
17,fgas-2sigma,13.5,13.625,ok,True,0.2200,47,47,47,0,0,192,424,0.2
17,fgas-2sigma,13.625,13.75,ok,True,0.1996,19,19,19,0,0,268,582,0.1
17,fgas-2sigma,13.75,13.875,ok,False,0.1792,3,3,3,1,0,318,730,0.1
17,fgas-2sigma,13.875,14.0,no_halos,False,nan,0,0,0,0,0,0,0,0.1
17,fgas-2sigma,14.0,14.125,no_halos,False,nan,0,0,0,0,0,0,0,0.1
17,fgas-2sigma,14.125,14.25,no_halos,False,nan,0,0,0,0,0,0,0,0.1
17,fgas-2sigma,14.25,14.375,no_halos,False,nan,0,0,0,0,0,0,0,0.1
17,fgas-2sigma,14.375,14.5,no_halos,False,nan,0,0,0,0,0,0,0,0.1
17,fgas-2sigma,14.5,14.625,no_halos,False,nan,0,0,0,0,0,0,0,0.1
17,fgas-2sigma,14.625,14.75,no_halos,False,nan,0,0,0,0,0,0,0,0.1
17,fgas-2sigma,14.75,14.875,no_halos,False,nan,0,0,0,0,0,0,0,0.1
17,fgas-2sigma,14.875,15.0,no_halos,False,nan,0,0,0,0,0,0,0,0.1
37,fgas-2sigma,10.0,10.125,ok,False,2.4362,829,305,776,13,0,0,3,1.3
37,fgas-2sigma,10.125,10.25,ok,False,2.2095,452,173,420,33,0,0,3,0.9
37,fgas-2sigma,10.25,10.375,ok,False,2.0846,3501,1432,3305,0,0,0,3,1.7
37,fgas-2sigma,10.375,10.5,ok,False,1.8854,7847,3540,7339,0,0,0,3,2.1
37,fgas-2sigma,10.5,10.625,ok,False,1.6797,10000,4945,9374,0,0,0,3,2.2
37,fgas-2sigma,10.625,10.75,ok,False,1.5293,10000,5334,9336,0,0,1,3,2.3
37,fgas-2sigma,10.75,10.875,ok,False,1.3911,10000,5782,9339,0,0,1,3,2.3
37,fgas-2sigma,10.875,11.0,ok,False,1.2597,10000,6145,9356,0,0,1,3,2.3
37,fgas-2sigma,11.0,11.125,ok,False,1.1445,10000,6530,9368,0,0,1,3,2.3
37,fgas-2sigma,11.125,11.25,ok,False,1.0423,10000,6847,9412,0,0,1,3,2.3
37,fgas-2sigma,11.25,11.375,ok,False,0.9542,10000,7142,9550,0,0,1,3,2.3
37,fgas-2sigma,11.375,11.5,ok,False,0.8701,10000,7912,9955,0,0,2,5,2.4
37,fgas-2sigma,11.5,11.625,ok,False,0.7905,10000,8699,10000,0,0,2,6,2.4
37,fgas-2sigma,11.625,11.75,ok,False,0.7184,10000,9269,10000,0,0,3,7,2.4
37,fgas-2sigma,11.75,11.875,ok,False,0.6534,10000,9642,10000,0,0,4,9,2.5
37,fgas-2sigma,11.875,12.0,ok,False,0.5926,10000,9872,10000,0,0,5,12,2.5
37,fgas-2sigma,12.0,12.125,ok,False,0.5396,10000,9958,10000,0,0,6,16,2.5
37,fgas-2sigma,12.125,12.25,ok,False,0.4898,10000,9994,10000,0,0,9,21,2.5
37,fgas-2sigma,12.25,12.375,ok,False,0.4450,10000,10000,10000,0,0,12,27,2.5
37,fgas-2sigma,12.375,12.5,ok,False,0.4049,10000,10000,10000,0,0,15,35,2.6
37,fgas-2sigma,12.5,12.625,ok,False,0.3671,10000,10000,10000,0,0,20,45,2.6
37,fgas-2sigma,12.625,12.75,ok,False,0.3342,10000,10000,10000,0,0,27,59,2.7
37,fgas-2sigma,12.75,12.875,ok,False,0.3035,10000,10000,10000,0,0,36,78,2.7
37,fgas-2sigma,12.875,13.0,ok,True,0.2762,10000,10000,10000,0,0,47,103,2.8
37,fgas-2sigma,13.0,13.125,ok,True,0.2509,8947,8947,8947,0,0,62,135,2.8
37,fgas-2sigma,13.125,13.25,ok,True,0.2280,5506,5506,5506,0,0,81,180,2.3
37,fgas-2sigma,13.25,13.375,ok,True,0.2075,3050,3050,3050,0,0,107,236,1.9
37,fgas-2sigma,13.375,13.5,ok,True,0.1883,1798,1798,1798,0,0,144,313,1.7
37,fgas-2sigma,13.5,13.625,ok,True,0.1713,910,910,910,0,0,189,416,1.3
37,fgas-2sigma,13.625,13.75,ok,True,0.1555,425,425,425,0,0,249,547,0.9
37,fgas-2sigma,13.75,13.875,ok,True,0.1417,203,203,203,0,0,330,739,0.6
37,fgas-2sigma,13.875,14.0,ok,True,0.1282,84,84,84,0,0,442,960,0.3
37,fgas-2sigma,14.0,14.125,ok,True,0.1184,32,32,32,0,0,564,1218,0.2
37,fgas-2sigma,14.125,14.25,ok,True,0.1052,9,9,9,0,0,642,1477,0.2
37,fgas-2sigma,14.25,14.375,ok,False,0.0962,2,2,2,1,0,922,1932,0.1
37,fgas-2sigma,14.375,14.5,no_halos,False,nan,0,0,0,0,0,0,0,0.1
37,fgas-2sigma,14.5,14.625,no_halos,False,nan,0,0,0,0,0,0,0,0.1
37,fgas-2sigma,14.625,14.75,no_halos,False,nan,0,0,0,0,0,0,0,0.1
37,fgas-2sigma,14.75,14.875,no_halos,False,nan,0,0,0,0,0,0,0,0.1
37,fgas-2sigma,14.875,15.0,no_halos,False,nan,0,0,0,0,0,0,0,0.1
47,fgas-2sigma,10.0,10.125,ok,False,2.0661,465,175,422,22,0,0,3,1.1
47,fgas-2sigma,10.125,10.25,ok,False,1.8648,267,97,238,41,3,0,2,0.7
47,fgas-2sigma,10.25,10.375,ok,False,1.7687,2498,1009,2314,0,0,0,3,1.7
47,fgas-2sigma,10.375,10.5,ok,False,1.6013,5987,2688,5565,0,0,0,3,2.1
47,fgas-2sigma,10.5,10.625,ok,False,1.4253,10000,4797,9263,0,0,0,3,2.4
47,fgas-2sigma,10.625,10.75,ok,False,1.2956,10000,5223,9289,0,0,1,3,2.4
47,fgas-2sigma,10.75,10.875,ok,False,1.1803,10000,5626,9250,0,0,1,3,2.4
47,fgas-2sigma,10.875,11.0,ok,False,1.0690,10000,6018,9258,0,0,1,3,2.5
47,fgas-2sigma,11.0,11.125,ok,False,0.9728,10000,6288,9264,0,0,1,3,2.5
47,fgas-2sigma,11.125,11.25,ok,False,0.8830,10000,6663,9301,0,0,1,3,2.5
47,fgas-2sigma,11.25,11.375,ok,False,0.8095,10000,6961,9463,0,0,1,3,2.5
47,fgas-2sigma,11.375,11.5,ok,False,0.7388,10000,7748,9953,0,0,1,4,2.5
47,fgas-2sigma,11.5,11.625,ok,False,0.6709,10000,8559,10000,0,0,2,5,2.6
47,fgas-2sigma,11.625,11.75,ok,False,0.6099,10000,9173,10000,0,0,3,7,2.5
47,fgas-2sigma,11.75,11.875,ok,False,0.5538,10000,9590,10000,0,0,3,9,2.5
47,fgas-2sigma,11.875,12.0,ok,False,0.5040,10000,9840,10000,0,0,5,11,2.5
47,fgas-2sigma,12.0,12.125,ok,False,0.4574,10000,9955,10000,0,0,6,15,2.6
47,fgas-2sigma,12.125,12.25,ok,False,0.4157,10000,9984,10000,0,0,8,19,2.6
47,fgas-2sigma,12.25,12.375,ok,False,0.3775,10000,10000,10000,0,0,11,25,2.6
47,fgas-2sigma,12.375,12.5,ok,False,0.3433,10000,10000,10000,0,0,15,32,2.7
47,fgas-2sigma,12.5,12.625,ok,False,0.3118,10000,9999,10000,0,0,19,42,2.7
47,fgas-2sigma,12.625,12.75,ok,True,0.2833,10000,10000,10000,0,0,26,56,2.7
47,fgas-2sigma,12.75,12.875,ok,True,0.2574,10000,10000,10000,0,0,34,74,2.7
47,fgas-2sigma,12.875,13.0,ok,True,0.2342,10000,10000,10000,0,0,45,96,2.8
47,fgas-2sigma,13.0,13.125,ok,True,0.2127,10000,10000,10000,0,0,59,128,3.0
47,fgas-2sigma,13.125,13.25,ok,True,0.1933,10000,10000,10000,0,0,79,170,3.1
47,fgas-2sigma,13.25,13.375,ok,True,0.1756,6783,6783,6783,0,0,104,225,2.7
47,fgas-2sigma,13.375,13.5,ok,True,0.1598,4144,4144,4144,0,0,138,299,2.3
47,fgas-2sigma,13.5,13.625,ok,True,0.1449,2457,2457,2457,0,0,183,400,2.0
47,fgas-2sigma,13.625,13.75,ok,True,0.1319,1486,1486,1486,0,0,242,530,1.7
47,fgas-2sigma,13.75,13.875,ok,True,0.1200,732,732,732,0,0,321,704,1.3
47,fgas-2sigma,13.875,14.0,ok,True,0.1089,389,389,389,0,0,421,925,0.9
47,fgas-2sigma,14.0,14.125,ok,True,0.0986,189,189,189,0,0,555,1228,0.6
47,fgas-2sigma,14.125,14.25,ok,True,0.0899,78,78,78,0,0,707,1545,0.4
47,fgas-2sigma,14.25,14.375,ok,True,0.0824,32,32,32,0,0,922,2041,0.2
47,fgas-2sigma,14.375,14.5,ok,True,0.0731,9,9,9,0,0,1204,2588,0.2
47,fgas-2sigma,14.5,14.625,ok,False,0.0638,1,1,1,4,0,2038,4638,0.1
47,fgas-2sigma,14.625,14.75,no_halos,False,nan,0,0,0,0,0,0,0,0.1
47,fgas-2sigma,14.75,14.875,no_halos,False,nan,0,0,0,0,0,0,0,0.1
47,fgas-2sigma,14.875,15.0,no_halos,False,nan,0,0,0,0,0,0,0,0.1
57,fgas-2sigma,10.0,10.125,ok,False,1.7230,204,75,184,48,5,0,3,0.8
57,fgas-2sigma,10.125,10.25,ok,False,1.5436,123,50,114,60,17,0,2,0.6
57,fgas-2sigma,10.25,10.375,ok,False,1.4684,1460,584,1318,1,0,0,3,1.7
57,fgas-2sigma,10.375,10.5,ok,False,1.3284,3413,1458,3085,0,0,0,3,2.0
57,fgas-2sigma,10.5,10.625,ok,False,1.1851,7908,3691,7123,0,0,0,3,2.4
57,fgas-2sigma,10.625,10.75,ok,False,1.0784,10000,5062,8960,0,0,1,3,2.5
57,fgas-2sigma,10.75,10.875,ok,False,0.9799,10000,5416,9021,0,0,1,3,2.5
57,fgas-2sigma,10.875,11.0,ok,False,0.8877,10000,5682,9063,0,0,1,3,2.5
57,fgas-2sigma,11.0,11.125,ok,False,0.8065,10000,6119,9052,0,0,1,3,2.5
57,fgas-2sigma,11.125,11.25,ok,False,0.7330,10000,6304,8992,0,0,1,3,2.6
57,fgas-2sigma,11.25,11.375,ok,False,0.6728,10000,6604,9369,0,0,1,3,2.6
57,fgas-2sigma,11.375,11.5,ok,False,0.6136,10000,7437,9939,0,0,1,4,2.6
57,fgas-2sigma,11.5,11.625,ok,False,0.5579,10000,8254,10000,0,0,2,5,2.6
57,fgas-2sigma,11.625,11.75,ok,False,0.5070,10000,8996,10000,0,0,2,6,2.7
57,fgas-2sigma,11.75,11.875,ok,False,0.4605,10000,9489,10000,0,0,3,8,2.7
57,fgas-2sigma,11.875,12.0,ok,False,0.4184,10000,9806,10000,0,0,4,11,2.7
57,fgas-2sigma,12.0,12.125,ok,False,0.3796,10000,9924,10000,0,0,6,13,2.7
57,fgas-2sigma,12.125,12.25,ok,False,0.3449,10000,9982,10000,0,0,8,17,2.8
57,fgas-2sigma,12.25,12.375,ok,False,0.3138,10000,9997,10000,0,0,10,22,2.7
57,fgas-2sigma,12.375,12.5,ok,True,0.2854,10000,9999,10000,0,0,14,29,2.8
57,fgas-2sigma,12.5,12.625,ok,True,0.2588,10000,10000,10000,0,0,18,38,2.8
57,fgas-2sigma,12.625,12.75,ok,True,0.2354,10000,10000,10000,0,0,24,50,3.0
57,fgas-2sigma,12.75,12.875,ok,True,0.2138,10000,10000,10000,0,0,32,66,2.9
57,fgas-2sigma,12.875,13.0,ok,True,0.1942,10000,10000,10000,0,0,42,88,3.0
57,fgas-2sigma,13.0,13.125,ok,True,0.1763,10000,10000,10000,0,0,56,117,3.1
57,fgas-2sigma,13.125,13.25,ok,True,0.1606,10000,10000,10000,0,0,74,156,3.2
57,fgas-2sigma,13.25,13.375,ok,True,0.1457,10000,10000,10000,0,0,98,210,3.4
57,fgas-2sigma,13.375,13.5,ok,True,0.1327,7875,7875,7875,0,0,131,279,3.1
57,fgas-2sigma,13.5,13.625,ok,True,0.1203,5170,5170,5170,0,0,173,372,2.8
57,fgas-2sigma,13.625,13.75,ok,True,0.1093,3314,3314,3314,0,0,228,495,2.4
57,fgas-2sigma,13.75,13.875,ok,True,0.0996,2075,2075,2075,0,0,302,652,2.1
57,fgas-2sigma,13.875,14.0,ok,True,0.0904,1223,1223,1223,0,0,396,860,1.9
57,fgas-2sigma,14.0,14.125,ok,True,0.0822,696,696,696,0,0,538,1175,1.5
57,fgas-2sigma,14.125,14.25,ok,True,0.0747,385,385,385,0,0,699,1531,1.1
57,fgas-2sigma,14.25,14.375,ok,True,0.0679,184,184,184,0,0,930,2045,0.7
57,fgas-2sigma,14.375,14.5,ok,True,0.0613,76,76,76,0,0,1228,2694,0.4
57,fgas-2sigma,14.5,14.625,ok,True,0.0558,33,33,33,0,0,1583,3480,0.3
57,fgas-2sigma,14.625,14.75,ok,True,0.0506,10,10,10,0,0,2145,4728,0.2
57,fgas-2sigma,14.75,14.875,ok,True,0.0455,5,5,5,0,0,3037,6897,0.2
57,fgas-2sigma,14.875,15.0,no_halos,False,nan,0,0,0,0,0,0,0,0.1
62,fgas-2sigma,10.0,10.125,ok,False,1.5506,93,33,85,66,25,0,2,0.5
62,fgas-2sigma,10.125,10.25,ok,False,1.3945,72,16,60,83,32,0,2,0.4
62,fgas-2sigma,10.25,10.375,ok,False,1.3309,933,366,830,4,0,0,2,1.6
62,fgas-2sigma,10.375,10.5,ok,False,1.2035,2323,957,2065,0,0,0,2,1.8
62,fgas-2sigma,10.5,10.625,ok,False,1.0724,5355,2430,4758,0,0,0,2,2.1
62,fgas-2sigma,10.625,10.75,ok,False,0.9751,10000,4825,8814,0,0,0,2,2.5
62,fgas-2sigma,10.75,10.875,ok,False,0.8872,10000,5151,8771,0,0,1,2,2.4
62,fgas-2sigma,10.875,11.0,ok,False,0.8035,10000,5548,8848,0,0,1,2,2.5
62,fgas-2sigma,11.0,11.125,ok,False,0.7296,10000,5769,8856,0,0,1,2,2.5
62,fgas-2sigma,11.125,11.25,ok,False,0.6633,10000,6015,8870,0,0,1,2,2.5
62,fgas-2sigma,11.25,11.375,ok,False,0.6098,10000,6319,9213,0,0,1,3,2.5
62,fgas-2sigma,11.375,11.5,ok,False,0.5559,10000,7214,9917,0,0,1,4,2.6
62,fgas-2sigma,11.5,11.625,ok,False,0.5050,10000,8149,10000,0,0,2,5,2.6
62,fgas-2sigma,11.625,11.75,ok,False,0.4591,10000,8848,10000,0,0,2,6,2.6
62,fgas-2sigma,11.75,11.875,ok,False,0.4173,10000,9425,10000,0,0,3,7,2.6
62,fgas-2sigma,11.875,12.0,ok,False,0.3787,10000,9724,10000,0,0,4,10,2.6
62,fgas-2sigma,12.0,12.125,ok,False,0.3439,10000,9899,10000,0,0,5,12,2.6
62,fgas-2sigma,12.125,12.25,ok,False,0.3124,10000,9974,10000,0,0,7,16,2.6
62,fgas-2sigma,12.25,12.375,ok,True,0.2841,10000,9993,10000,0,0,10,21,2.6
62,fgas-2sigma,12.375,12.5,ok,True,0.2583,10000,9999,10000,0,0,13,27,2.7
62,fgas-2sigma,12.5,12.625,ok,True,0.2345,10000,10000,10000,0,0,17,35,2.7
62,fgas-2sigma,12.625,12.75,ok,True,0.2135,10000,10000,10000,0,0,23,46,2.8
62,fgas-2sigma,12.75,12.875,ok,True,0.1938,10000,10000,10000,0,0,30,61,2.9
62,fgas-2sigma,12.875,13.0,ok,True,0.1758,10000,10000,10000,0,0,40,81,2.9
62,fgas-2sigma,13.0,13.125,ok,True,0.1598,10000,10000,10000,0,0,53,109,3.0
62,fgas-2sigma,13.125,13.25,ok,True,0.1453,10000,10000,10000,0,0,71,147,3.0
62,fgas-2sigma,13.25,13.375,ok,True,0.1321,10000,10000,10000,0,0,94,197,3.4
62,fgas-2sigma,13.375,13.5,ok,True,0.1199,9756,9756,9756,0,0,125,265,3.4
62,fgas-2sigma,13.5,13.625,ok,True,0.1090,6699,6699,6699,0,0,166,355,2.9
62,fgas-2sigma,13.625,13.75,ok,True,0.0990,4554,4554,4554,0,0,221,475,2.6
62,fgas-2sigma,13.75,13.875,ok,True,0.0899,2888,2888,2888,0,0,289,625,2.3
62,fgas-2sigma,13.875,14.0,ok,True,0.0818,1824,1824,1824,0,0,390,846,2.1
62,fgas-2sigma,14.0,14.125,ok,True,0.0744,1098,1098,1098,0,0,504,1106,1.7
62,fgas-2sigma,14.125,14.25,ok,True,0.0674,653,653,653,0,0,693,1521,1.4
62,fgas-2sigma,14.25,14.375,ok,True,0.0615,358,358,358,0,0,872,1926,1.0
62,fgas-2sigma,14.375,14.5,ok,True,0.0558,180,180,180,0,0,1146,2518,0.7
62,fgas-2sigma,14.5,14.625,ok,True,0.0507,71,71,71,0,0,1516,3423,0.4
62,fgas-2sigma,14.625,14.75,ok,True,0.0464,28,28,28,0,0,1910,4242,0.2
62,fgas-2sigma,14.75,14.875,ok,True,0.0421,12,12,12,0,0,2940,6410,0.2
62,fgas-2sigma,14.875,15.0,ok,True,0.0382,4,4,4,0,0,3846,8384,0.2
67,fgas-2sigma,10.0,10.125,ok,False,1.4093,60,14,48,83,50,0,2,0.5
67,fgas-2sigma,10.125,10.25,ok,False,1.2620,53,14,47,83,46,0,2,0.5
67,fgas-2sigma,10.25,10.375,ok,False,1.2035,535,189,450,16,1,0,2,1.6
67,fgas-2sigma,10.375,10.5,ok,False,1.0893,1486,585,1248,0,0,0,2,2.2
67,fgas-2sigma,10.5,10.625,ok,False,0.9701,3566,1531,3033,0,0,0,2,2.6
67,fgas-2sigma,10.625,10.75,ok,False,0.8810,7852,3573,6704,0,0,0,2,3.2
67,fgas-2sigma,10.75,10.875,ok,False,0.8023,10000,4866,8568,0,0,0,2,3.4
67,fgas-2sigma,10.875,11.0,ok,False,0.7258,10000,5184,8615,0,0,1,2,3.4
67,fgas-2sigma,11.0,11.125,ok,False,0.6595,10000,5465,8575,0,0,1,2,3.4
67,fgas-2sigma,11.125,11.25,ok,False,0.5997,10000,5582,8511,0,0,1,2,3.4
67,fgas-2sigma,11.25,11.375,ok,False,0.5515,10000,6011,9009,0,0,1,2,3.5
67,fgas-2sigma,11.375,11.5,ok,False,0.5025,10000,6930,9908,0,0,1,3,3.5
67,fgas-2sigma,11.5,11.625,ok,False,0.4566,10000,7858,9999,0,0,1,4,3.6
67,fgas-2sigma,11.625,11.75,ok,False,0.4149,10000,8616,10000,0,0,2,5,3.6
67,fgas-2sigma,11.75,11.875,ok,False,0.3766,10000,9261,10000,0,0,3,7,3.6
67,fgas-2sigma,11.875,12.0,ok,False,0.3423,10000,9668,10000,0,0,4,9,3.6
67,fgas-2sigma,12.0,12.125,ok,False,0.3110,10000,9895,10000,0,0,5,11,3.7
67,fgas-2sigma,12.125,12.25,ok,True,0.2829,10000,9964,10000,0,0,7,15,3.7
67,fgas-2sigma,12.25,12.375,ok,True,0.2568,10000,9990,10000,0,0,9,18,3.7
67,fgas-2sigma,12.375,12.5,ok,True,0.2335,10000,10000,10000,0,0,12,24,3.9
67,fgas-2sigma,12.5,12.625,ok,True,0.2122,10000,10000,10000,0,0,16,31,3.9
67,fgas-2sigma,12.625,12.75,ok,True,0.1926,10000,10000,10000,0,0,21,41,4.0
67,fgas-2sigma,12.75,12.875,ok,True,0.1751,10000,10000,10000,0,0,28,54,4.1
67,fgas-2sigma,12.875,13.0,ok,True,0.1592,10000,10000,10000,0,0,37,74,4.2
67,fgas-2sigma,13.0,13.125,ok,True,0.1445,10000,10000,10000,0,0,50,100,4.2
67,fgas-2sigma,13.125,13.25,ok,True,0.1313,10000,10000,10000,0,0,66,134,4.4
67,fgas-2sigma,13.25,13.375,ok,True,0.1193,10000,10000,10000,0,0,88,182,4.6
67,fgas-2sigma,13.375,13.5,ok,True,0.1084,10000,10000,10000,0,0,117,246,4.7
67,fgas-2sigma,13.5,13.625,ok,True,0.0986,7917,7917,7917,0,0,156,332,4.4
67,fgas-2sigma,13.625,13.75,ok,True,0.0894,5410,5410,5410,0,0,208,447,3.9
67,fgas-2sigma,13.75,13.875,ok,True,0.0815,3804,3804,3804,0,0,274,595,3.6
67,fgas-2sigma,13.875,14.0,ok,True,0.0738,2494,2494,2494,0,0,369,802,3.2
67,fgas-2sigma,14.0,14.125,ok,True,0.0671,1615,1615,1615,0,0,491,1066,2.9
67,fgas-2sigma,14.125,14.25,ok,True,0.0611,964,964,964,0,0,646,1416,2.4
67,fgas-2sigma,14.25,14.375,ok,True,0.0553,566,566,566,0,0,877,1912,1.9
67,fgas-2sigma,14.375,14.5,ok,True,0.0507,313,313,313,0,0,1089,2391,1.4
67,fgas-2sigma,14.5,14.625,ok,True,0.0458,157,157,157,0,0,1474,3247,0.9
67,fgas-2sigma,14.625,14.75,ok,True,0.0416,82,82,82,0,0,2018,4421,0.6
67,fgas-2sigma,14.75,14.875,ok,True,0.0377,21,21,21,0,0,2592,5737,0.3
67,fgas-2sigma,14.875,15.0,ok,True,0.0349,9,9,9,0,0,3447,7380,0.3
69,fgas-2sigma,10.0,10.125,ok,False,1.3493,39,11,36,88,44,0,3,0.4
69,fgas-2sigma,10.125,10.25,ok,False,1.2151,34,17,27,82,64,0,2,0.4
69,fgas-2sigma,10.25,10.375,ok,False,1.1570,501,175,418,19,0,0,2,1.5
69,fgas-2sigma,10.375,10.5,ok,False,1.0460,1229,465,1021,2,0,0,2,2.1
69,fgas-2sigma,10.5,10.625,ok,False,0.9312,2922,1240,2456,0,0,0,2,2.4
69,fgas-2sigma,10.625,10.75,ok,False,0.8468,6471,2809,5397,0,0,0,2,2.9
69,fgas-2sigma,10.75,10.875,ok,False,0.7709,10000,4733,8300,0,0,0,2,3.3
69,fgas-2sigma,10.875,11.0,ok,False,0.6969,10000,5047,8380,0,0,1,2,3.4
69,fgas-2sigma,11.0,11.125,ok,False,0.6335,10000,5276,8420,0,0,1,2,3.4
69,fgas-2sigma,11.125,11.25,ok,False,0.5765,10000,5359,8438,0,0,1,2,3.3
69,fgas-2sigma,11.25,11.375,ok,False,0.5306,10000,5756,8983,0,0,1,2,3.4
69,fgas-2sigma,11.375,11.5,ok,False,0.4828,10000,6815,9872,0,0,1,3,3.4
69,fgas-2sigma,11.5,11.625,ok,False,0.4387,10000,7705,10000,0,0,1,4,3.5
69,fgas-2sigma,11.625,11.75,ok,False,0.3991,10000,8548,10000,0,0,2,5,3.5
69,fgas-2sigma,11.75,11.875,ok,False,0.3624,10000,9156,10000,0,0,3,6,3.5
69,fgas-2sigma,11.875,12.0,ok,False,0.3292,10000,9631,10000,0,0,3,8,3.6
69,fgas-2sigma,12.0,12.125,ok,True,0.2988,10000,9861,10000,0,0,5,11,3.6
69,fgas-2sigma,12.125,12.25,ok,True,0.2719,10000,9945,10000,0,0,6,14,3.6
69,fgas-2sigma,12.25,12.375,ok,True,0.2472,10000,9992,10000,0,0,8,17,3.7
69,fgas-2sigma,12.375,12.5,ok,True,0.2245,10000,9997,10000,0,0,11,22,3.7
69,fgas-2sigma,12.5,12.625,ok,True,0.2040,10000,10000,10000,0,0,15,29,3.8
69,fgas-2sigma,12.625,12.75,ok,True,0.1851,10000,10000,10000,0,0,20,39,3.8
69,fgas-2sigma,12.75,12.875,ok,True,0.1681,10000,10000,10000,0,0,27,52,3.9
69,fgas-2sigma,12.875,13.0,ok,True,0.1530,10000,10000,10000,0,0,36,70,4.1
69,fgas-2sigma,13.0,13.125,ok,True,0.1387,10000,10000,10000,0,0,48,95,4.1
69,fgas-2sigma,13.125,13.25,ok,True,0.1263,10000,10000,10000,0,0,64,129,4.2
69,fgas-2sigma,13.25,13.375,ok,True,0.1148,10000,10000,10000,0,0,85,175,4.4
69,fgas-2sigma,13.375,13.5,ok,True,0.1042,10000,10000,10000,0,0,112,236,4.7
69,fgas-2sigma,13.5,13.625,ok,True,0.0947,8092,8092,8092,0,0,151,320,4.4
69,fgas-2sigma,13.625,13.75,ok,True,0.0860,5617,5617,5617,0,0,204,437,4.0
69,fgas-2sigma,13.75,13.875,ok,True,0.0783,4095,4095,4095,0,0,268,579,3.6
69,fgas-2sigma,13.875,14.0,ok,True,0.0709,2647,2647,2647,0,0,359,777,3.3
69,fgas-2sigma,14.0,14.125,ok,True,0.0645,1728,1728,1728,0,0,470,1028,2.9
69,fgas-2sigma,14.125,14.25,ok,True,0.0585,1116,1116,1116,0,0,630,1374,2.6
69,fgas-2sigma,14.25,14.375,ok,True,0.0533,617,617,617,0,0,841,1867,2.0
69,fgas-2sigma,14.375,14.5,ok,True,0.0487,381,381,381,0,0,1109,2447,1.5
69,fgas-2sigma,14.5,14.625,ok,True,0.0441,176,176,176,0,0,1405,3071,0.9
69,fgas-2sigma,14.625,14.75,ok,True,0.0399,96,96,96,0,0,1926,4292,0.6
69,fgas-2sigma,14.75,14.875,ok,True,0.0364,38,38,38,0,0,2668,5825,0.4
69,fgas-2sigma,14.875,15.0,ok,True,0.0337,11,11,11,0,0,3164,6914,0.3
71,fgas-2sigma,10.0,10.125,ok,False,1.2964,26,9,22,91,57,0,2,0.4
71,fgas-2sigma,10.125,10.25,ok,False,1.1719,26,12,23,89,62,0,2,0.3
71,fgas-2sigma,10.25,10.375,ok,False,1.1138,398,144,332,16,4,0,2,1.4
71,fgas-2sigma,10.375,10.5,ok,False,1.0067,1088,415,895,2,0,0,2,1.9
71,fgas-2sigma,10.5,10.625,ok,False,0.8966,2389,963,1937,4,0,0,2,2.3
71,fgas-2sigma,10.625,10.75,ok,False,0.8159,5398,2341,4359,0,0,0,2,2.8
71,fgas-2sigma,10.75,10.875,ok,False,0.7421,10000,4552,8153,0,0,0,2,3.2
71,fgas-2sigma,10.875,11.0,ok,False,0.6715,10000,4902,8210,0,0,0,2,3.3
71,fgas-2sigma,11.0,11.125,ok,False,0.6095,10000,5112,8179,0,0,1,2,3.3
71,fgas-2sigma,11.125,11.25,ok,False,0.5549,10000,5214,8196,0,0,1,2,3.3
71,fgas-2sigma,11.25,11.375,ok,False,0.5101,10000,5661,8858,0,0,1,2,3.3
71,fgas-2sigma,11.375,11.5,ok,False,0.4648,10000,6581,9886,0,0,1,3,3.4
71,fgas-2sigma,11.5,11.625,ok,False,0.4221,10000,7558,10000,0,0,1,4,3.5
71,fgas-2sigma,11.625,11.75,ok,False,0.3837,10000,8468,10000,0,0,2,5,3.4
71,fgas-2sigma,11.75,11.875,ok,False,0.3485,10000,9072,10000,0,0,2,6,3.5
71,fgas-2sigma,11.875,12.0,ok,False,0.3165,10000,9566,10000,0,0,3,8,3.5
71,fgas-2sigma,12.0,12.125,ok,True,0.2874,10000,9836,10000,0,0,4,10,3.7
71,fgas-2sigma,12.125,12.25,ok,True,0.2616,10000,9960,10000,0,0,6,13,3.6
71,fgas-2sigma,12.25,12.375,ok,True,0.2379,10000,9995,10000,0,0,8,16,3.7
71,fgas-2sigma,12.375,12.5,ok,True,0.2159,10000,10000,10000,0,0,11,21,3.7
71,fgas-2sigma,12.5,12.625,ok,True,0.1961,10000,10000,10000,0,0,15,28,3.8
71,fgas-2sigma,12.625,12.75,ok,True,0.1781,10000,10000,10000,0,0,19,37,3.8
71,fgas-2sigma,12.75,12.875,ok,True,0.1620,10000,10000,10000,0,0,26,49,3.9
71,fgas-2sigma,12.875,13.0,ok,True,0.1471,10000,10000,10000,0,0,35,66,3.9
71,fgas-2sigma,13.0,13.125,ok,True,0.1336,10000,10000,10000,0,0,46,90,4.0
71,fgas-2sigma,13.125,13.25,ok,True,0.1214,10000,10000,10000,0,0,61,122,4.2
71,fgas-2sigma,13.25,13.375,ok,True,0.1103,10000,10000,10000,0,0,82,168,4.3
71,fgas-2sigma,13.375,13.5,ok,True,0.1002,10000,10000,10000,0,0,109,228,4.8
71,fgas-2sigma,13.5,13.625,ok,True,0.0911,8084,8084,8084,0,0,145,306,4.3
71,fgas-2sigma,13.625,13.75,ok,True,0.0828,5718,5718,5718,0,0,194,415,3.8
71,fgas-2sigma,13.75,13.875,ok,True,0.0752,4172,4172,4172,0,0,262,562,3.6
71,fgas-2sigma,13.875,14.0,ok,True,0.0685,2754,2754,2754,0,0,342,743,3.2
71,fgas-2sigma,14.0,14.125,ok,True,0.0622,1908,1908,1908,0,0,456,997,2.9
71,fgas-2sigma,14.125,14.25,ok,True,0.0565,1138,1138,1138,0,0,606,1334,2.5
71,fgas-2sigma,14.25,14.375,ok,True,0.0515,698,698,698,0,0,810,1774,2.1
71,fgas-2sigma,14.375,14.5,ok,True,0.0467,430,430,430,0,0,1086,2384,1.6
71,fgas-2sigma,14.5,14.625,ok,True,0.0426,215,215,215,0,0,1394,3049,1.1
71,fgas-2sigma,14.625,14.75,ok,True,0.0386,106,106,106,0,0,1822,4004,0.7
71,fgas-2sigma,14.75,14.875,ok,True,0.0348,61,61,61,0,0,2623,5771,0.5
71,fgas-2sigma,14.875,15.0,ok,True,0.0319,17,17,17,0,0,3223,7483,0.3
73,fgas-2sigma,10.0,10.125,ok,False,1.2564,29,6,26,93,61,0,2,0.4
73,fgas-2sigma,10.125,10.25,ok,False,1.1229,32,7,24,90,75,0,1,0.4
73,fgas-2sigma,10.25,10.375,ok,False,1.0714,298,92,240,38,9,0,2,1.1
73,fgas-2sigma,10.375,10.5,ok,False,0.9711,788,280,614,8,0,0,1,1.7
73,fgas-2sigma,10.5,10.625,ok,False,0.8647,1959,739,1495,2,0,0,1,2.2
73,fgas-2sigma,10.625,10.75,ok,False,0.7870,4349,1886,3461,0,0,0,2,2.6
73,fgas-2sigma,10.75,10.875,ok,False,0.7147,10000,4340,7922,0,0,0,2,3.2
73,fgas-2sigma,10.875,11.0,ok,False,0.6463,10000,4654,7990,0,0,0,2,3.2
73,fgas-2sigma,11.0,11.125,ok,False,0.5874,10000,4808,8014,0,0,0,2,3.2
73,fgas-2sigma,11.125,11.25,ok,False,0.5337,10000,5082,8001,0,0,1,2,3.2
73,fgas-2sigma,11.25,11.375,ok,False,0.4915,10000,5335,8745,0,0,1,2,3.3
73,fgas-2sigma,11.375,11.5,ok,False,0.4483,10000,6452,9874,0,0,1,3,3.3
73,fgas-2sigma,11.5,11.625,ok,False,0.4066,10000,7336,9999,0,0,1,3,3.4
73,fgas-2sigma,11.625,11.75,ok,False,0.3696,10000,8249,10000,0,0,2,4,3.4
73,fgas-2sigma,11.75,11.875,ok,False,0.3359,10000,9022,10000,0,0,2,6,3.4
73,fgas-2sigma,11.875,12.0,ok,False,0.3052,10000,9538,10000,0,0,3,7,3.4
73,fgas-2sigma,12.0,12.125,ok,True,0.2774,10000,9782,10000,0,0,4,9,3.5
73,fgas-2sigma,12.125,12.25,ok,True,0.2519,10000,9932,10000,0,0,6,12,3.5
73,fgas-2sigma,12.25,12.375,ok,True,0.2289,10000,9989,10000,0,0,8,15,3.5
73,fgas-2sigma,12.375,12.5,ok,True,0.2081,10000,9999,10000,0,0,10,20,3.6
73,fgas-2sigma,12.5,12.625,ok,True,0.1893,10000,9999,10000,0,0,14,26,3.6
73,fgas-2sigma,12.625,12.75,ok,True,0.1717,10000,10000,10000,0,0,19,34,3.7
73,fgas-2sigma,12.75,12.875,ok,True,0.1560,10000,10000,10000,0,0,25,46,3.7
73,fgas-2sigma,12.875,13.0,ok,True,0.1418,10000,10000,10000,0,0,33,62,3.8
73,fgas-2sigma,13.0,13.125,ok,True,0.1288,10000,10000,10000,0,0,44,85,3.9
73,fgas-2sigma,13.125,13.25,ok,True,0.1169,10000,10000,10000,0,0,59,116,4.0
73,fgas-2sigma,13.25,13.375,ok,True,0.1063,10000,10000,10000,0,0,79,159,4.2
73,fgas-2sigma,13.375,13.5,ok,True,0.0965,10000,10000,10000,0,0,106,218,4.4
73,fgas-2sigma,13.5,13.625,ok,True,0.0877,7992,7992,7992,0,0,141,296,4.2
73,fgas-2sigma,13.625,13.75,ok,True,0.0798,5742,5742,5742,0,0,187,399,3.8
73,fgas-2sigma,13.75,13.875,ok,True,0.0724,4146,4146,4146,0,0,250,536,3.4
73,fgas-2sigma,13.875,14.0,ok,True,0.0658,2845,2845,2845,0,0,335,727,3.2
73,fgas-2sigma,14.0,14.125,ok,True,0.0599,1962,1962,1962,0,0,448,974,2.9
73,fgas-2sigma,14.125,14.25,ok,True,0.0545,1232,1232,1232,0,0,587,1285,2.5
73,fgas-2sigma,14.25,14.375,ok,True,0.0495,815,815,815,0,0,781,1718,2.2
73,fgas-2sigma,14.375,14.5,ok,True,0.0448,464,464,464,0,0,1078,2374,1.6
73,fgas-2sigma,14.5,14.625,ok,True,0.0410,280,280,280,0,0,1340,2940,1.2
73,fgas-2sigma,14.625,14.75,ok,True,0.0371,122,122,122,0,0,1786,3964,0.7
73,fgas-2sigma,14.75,14.875,ok,True,0.0337,56,56,56,0,0,2470,5526,0.5
73,fgas-2sigma,14.875,15.0,ok,True,0.0308,25,25,25,0,0,3124,6889,0.4
75,fgas-2sigma,10.0,10.125,ok,False,1.2303,25,9,18,91,77,0,1,0.4
75,fgas-2sigma,10.125,10.25,ok,False,1.0848,23,8,13,92,81,0,1,0.3
75,fgas-2sigma,10.25,10.375,ok,False,1.0345,261,77,188,49,13,0,1,1.0
75,fgas-2sigma,10.375,10.5,ok,False,0.9356,709,243,547,12,1,0,1,1.6
75,fgas-2sigma,10.5,10.625,ok,False,0.8352,1667,604,1272,7,0,0,1,2.0
75,fgas-2sigma,10.625,10.75,ok,False,0.7598,3661,1486,2747,0,0,0,1,2.3
75,fgas-2sigma,10.75,10.875,ok,False,0.6904,9112,3788,6994,0,0,0,1,3.0
75,fgas-2sigma,10.875,11.0,ok,False,0.6249,10000,4453,7700,0,0,0,1,3.1
75,fgas-2sigma,11.0,11.125,ok,False,0.5669,10000,4658,7729,0,0,0,1,3.1
75,fgas-2sigma,11.125,11.25,ok,False,0.5157,10000,4624,7867,0,0,0,1,3.1
75,fgas-2sigma,11.25,11.375,ok,False,0.4747,10000,5181,8687,0,0,1,2,3.1
75,fgas-2sigma,11.375,11.5,ok,False,0.4324,10000,6102,9849,0,0,1,3,3.3
75,fgas-2sigma,11.5,11.625,ok,False,0.3927,10000,7207,10000,0,0,1,3,3.3
75,fgas-2sigma,11.625,11.75,ok,False,0.3567,10000,8209,10000,0,0,2,4,3.4
75,fgas-2sigma,11.75,11.875,ok,False,0.3247,10000,8867,10000,0,0,2,5,3.4
75,fgas-2sigma,11.875,12.0,ok,True,0.2949,10000,9416,10000,0,0,3,7,3.4
75,fgas-2sigma,12.0,12.125,ok,True,0.2675,10000,9805,10000,0,0,4,9,3.4
75,fgas-2sigma,12.125,12.25,ok,True,0.2437,10000,9934,10000,0,0,5,11,3.4
75,fgas-2sigma,12.25,12.375,ok,True,0.2214,10000,9993,10000,0,0,7,14,3.4
75,fgas-2sigma,12.375,12.5,ok,True,0.2010,10000,9999,10000,0,0,10,19,3.4
75,fgas-2sigma,12.5,12.625,ok,True,0.1827,10000,10000,10000,0,0,13,24,3.5
75,fgas-2sigma,12.625,12.75,ok,True,0.1659,10000,10000,10000,0,0,18,32,3.6
75,fgas-2sigma,12.75,12.875,ok,True,0.1505,10000,10000,10000,0,0,24,43,3.7
75,fgas-2sigma,12.875,13.0,ok,True,0.1369,10000,10000,10000,0,0,32,58,3.8
75,fgas-2sigma,13.0,13.125,ok,True,0.1242,10000,10000,10000,0,0,42,80,3.9
75,fgas-2sigma,13.125,13.25,ok,True,0.1128,10000,10000,10000,0,0,57,110,3.9
75,fgas-2sigma,13.25,13.375,ok,True,0.1027,10000,10000,10000,0,0,75,150,4.0
75,fgas-2sigma,13.375,13.5,ok,True,0.0932,10000,10000,10000,0,0,101,207,4.3
75,fgas-2sigma,13.5,13.625,ok,True,0.0848,7831,7831,7831,0,0,135,283,4.1
75,fgas-2sigma,13.625,13.75,ok,True,0.0770,5591,5591,5591,0,0,180,383,3.6
75,fgas-2sigma,13.75,13.875,ok,True,0.0699,4151,4151,4151,0,0,242,515,3.3
75,fgas-2sigma,13.875,14.0,ok,True,0.0637,2864,2864,2864,0,0,320,693,3.1
75,fgas-2sigma,14.0,14.125,ok,True,0.0576,2025,2025,2025,0,0,432,937,2.8
75,fgas-2sigma,14.125,14.25,ok,True,0.0525,1275,1275,1275,0,0,573,1248,2.5
75,fgas-2sigma,14.25,14.375,ok,True,0.0478,807,807,807,0,0,760,1679,2.1
75,fgas-2sigma,14.375,14.5,ok,True,0.0433,533,533,533,0,0,1020,2262,1.7
75,fgas-2sigma,14.5,14.625,ok,True,0.0395,319,319,319,0,0,1322,2920,1.3
75,fgas-2sigma,14.625,14.75,ok,True,0.0360,129,129,129,0,0,1772,3901,0.7
75,fgas-2sigma,14.75,14.875,ok,True,0.0327,64,64,64,0,0,2400,5440,0.5
75,fgas-2sigma,14.875,15.0,ok,True,0.0296,22,22,22,0,0,3232,7385,0.3
77,fgas-2sigma,10.0,10.125,ok,False,1.1762,140,29,106,70,28,0,2,0.8
77,fgas-2sigma,10.125,10.25,ok,False,1.0552,539,142,417,37,4,0,1,1.6
77,fgas-2sigma,10.25,10.375,ok,False,1.0020,4075,1198,3072,1,0,0,1,2.7
77,fgas-2sigma,10.375,10.5,ok,False,0.9049,10000,3313,7610,1,0,0,1,3.3
77,fgas-2sigma,10.5,10.625,ok,False,0.8107,10000,3602,7651,0,0,0,1,3.3
77,fgas-2sigma,10.625,10.75,ok,False,0.7377,10000,3828,7745,0,0,0,1,3.3
77,fgas-2sigma,10.75,10.875,ok,False,0.6699,10000,4100,7775,0,0,0,1,3.3
77,fgas-2sigma,10.875,11.0,ok,False,0.6072,10000,4471,7935,0,0,0,2,3.4
77,fgas-2sigma,11.0,11.125,ok,False,0.5506,10000,4871,7939,0,0,0,2,3.4
77,fgas-2sigma,11.125,11.25,ok,False,0.5016,10000,4859,8056,0,0,0,2,3.4
77,fgas-2sigma,11.25,11.375,ok,False,0.4605,10000,5437,8840,0,0,1,2,3.4
77,fgas-2sigma,11.375,11.5,ok,False,0.4192,10000,6355,9855,0,0,1,3,3.5
77,fgas-2sigma,11.5,11.625,ok,False,0.3809,10000,7336,9994,0,0,1,3,3.5
77,fgas-2sigma,11.625,11.75,ok,False,0.3459,10000,8295,10000,0,0,2,4,3.6
77,fgas-2sigma,11.75,11.875,ok,False,0.3142,10000,8984,10000,0,0,2,5,3.6
77,fgas-2sigma,11.875,12.0,ok,True,0.2858,10000,9431,10000,0,0,3,7,3.6
77,fgas-2sigma,12.0,12.125,ok,True,0.2594,10000,9801,10000,0,0,4,9,3.7
77,fgas-2sigma,12.125,12.25,ok,True,0.2356,10000,9923,10000,0,0,6,11,3.6
77,fgas-2sigma,12.25,12.375,ok,True,0.2138,10000,9984,10000,0,0,7,14,3.7
77,fgas-2sigma,12.375,12.5,ok,True,0.1946,10000,9997,10000,0,0,10,18,3.7
77,fgas-2sigma,12.5,12.625,ok,True,0.1766,10000,10000,10000,0,0,13,23,3.8
77,fgas-2sigma,12.625,12.75,ok,True,0.1604,10000,10000,10000,0,0,18,31,3.8
77,fgas-2sigma,12.75,12.875,ok,True,0.1459,10000,10000,10000,0,0,24,41,3.9
77,fgas-2sigma,12.875,13.0,ok,True,0.1325,10000,10000,10000,0,0,31,56,4.0
77,fgas-2sigma,13.0,13.125,ok,True,0.1203,10000,10000,10000,0,0,42,78,4.1
77,fgas-2sigma,13.125,13.25,ok,True,0.1095,10000,10000,10000,0,0,55,105,4.2
77,fgas-2sigma,13.25,13.375,ok,True,0.0994,10000,10000,10000,0,0,74,145,4.5
77,fgas-2sigma,13.375,13.5,ok,True,0.0902,10000,10000,10000,0,0,100,202,4.5
77,fgas-2sigma,13.5,13.625,ok,True,0.0822,10000,10000,10000,0,0,132,274,4.8
77,fgas-2sigma,13.625,13.75,ok,True,0.0746,9601,9601,9601,0,0,177,370,4.9
77,fgas-2sigma,13.75,13.875,ok,True,0.0677,7048,7048,7048,0,0,236,502,4.6
77,fgas-2sigma,13.875,14.0,ok,True,0.0616,4936,4936,4936,0,0,316,682,4.1
77,fgas-2sigma,14.0,14.125,ok,True,0.0559,3687,3687,3687,0,0,425,923,3.9
77,fgas-2sigma,14.125,14.25,ok,True,0.0508,2407,2407,2407,0,0,559,1221,3.5
77,fgas-2sigma,14.25,14.375,ok,True,0.0463,1587,1587,1587,0,0,750,1657,3.2
77,fgas-2sigma,14.375,14.5,ok,True,0.0419,1046,1046,1046,0,0,1011,2244,2.8
77,fgas-2sigma,14.5,14.625,ok,True,0.0382,648,648,648,0,0,1310,2885,2.2
77,fgas-2sigma,14.625,14.75,ok,True,0.0348,369,369,369,0,0,1735,3838,1.6
77,fgas-2sigma,14.75,14.875,ok,True,0.0315,191,191,191,0,0,2316,5194,1.0
77,fgas-2sigma,14.875,15.0,ok,True,0.0286,102,102,102,0,0,3154,7168,0.8
9,fgas-4sigma,10.0,10.125,ok,False,3.1016,259,96,239,61,4,0,3,0.3
9,fgas-4sigma,10.125,10.25,ok,False,2.8192,108,39,104,73,15,0,3,0.1
9,fgas-4sigma,10.25,10.375,ok,False,2.6591,765,308,706,14,0,0,3,0.3
9,fgas-4sigma,10.375,10.5,ok,False,2.4069,1458,648,1335,2,0,0,3,0.4
9,fgas-4sigma,10.5,10.625,ok,False,2.1416,3198,1513,2954,0,0,0,3,0.5
9,fgas-4sigma,10.625,10.75,ok,False,1.9455,6385,3323,5826,0,0,1,3,0.9
9,fgas-4sigma,10.75,10.875,ok,False,1.7736,10000,5745,9236,0,0,1,3,1.2
9,fgas-4sigma,10.875,11.0,ok,False,1.6053,10000,6110,9343,0,0,1,3,1.2
9,fgas-4sigma,11.0,11.125,ok,False,1.4615,10000,6527,9437,0,0,1,3,1.2
9,fgas-4sigma,11.125,11.25,ok,False,1.3296,10000,7110,9561,0,0,1,3,1.2
9,fgas-4sigma,11.25,11.375,ok,False,1.2130,10000,7503,9718,0,0,1,4,1.3
9,fgas-4sigma,11.375,11.5,ok,False,1.1126,10000,8300,9970,0,0,2,5,1.3
9,fgas-4sigma,11.5,11.625,ok,False,1.0104,10000,9002,10000,0,0,2,6,1.3
9,fgas-4sigma,11.625,11.75,ok,False,0.9180,10000,9530,10000,0,0,3,8,1.4
9,fgas-4sigma,11.75,11.875,ok,False,0.8349,10000,9803,10000,0,0,4,10,1.4
9,fgas-4sigma,11.875,12.0,ok,False,0.7586,10000,9931,10000,0,0,5,13,1.4
9,fgas-4sigma,12.0,12.125,ok,False,0.6899,10000,9981,10000,0,0,7,17,1.4
9,fgas-4sigma,12.125,12.25,ok,False,0.6273,5262,5261,5262,0,0,9,22,0.9
9,fgas-4sigma,12.25,12.375,ok,False,0.5702,2611,2611,2611,0,0,12,29,0.6
9,fgas-4sigma,12.375,12.5,ok,False,0.5178,1230,1230,1230,0,0,16,38,0.4
9,fgas-4sigma,12.5,12.625,ok,False,0.4713,464,464,464,0,0,22,50,0.3
9,fgas-4sigma,12.625,12.75,ok,False,0.4276,173,173,173,0,0,28,67,0.2
9,fgas-4sigma,12.75,12.875,ok,False,0.3903,73,73,73,0,0,38,86,0.1
9,fgas-4sigma,12.875,13.0,ok,False,0.3576,20,20,20,3,0,49,113,0.1
9,fgas-4sigma,13.0,13.125,ok,False,0.3248,1,1,1,64,37,79,164,0.0
9,fgas-4sigma,13.125,13.25,ok,False,0.2939,1,1,1,47,29,82,158,0.0
9,fgas-4sigma,13.25,13.375,ok,False,0.2570,2,2,2,24,5,110,256,0.0
9,fgas-4sigma,13.375,13.5,no_halos,False,nan,0,0,0,0,0,0,0,0.0
9,fgas-4sigma,13.5,13.625,no_halos,False,nan,0,0,0,0,0,0,0,0.0
9,fgas-4sigma,13.625,13.75,no_halos,False,nan,0,0,0,0,0,0,0,0.0
9,fgas-4sigma,13.75,13.875,no_halos,False,nan,0,0,0,0,0,0,0,0.0
9,fgas-4sigma,13.875,14.0,no_halos,False,nan,0,0,0,0,0,0,0,0.0
9,fgas-4sigma,14.0,14.125,no_halos,False,nan,0,0,0,0,0,0,0,0.0
9,fgas-4sigma,14.125,14.25,no_halos,False,nan,0,0,0,0,0,0,0,0.0
9,fgas-4sigma,14.25,14.375,no_halos,False,nan,0,0,0,0,0,0,0,0.0
9,fgas-4sigma,14.375,14.5,no_halos,False,nan,0,0,0,0,0,0,0,0.0
9,fgas-4sigma,14.5,14.625,no_halos,False,nan,0,0,0,0,0,0,0,0.0
9,fgas-4sigma,14.625,14.75,no_halos,False,nan,0,0,0,0,0,0,0,0.0
9,fgas-4sigma,14.75,14.875,no_halos,False,nan,0,0,0,0,0,0,0,0.0
9,fgas-4sigma,14.875,15.0,no_halos,False,nan,0,0,0,0,0,0,0,0.0
13,fgas-4sigma,10.0,10.125,ok,False,3.1174,631,220,597,28,0,0,3,0.6
13,fgas-4sigma,10.125,10.25,ok,False,2.8499,286,110,270,44,4,0,3,0.4
13,fgas-4sigma,10.25,10.375,ok,False,2.6649,1754,772,1650,2,0,0,3,0.8
13,fgas-4sigma,10.375,10.5,ok,False,2.4100,3634,1669,3398,0,0,0,3,1.0
13,fgas-4sigma,10.5,10.625,ok,False,2.1467,7650,3747,7168,0,0,0,3,1.4
13,fgas-4sigma,10.625,10.75,ok,False,1.9517,10000,5352,9365,0,0,1,3,1.6
13,fgas-4sigma,10.75,10.875,ok,False,1.7771,10000,5727,9365,0,0,1,3,1.6
13,fgas-4sigma,10.875,11.0,ok,False,1.6081,10000,6153,9443,0,0,1,3,1.6
13,fgas-4sigma,11.0,11.125,ok,False,1.4638,10000,6527,9470,0,0,1,3,1.7
13,fgas-4sigma,11.125,11.25,ok,False,1.3315,10000,7007,9565,0,0,1,3,1.7
13,fgas-4sigma,11.25,11.375,ok,False,1.2163,10000,7492,9684,0,0,1,4,1.7
13,fgas-4sigma,11.375,11.5,ok,False,1.1139,10000,8274,9965,0,0,2,5,1.7
13,fgas-4sigma,11.5,11.625,ok,False,1.0126,10000,9033,10000,0,0,2,6,1.8
13,fgas-4sigma,11.625,11.75,ok,False,0.9198,10000,9453,10000,0,0,3,8,1.8
13,fgas-4sigma,11.75,11.875,ok,False,0.8365,10000,9785,10000,0,0,4,10,1.9
13,fgas-4sigma,11.875,12.0,ok,False,0.7599,10000,9923,10000,0,0,5,13,1.9
13,fgas-4sigma,12.0,12.125,ok,False,0.6899,10000,9985,10000,0,0,7,17,1.9
13,fgas-4sigma,12.125,12.25,ok,False,0.6273,10000,9999,10000,0,0,9,22,1.9
13,fgas-4sigma,12.25,12.375,ok,False,0.5702,10000,10000,10000,0,0,12,29,2.0
13,fgas-4sigma,12.375,12.5,ok,False,0.5190,7316,7316,7316,0,0,16,38,1.6
13,fgas-4sigma,12.5,12.625,ok,False,0.4703,3965,3965,3965,0,0,22,50,1.2
13,fgas-4sigma,12.625,12.75,ok,False,0.4284,1934,1934,1934,0,0,28,65,0.9
13,fgas-4sigma,12.75,12.875,ok,False,0.3893,860,860,860,0,0,37,85,0.7
13,fgas-4sigma,12.875,13.0,ok,False,0.3535,356,356,356,0,0,50,110,0.5
13,fgas-4sigma,13.0,13.125,ok,False,0.3221,127,127,127,0,0,64,140,0.3
13,fgas-4sigma,13.125,13.25,ok,True,0.2958,53,53,53,0,0,84,197,0.2
13,fgas-4sigma,13.25,13.375,ok,True,0.2625,15,15,15,0,0,116,256,0.1
13,fgas-4sigma,13.375,13.5,ok,False,0.2448,3,3,3,13,3,149,320,0.1
13,fgas-4sigma,13.5,13.625,ok,False,0.2234,2,2,2,15,3,183,410,0.1
13,fgas-4sigma,13.625,13.75,ok,False,0.2021,1,1,1,27,10,222,492,0.1
13,fgas-4sigma,13.75,13.875,no_halos,False,nan,0,0,0,0,0,0,0,0.1
13,fgas-4sigma,13.875,14.0,no_halos,False,nan,0,0,0,0,0,0,0,0.1
13,fgas-4sigma,14.0,14.125,no_halos,False,nan,0,0,0,0,0,0,0,0.1
13,fgas-4sigma,14.125,14.25,no_halos,False,nan,0,0,0,0,0,0,0,0.1
13,fgas-4sigma,14.25,14.375,no_halos,False,nan,0,0,0,0,0,0,0,0.1
13,fgas-4sigma,14.375,14.5,no_halos,False,nan,0,0,0,0,0,0,0,0.1
13,fgas-4sigma,14.5,14.625,no_halos,False,nan,0,0,0,0,0,0,0,0.1
13,fgas-4sigma,14.625,14.75,no_halos,False,nan,0,0,0,0,0,0,0,0.1
13,fgas-4sigma,14.75,14.875,no_halos,False,nan,0,0,0,0,0,0,0,0.1
13,fgas-4sigma,14.875,15.0,no_halos,False,nan,0,0,0,0,0,0,0,0.1
17,fgas-4sigma,10.0,10.125,ok,False,3.1335,1006,400,958,9,0,0,3,1.2
17,fgas-4sigma,10.125,10.25,ok,False,2.8455,489,200,461,27,0,0,3,1.0
17,fgas-4sigma,10.25,10.375,ok,False,2.6786,2836,1183,2676,0,0,0,3,1.5
17,fgas-4sigma,10.375,10.5,ok,False,2.4228,5907,2739,5561,0,0,0,3,1.8
17,fgas-4sigma,10.5,10.625,ok,False,2.1568,10000,5001,9470,0,0,1,3,2.2
17,fgas-4sigma,10.625,10.75,ok,False,1.9643,10000,5376,9444,0,0,1,3,2.3
17,fgas-4sigma,10.75,10.875,ok,False,1.7875,10000,5824,9436,0,0,1,3,2.3
17,fgas-4sigma,10.875,11.0,ok,False,1.6195,10000,6186,9501,0,0,1,3,2.2
17,fgas-4sigma,11.0,11.125,ok,False,1.4732,10000,6585,9524,0,0,1,3,2.3
17,fgas-4sigma,11.125,11.25,ok,False,1.3373,10000,6892,9563,0,0,1,3,2.3
17,fgas-4sigma,11.25,11.375,ok,False,1.2244,10000,7382,9684,0,0,1,4,2.3
17,fgas-4sigma,11.375,11.5,ok,False,1.1194,10000,8151,9973,0,0,2,5,2.4
17,fgas-4sigma,11.5,11.625,ok,False,1.0172,10000,8874,10000,0,0,2,6,2.4
17,fgas-4sigma,11.625,11.75,ok,False,0.9245,10000,9426,10000,0,0,3,8,2.4
17,fgas-4sigma,11.75,11.875,ok,False,0.8395,10000,9740,10000,0,0,4,10,2.4
17,fgas-4sigma,11.875,12.0,ok,False,0.7624,10000,9906,10000,0,0,5,13,2.5
17,fgas-4sigma,12.0,12.125,ok,False,0.6930,10000,9977,10000,0,0,7,17,2.6
17,fgas-4sigma,12.125,12.25,ok,False,0.6299,10000,9997,10000,0,0,9,22,2.5
17,fgas-4sigma,12.25,12.375,ok,False,0.5730,10000,9999,10000,0,0,12,29,2.6
17,fgas-4sigma,12.375,12.5,ok,False,0.5208,10000,10000,10000,0,0,16,37,2.6
17,fgas-4sigma,12.5,12.625,ok,False,0.4733,10000,10000,10000,0,0,21,48,2.7
17,fgas-4sigma,12.625,12.75,ok,False,0.4300,10000,10000,10000,0,0,28,63,2.7
17,fgas-4sigma,12.75,12.875,ok,False,0.3910,5772,5772,5772,0,0,37,82,2.1
17,fgas-4sigma,12.875,13.0,ok,False,0.3551,3165,3165,3165,0,0,49,108,1.7
17,fgas-4sigma,13.0,13.125,ok,False,0.3230,1591,1591,1591,0,0,65,143,1.4
17,fgas-4sigma,13.125,13.25,ok,True,0.2939,784,784,784,0,0,84,187,1.2
17,fgas-4sigma,13.25,13.375,ok,True,0.2668,291,291,291,0,0,112,250,0.8
17,fgas-4sigma,13.375,13.5,ok,True,0.2428,152,152,152,0,0,146,327,0.5
17,fgas-4sigma,13.5,13.625,ok,True,0.2204,46,46,46,0,0,188,430,0.3
17,fgas-4sigma,13.625,13.75,ok,True,0.1984,18,18,18,0,0,268,626,0.2
17,fgas-4sigma,13.75,13.875,ok,False,0.1792,3,3,3,1,0,318,764,0.1
17,fgas-4sigma,13.875,14.0,no_halos,False,nan,0,0,0,0,0,0,0,0.1
17,fgas-4sigma,14.0,14.125,no_halos,False,nan,0,0,0,0,0,0,0,0.1
17,fgas-4sigma,14.125,14.25,no_halos,False,nan,0,0,0,0,0,0,0,0.1
17,fgas-4sigma,14.25,14.375,no_halos,False,nan,0,0,0,0,0,0,0,0.1
17,fgas-4sigma,14.375,14.5,no_halos,False,nan,0,0,0,0,0,0,0,0.1
17,fgas-4sigma,14.5,14.625,no_halos,False,nan,0,0,0,0,0,0,0,0.1
17,fgas-4sigma,14.625,14.75,no_halos,False,nan,0,0,0,0,0,0,0,0.1
17,fgas-4sigma,14.75,14.875,no_halos,False,nan,0,0,0,0,0,0,0,0.1
17,fgas-4sigma,14.875,15.0,no_halos,False,nan,0,0,0,0,0,0,0,0.1
37,fgas-4sigma,10.0,10.125,ok,False,2.4362,822,303,781,13,0,0,3,1.7
37,fgas-4sigma,10.125,10.25,ok,False,2.2095,453,175,428,31,0,0,3,1.2
37,fgas-4sigma,10.25,10.375,ok,False,2.0846,3503,1434,3303,0,0,0,3,2.3
37,fgas-4sigma,10.375,10.5,ok,False,1.8854,7848,3543,7305,0,0,0,3,2.8
37,fgas-4sigma,10.5,10.625,ok,False,1.6797,10000,4975,9356,0,0,0,3,3.0
37,fgas-4sigma,10.625,10.75,ok,False,1.5276,10000,5298,9363,0,0,1,3,3.1
37,fgas-4sigma,10.75,10.875,ok,False,1.3911,10000,5751,9348,0,0,1,3,3.1
37,fgas-4sigma,10.875,11.0,ok,False,1.2597,10000,6035,9369,0,0,1,3,3.1
37,fgas-4sigma,11.0,11.125,ok,False,1.1463,10000,6457,9398,0,0,1,3,3.1
37,fgas-4sigma,11.125,11.25,ok,False,1.0423,10000,6796,9382,0,0,1,3,3.2
37,fgas-4sigma,11.25,11.375,ok,False,0.9542,10000,7207,9556,0,0,1,4,3.2
37,fgas-4sigma,11.375,11.5,ok,False,0.8712,10000,7926,9957,0,0,1,5,3.2
37,fgas-4sigma,11.5,11.625,ok,False,0.7914,10000,8733,10000,0,0,2,6,3.3
37,fgas-4sigma,11.625,11.75,ok,False,0.7191,10000,9281,10000,0,0,3,7,3.3
37,fgas-4sigma,11.75,11.875,ok,False,0.6534,10000,9666,10000,0,0,4,10,3.3
37,fgas-4sigma,11.875,12.0,ok,False,0.5936,10000,9859,10000,0,0,5,12,3.3
37,fgas-4sigma,12.0,12.125,ok,False,0.5396,10000,9963,10000,0,0,7,16,3.4
37,fgas-4sigma,12.125,12.25,ok,False,0.4898,10000,9991,10000,0,0,9,21,3.4
37,fgas-4sigma,12.25,12.375,ok,False,0.4450,10000,10000,10000,0,0,12,27,3.5
37,fgas-4sigma,12.375,12.5,ok,False,0.4049,10000,10000,10000,0,0,15,34,3.5
37,fgas-4sigma,12.5,12.625,ok,False,0.3675,10000,10000,10000,0,0,20,45,3.5
37,fgas-4sigma,12.625,12.75,ok,False,0.3342,10000,10000,10000,0,0,27,59,3.7
37,fgas-4sigma,12.75,12.875,ok,False,0.3035,10000,10000,10000,0,0,35,77,3.7
37,fgas-4sigma,12.875,13.0,ok,True,0.2762,10000,10000,10000,0,0,47,102,3.8
37,fgas-4sigma,13.0,13.125,ok,True,0.2509,8901,8901,8901,0,0,62,135,3.7
37,fgas-4sigma,13.125,13.25,ok,True,0.2280,5451,5451,5451,0,0,82,177,3.1
37,fgas-4sigma,13.25,13.375,ok,True,0.2072,3025,3025,3025,0,0,107,234,2.6
37,fgas-4sigma,13.375,13.5,ok,True,0.1881,1792,1792,1792,0,0,145,316,2.3
37,fgas-4sigma,13.5,13.625,ok,True,0.1710,890,890,890,0,0,189,414,1.8
37,fgas-4sigma,13.625,13.75,ok,True,0.1561,437,437,437,0,0,249,539,1.2
37,fgas-4sigma,13.75,13.875,ok,True,0.1419,205,205,205,0,0,328,723,0.8
37,fgas-4sigma,13.875,14.0,ok,True,0.1289,82,82,82,0,0,434,926,0.4
37,fgas-4sigma,14.0,14.125,ok,True,0.1170,35,35,35,0,0,586,1292,0.3
37,fgas-4sigma,14.125,14.25,ok,True,0.1052,9,9,9,0,0,635,1501,0.2
37,fgas-4sigma,14.25,14.375,ok,False,0.0979,2,2,2,1,0,876,1935,0.2
37,fgas-4sigma,14.375,14.5,no_halos,False,nan,0,0,0,0,0,0,0,0.2
37,fgas-4sigma,14.5,14.625,no_halos,False,nan,0,0,0,0,0,0,0,0.2
37,fgas-4sigma,14.625,14.75,no_halos,False,nan,0,0,0,0,0,0,0,0.2
37,fgas-4sigma,14.75,14.875,no_halos,False,nan,0,0,0,0,0,0,0,0.2
37,fgas-4sigma,14.875,15.0,no_halos,False,nan,0,0,0,0,0,0,0,0.2
47,fgas-4sigma,10.0,10.125,ok,False,2.0661,469,176,434,23,0,0,3,1.5
47,fgas-4sigma,10.125,10.25,ok,False,1.8663,260,96,239,45,4,0,2,1.0
47,fgas-4sigma,10.25,10.375,ok,False,1.7687,2500,1010,2333,0,0,0,3,2.4
47,fgas-4sigma,10.375,10.5,ok,False,1.6013,5966,2684,5539,0,0,0,3,2.8
47,fgas-4sigma,10.5,10.625,ok,False,1.4253,10000,4778,9261,0,0,0,3,3.3
47,fgas-4sigma,10.625,10.75,ok,False,1.2956,10000,5227,9241,0,0,1,3,3.5
47,fgas-4sigma,10.75,10.875,ok,False,1.1792,10000,5550,9195,0,0,1,3,3.3
47,fgas-4sigma,10.875,11.0,ok,False,1.0690,10000,6026,9253,0,0,1,3,3.4
47,fgas-4sigma,11.0,11.125,ok,False,0.9712,10000,6354,9274,0,0,1,3,3.3
47,fgas-4sigma,11.125,11.25,ok,False,0.8844,10000,6584,9293,0,0,1,3,3.4
47,fgas-4sigma,11.25,11.375,ok,False,0.8095,10000,6857,9474,0,0,1,3,3.4
47,fgas-4sigma,11.375,11.5,ok,False,0.7388,10000,7761,9938,0,0,1,4,3.5
47,fgas-4sigma,11.5,11.625,ok,False,0.6717,10000,8555,10000,0,0,2,5,3.6
47,fgas-4sigma,11.625,11.75,ok,False,0.6099,10000,9171,10000,0,0,3,7,3.5
47,fgas-4sigma,11.75,11.875,ok,False,0.5548,10000,9574,10000,0,0,3,9,3.6
47,fgas-4sigma,11.875,12.0,ok,False,0.5032,10000,9835,10000,0,0,5,12,3.6
47,fgas-4sigma,12.0,12.125,ok,False,0.4574,10000,9949,10000,0,0,6,15,3.7
47,fgas-4sigma,12.125,12.25,ok,False,0.4157,10000,9987,10000,0,0,8,19,3.7
47,fgas-4sigma,12.25,12.375,ok,False,0.3775,10000,9999,10000,0,0,11,25,3.7
47,fgas-4sigma,12.375,12.5,ok,False,0.3429,10000,10000,10000,0,0,15,32,3.7
47,fgas-4sigma,12.5,12.625,ok,False,0.3121,10000,10000,10000,0,0,19,41,3.8
47,fgas-4sigma,12.625,12.75,ok,True,0.2833,10000,10000,10000,0,0,26,55,3.9
47,fgas-4sigma,12.75,12.875,ok,True,0.2578,10000,10000,10000,0,0,34,72,4.0
47,fgas-4sigma,12.875,13.0,ok,True,0.2338,10000,10000,10000,0,0,45,95,4.1
47,fgas-4sigma,13.0,13.125,ok,True,0.2127,10000,10000,10000,0,0,60,126,4.2
47,fgas-4sigma,13.125,13.25,ok,True,0.1933,10000,10000,10000,0,0,79,168,4.4
47,fgas-4sigma,13.25,13.375,ok,True,0.1756,6722,6722,6722,0,0,104,223,3.8
47,fgas-4sigma,13.375,13.5,ok,True,0.1596,4037,4037,4037,0,0,138,299,3.2
47,fgas-4sigma,13.5,13.625,ok,True,0.1450,2446,2446,2446,0,0,184,400,2.8
47,fgas-4sigma,13.625,13.75,ok,True,0.1319,1484,1484,1484,0,0,242,524,2.5
47,fgas-4sigma,13.75,13.875,ok,True,0.1202,740,740,740,0,0,320,700,1.9
47,fgas-4sigma,13.875,14.0,ok,True,0.1092,361,361,361,0,0,420,923,1.2
47,fgas-4sigma,14.0,14.125,ok,True,0.0990,191,191,191,0,0,555,1220,0.8
47,fgas-4sigma,14.125,14.25,ok,True,0.0899,75,75,75,0,0,697,1519,0.5
47,fgas-4sigma,14.25,14.375,ok,True,0.0824,30,30,30,0,0,956,2102,0.3
47,fgas-4sigma,14.375,14.5,ok,True,0.0738,7,7,7,0,0,1204,2650,0.2
47,fgas-4sigma,14.5,14.625,ok,True,0.0652,2,2,2,0,0,2100,4724,0.2
47,fgas-4sigma,14.625,14.75,ok,False,0.0626,2,2,2,2,0,1984,4424,0.2
47,fgas-4sigma,14.75,14.875,no_halos,False,nan,0,0,0,0,0,0,0,0.2
47,fgas-4sigma,14.875,15.0,no_halos,False,nan,0,0,0,0,0,0,0,0.2
57,fgas-4sigma,10.0,10.125,ok,False,1.7199,196,71,184,49,7,0,3,1.1
57,fgas-4sigma,10.125,10.25,ok,False,1.5449,132,54,118,57,15,0,3,0.7
57,fgas-4sigma,10.25,10.375,ok,False,1.4684,1419,562,1295,2,0,0,3,2.2
57,fgas-4sigma,10.375,10.5,ok,False,1.3284,3397,1452,3070,0,0,0,3,2.6
57,fgas-4sigma,10.5,10.625,ok,False,1.1851,7921,3694,7182,0,0,0,3,3.2
57,fgas-4sigma,10.625,10.75,ok,False,1.0771,10000,5039,9029,0,0,1,3,3.4
57,fgas-4sigma,10.75,10.875,ok,False,0.9799,10000,5436,9000,0,0,1,3,3.5
57,fgas-4sigma,10.875,11.0,ok,False,0.8877,10000,5744,8999,0,0,1,3,3.5
57,fgas-4sigma,11.0,11.125,ok,False,0.8079,10000,6049,9073,0,0,1,3,3.5
57,fgas-4sigma,11.125,11.25,ok,False,0.7330,10000,6286,9018,0,0,1,3,3.5
57,fgas-4sigma,11.25,11.375,ok,False,0.6728,10000,6602,9349,0,0,1,3,3.5
57,fgas-4sigma,11.375,11.5,ok,False,0.6144,10000,7461,9927,0,0,1,4,3.6
57,fgas-4sigma,11.5,11.625,ok,False,0.5579,10000,8199,10000,0,0,2,5,3.6
57,fgas-4sigma,11.625,11.75,ok,False,0.5070,10000,8968,10000,0,0,2,6,3.7
57,fgas-4sigma,11.75,11.875,ok,False,0.4605,10000,9464,10000,0,0,3,8,3.6
57,fgas-4sigma,11.875,12.0,ok,False,0.4184,10000,9773,10000,0,0,4,10,3.7
57,fgas-4sigma,12.0,12.125,ok,False,0.3802,10000,9932,10000,0,0,6,14,3.7
57,fgas-4sigma,12.125,12.25,ok,False,0.3454,10000,9971,10000,0,0,8,17,3.7
57,fgas-4sigma,12.25,12.375,ok,False,0.3138,10000,9997,10000,0,0,10,22,3.8
57,fgas-4sigma,12.375,12.5,ok,True,0.2854,10000,10000,10000,0,0,14,29,3.9
57,fgas-4sigma,12.5,12.625,ok,True,0.2588,10000,10000,10000,0,0,18,37,3.9
57,fgas-4sigma,12.625,12.75,ok,True,0.2356,10000,10000,10000,0,0,24,49,3.9
57,fgas-4sigma,12.75,12.875,ok,True,0.2138,10000,10000,10000,0,0,32,65,4.0
57,fgas-4sigma,12.875,13.0,ok,True,0.1942,10000,10000,10000,0,0,42,87,4.1
57,fgas-4sigma,13.0,13.125,ok,True,0.1766,10000,10000,10000,0,0,56,116,4.2
57,fgas-4sigma,13.125,13.25,ok,True,0.1606,10000,10000,10000,0,0,74,154,4.4
57,fgas-4sigma,13.25,13.375,ok,True,0.1457,10000,10000,10000,0,0,98,207,4.5
57,fgas-4sigma,13.375,13.5,ok,True,0.1325,7773,7773,7773,0,0,131,277,4.2
57,fgas-4sigma,13.5,13.625,ok,True,0.1203,5175,5175,5175,0,0,173,368,3.8
57,fgas-4sigma,13.625,13.75,ok,True,0.1095,3231,3231,3231,0,0,229,493,3.3
57,fgas-4sigma,13.75,13.875,ok,True,0.0996,2029,2029,2029,0,0,301,647,2.9
57,fgas-4sigma,13.875,14.0,ok,True,0.0904,1223,1223,1223,0,0,398,869,2.5
57,fgas-4sigma,14.0,14.125,ok,True,0.0821,680,680,680,0,0,545,1190,2.0
57,fgas-4sigma,14.125,14.25,ok,True,0.0748,369,369,369,0,0,699,1530,1.4
57,fgas-4sigma,14.25,14.375,ok,True,0.0679,191,191,191,0,0,894,2004,1.0
57,fgas-4sigma,14.375,14.5,ok,True,0.0616,78,78,78,0,0,1231,2699,0.6
57,fgas-4sigma,14.5,14.625,ok,True,0.0561,29,29,29,0,0,1583,3540,0.3
57,fgas-4sigma,14.625,14.75,ok,True,0.0506,8,8,8,0,0,2182,4708,0.2
57,fgas-4sigma,14.75,14.875,ok,True,0.0462,8,8,8,0,0,2966,6458,0.3
57,fgas-4sigma,14.875,15.0,no_halos,False,nan,0,0,0,0,0,0,0,0.2
62,fgas-4sigma,10.0,10.125,ok,False,1.5506,94,30,81,69,29,0,2,0.7
62,fgas-4sigma,10.125,10.25,ok,False,1.3968,73,21,68,79,37,0,3,0.5
62,fgas-4sigma,10.25,10.375,ok,False,1.3330,940,355,830,5,0,0,2,2.0
62,fgas-4sigma,10.375,10.5,ok,False,1.2035,2292,953,2014,0,0,0,2,2.5
62,fgas-4sigma,10.5,10.625,ok,False,1.0724,5335,2389,4742,0,0,0,2,2.9
62,fgas-4sigma,10.625,10.75,ok,False,0.9751,10000,4773,8804,0,0,0,2,3.4
62,fgas-4sigma,10.75,10.875,ok,False,0.8882,10000,5114,8798,0,0,1,2,3.5
62,fgas-4sigma,10.875,11.0,ok,False,0.8035,10000,5513,8880,0,0,1,2,3.5
62,fgas-4sigma,11.0,11.125,ok,False,0.7309,10000,5714,8837,0,0,1,2,3.5
62,fgas-4sigma,11.125,11.25,ok,False,0.6633,10000,5967,8849,0,0,1,2,3.5
62,fgas-4sigma,11.25,11.375,ok,False,0.6089,10000,6333,9169,0,0,1,3,3.5
62,fgas-4sigma,11.375,11.5,ok,False,0.5559,10000,7313,9923,0,0,1,4,3.6
62,fgas-4sigma,11.5,11.625,ok,False,0.5050,10000,8121,10000,0,0,2,5,3.6
62,fgas-4sigma,11.625,11.75,ok,False,0.4591,10000,8860,10000,0,0,2,6,3.6
62,fgas-4sigma,11.75,11.875,ok,False,0.4169,10000,9402,10000,0,0,3,7,3.7
62,fgas-4sigma,11.875,12.0,ok,False,0.3790,10000,9726,10000,0,0,4,10,3.7
62,fgas-4sigma,12.0,12.125,ok,False,0.3439,10000,9920,10000,0,0,5,13,3.7
62,fgas-4sigma,12.125,12.25,ok,False,0.3128,10000,9978,10000,0,0,7,16,3.8
62,fgas-4sigma,12.25,12.375,ok,True,0.2841,10000,9997,10000,0,0,10,20,3.7
62,fgas-4sigma,12.375,12.5,ok,True,0.2583,10000,9999,10000,0,0,13,26,3.7
62,fgas-4sigma,12.5,12.625,ok,True,0.2343,10000,10000,10000,0,0,17,34,3.8
62,fgas-4sigma,12.625,12.75,ok,True,0.2132,10000,10000,10000,0,0,23,45,3.9
62,fgas-4sigma,12.75,12.875,ok,True,0.1935,10000,10000,10000,0,0,30,60,3.9
62,fgas-4sigma,12.875,13.0,ok,True,0.1758,10000,10000,10000,0,0,40,80,4.1
62,fgas-4sigma,13.0,13.125,ok,True,0.1598,10000,10000,10000,0,0,53,107,4.1
62,fgas-4sigma,13.125,13.25,ok,True,0.1453,10000,10000,10000,0,0,70,144,4.3
62,fgas-4sigma,13.25,13.375,ok,True,0.1320,10000,10000,10000,0,0,94,195,4.5
62,fgas-4sigma,13.375,13.5,ok,True,0.1200,9445,9445,9445,0,0,125,261,4.5
62,fgas-4sigma,13.5,13.625,ok,True,0.1089,6542,6542,6542,0,0,165,352,4.1
62,fgas-4sigma,13.625,13.75,ok,True,0.0991,4380,4380,4380,0,0,221,473,3.6
62,fgas-4sigma,13.75,13.875,ok,True,0.0899,2774,2774,2774,0,0,288,618,3.2
62,fgas-4sigma,13.875,14.0,ok,True,0.0818,1777,1777,1777,0,0,386,834,2.9
62,fgas-4sigma,14.0,14.125,ok,True,0.0744,1094,1094,1094,0,0,506,1100,2.5
62,fgas-4sigma,14.125,14.25,ok,True,0.0675,621,621,621,0,0,688,1512,2.1
62,fgas-4sigma,14.25,14.375,ok,True,0.0615,358,358,358,0,0,868,1922,1.4
62,fgas-4sigma,14.375,14.5,ok,True,0.0558,173,173,173,0,0,1166,2564,0.9
62,fgas-4sigma,14.5,14.625,ok,True,0.0507,71,71,71,0,0,1521,3442,0.5
62,fgas-4sigma,14.625,14.75,ok,True,0.0465,25,25,25,0,0,1986,4341,0.3
62,fgas-4sigma,14.75,14.875,ok,True,0.0418,14,14,14,0,0,2940,6342,0.3
62,fgas-4sigma,14.875,15.0,ok,True,0.0380,3,3,3,0,0,4138,9055,0.2
67,fgas-4sigma,10.0,10.125,ok,False,1.4178,57,16,46,81,54,0,2,0.5
67,fgas-4sigma,10.125,10.25,ok,False,1.2609,48,11,38,86,49,0,2,0.5
67,fgas-4sigma,10.25,10.375,ok,False,1.2035,513,175,447,18,3,0,2,1.6
67,fgas-4sigma,10.375,10.5,ok,False,1.0893,1443,568,1218,0,0,0,2,2.3
67,fgas-4sigma,10.5,10.625,ok,False,0.9701,3577,1507,3030,0,0,0,2,2.7
67,fgas-4sigma,10.625,10.75,ok,False,0.8810,7558,3381,6425,0,0,0,2,3.1
67,fgas-4sigma,10.75,10.875,ok,False,0.8023,10000,4843,8542,0,0,0,2,3.5
67,fgas-4sigma,10.875,11.0,ok,False,0.7258,10000,5112,8605,0,0,1,2,3.5
67,fgas-4sigma,11.0,11.125,ok,False,0.6595,10000,5485,8651,0,0,1,2,3.4
67,fgas-4sigma,11.125,11.25,ok,False,0.5997,10000,5683,8567,0,0,1,2,3.4
67,fgas-4sigma,11.25,11.375,ok,False,0.5515,10000,5972,9077,0,0,1,2,3.5
67,fgas-4sigma,11.375,11.5,ok,False,0.5025,10000,6861,9895,0,0,1,3,3.5
67,fgas-4sigma,11.5,11.625,ok,False,0.4566,10000,7832,10000,0,0,1,4,3.5
67,fgas-4sigma,11.625,11.75,ok,False,0.4149,10000,8649,10000,0,0,2,5,3.6
67,fgas-4sigma,11.75,11.875,ok,False,0.3774,10000,9251,10000,0,0,3,7,3.6
67,fgas-4sigma,11.875,12.0,ok,False,0.3427,10000,9688,10000,0,0,4,9,3.7
67,fgas-4sigma,12.0,12.125,ok,False,0.3110,10000,9881,10000,0,0,5,11,3.7
67,fgas-4sigma,12.125,12.25,ok,True,0.2824,10000,9964,10000,0,0,7,14,3.8
67,fgas-4sigma,12.25,12.375,ok,True,0.2568,10000,9993,10000,0,0,9,18,3.7
67,fgas-4sigma,12.375,12.5,ok,True,0.2335,10000,10000,10000,0,0,12,23,3.8
67,fgas-4sigma,12.5,12.625,ok,True,0.2120,10000,10000,10000,0,0,16,31,3.8
67,fgas-4sigma,12.625,12.75,ok,True,0.1926,10000,10000,10000,0,0,21,40,4.0
67,fgas-4sigma,12.75,12.875,ok,True,0.1753,10000,10000,10000,0,0,28,53,4.1
67,fgas-4sigma,12.875,13.0,ok,True,0.1589,10000,10000,10000,0,0,37,72,4.1
67,fgas-4sigma,13.0,13.125,ok,True,0.1445,10000,10000,10000,0,0,49,97,4.2
67,fgas-4sigma,13.125,13.25,ok,True,0.1313,10000,10000,10000,0,0,66,132,4.3
67,fgas-4sigma,13.25,13.375,ok,True,0.1193,10000,10000,10000,0,0,88,180,4.4
67,fgas-4sigma,13.375,13.5,ok,True,0.1084,10000,10000,10000,0,0,116,241,4.7
67,fgas-4sigma,13.5,13.625,ok,True,0.0986,7468,7468,7468,0,0,156,327,4.3
67,fgas-4sigma,13.625,13.75,ok,True,0.0894,5126,5126,5126,0,0,207,441,3.8
67,fgas-4sigma,13.75,13.875,ok,True,0.0815,3634,3634,3634,0,0,275,594,3.5
67,fgas-4sigma,13.875,14.0,ok,True,0.0738,2405,2405,2405,0,0,370,796,3.2
67,fgas-4sigma,14.0,14.125,ok,True,0.0671,1530,1530,1530,0,0,490,1064,2.8
67,fgas-4sigma,14.125,14.25,ok,True,0.0611,938,938,938,0,0,646,1420,2.4
67,fgas-4sigma,14.25,14.375,ok,True,0.0553,553,553,553,0,0,875,1906,1.8
67,fgas-4sigma,14.375,14.5,ok,True,0.0506,311,311,311,0,0,1103,2433,1.3
67,fgas-4sigma,14.5,14.625,ok,True,0.0459,157,157,157,0,0,1477,3241,0.9
67,fgas-4sigma,14.625,14.75,ok,True,0.0417,73,73,73,0,0,1988,4352,0.6
67,fgas-4sigma,14.75,14.875,ok,True,0.0379,20,20,20,0,0,2740,6044,0.3
67,fgas-4sigma,14.875,15.0,ok,True,0.0345,11,11,11,0,0,3577,8017,0.3
69,fgas-4sigma,10.0,10.125,ok,False,1.3535,49,11,45,88,43,0,2,0.5
69,fgas-4sigma,10.125,10.25,ok,False,1.2151,33,17,29,80,58,1,2,0.4
69,fgas-4sigma,10.25,10.375,ok,False,1.1570,485,166,396,17,3,0,2,1.5
69,fgas-4sigma,10.375,10.5,ok,False,1.0476,1183,433,966,2,0,0,2,2.1
69,fgas-4sigma,10.5,10.625,ok,False,0.9312,2840,1189,2395,3,0,0,2,2.4
69,fgas-4sigma,10.625,10.75,ok,False,0.8468,6398,2800,5338,0,0,0,2,2.9
69,fgas-4sigma,10.75,10.875,ok,False,0.7709,10000,4750,8309,0,0,0,2,3.3
69,fgas-4sigma,10.875,11.0,ok,False,0.6977,10000,4998,8367,0,0,0,2,3.4
69,fgas-4sigma,11.0,11.125,ok,False,0.6347,10000,5192,8473,0,0,1,2,3.4
69,fgas-4sigma,11.125,11.25,ok,False,0.5765,10000,5363,8393,0,0,1,2,3.4
69,fgas-4sigma,11.25,11.375,ok,False,0.5298,10000,5792,8950,0,0,1,2,3.4
69,fgas-4sigma,11.375,11.5,ok,False,0.4828,10000,6652,9894,0,0,1,3,3.5
69,fgas-4sigma,11.5,11.625,ok,False,0.4387,10000,7635,9999,0,0,1,4,3.6
69,fgas-4sigma,11.625,11.75,ok,False,0.3986,10000,8513,10000,0,0,2,5,3.5
69,fgas-4sigma,11.75,11.875,ok,False,0.3624,10000,9132,10000,0,0,3,6,3.6
69,fgas-4sigma,11.875,12.0,ok,False,0.3292,10000,9630,10000,0,0,4,8,3.5
69,fgas-4sigma,12.0,12.125,ok,True,0.2988,10000,9844,10000,0,0,5,11,3.6
69,fgas-4sigma,12.125,12.25,ok,True,0.2719,10000,9961,10000,0,0,6,14,3.6
69,fgas-4sigma,12.25,12.375,ok,True,0.2469,10000,9996,10000,0,0,9,17,3.7
69,fgas-4sigma,12.375,12.5,ok,True,0.2245,10000,9999,10000,0,0,11,22,3.7
69,fgas-4sigma,12.5,12.625,ok,True,0.2038,10000,10000,10000,0,0,15,29,3.8
69,fgas-4sigma,12.625,12.75,ok,True,0.1853,10000,10000,10000,0,0,20,38,3.9
69,fgas-4sigma,12.75,12.875,ok,True,0.1685,10000,10000,10000,0,0,27,50,3.8
69,fgas-4sigma,12.875,13.0,ok,True,0.1530,10000,10000,10000,0,0,36,68,4.0
69,fgas-4sigma,13.0,13.125,ok,True,0.1390,10000,10000,10000,0,0,48,92,4.0
69,fgas-4sigma,13.125,13.25,ok,True,0.1263,10000,10000,10000,0,0,63,126,4.2
69,fgas-4sigma,13.25,13.375,ok,True,0.1146,10000,10000,10000,0,0,85,170,4.4
69,fgas-4sigma,13.375,13.5,ok,True,0.1042,10000,10000,10000,0,0,112,232,4.6
69,fgas-4sigma,13.5,13.625,ok,True,0.0947,7600,7600,7600,0,0,151,316,4.3
69,fgas-4sigma,13.625,13.75,ok,True,0.0859,5278,5278,5278,0,0,205,431,3.8
69,fgas-4sigma,13.75,13.875,ok,True,0.0783,3838,3838,3838,0,0,269,572,3.5
69,fgas-4sigma,13.875,14.0,ok,True,0.0709,2513,2513,2513,0,0,359,770,3.1
69,fgas-4sigma,14.0,14.125,ok,True,0.0645,1641,1641,1641,0,0,473,1032,2.8
69,fgas-4sigma,14.125,14.25,ok,True,0.0585,1074,1074,1074,0,0,638,1395,2.5
69,fgas-4sigma,14.25,14.375,ok,True,0.0533,601,601,601,0,0,840,1858,2.0
69,fgas-4sigma,14.375,14.5,ok,True,0.0487,380,380,380,0,0,1112,2459,1.5
69,fgas-4sigma,14.5,14.625,ok,True,0.0441,177,177,177,0,0,1406,3067,0.9
69,fgas-4sigma,14.625,14.75,ok,True,0.0401,100,100,100,0,0,1918,4297,0.6
69,fgas-4sigma,14.75,14.875,ok,True,0.0365,32,32,32,0,0,2604,5778,0.4
69,fgas-4sigma,14.875,15.0,ok,True,0.0336,13,13,13,0,0,3110,7261,0.3
71,fgas-4sigma,10.0,10.125,ok,False,1.2929,29,11,24,88,57,0,2,0.4
71,fgas-4sigma,10.125,10.25,ok,False,1.1674,20,6,15,95,85,0,1,0.3
71,fgas-4sigma,10.25,10.375,ok,False,1.1138,416,153,336,15,1,0,2,1.4
71,fgas-4sigma,10.375,10.5,ok,False,1.0067,1047,396,859,2,0,0,2,1.9
71,fgas-4sigma,10.5,10.625,ok,False,0.8966,2322,919,1873,4,0,0,2,2.3
71,fgas-4sigma,10.625,10.75,ok,False,0.8159,5340,2311,4324,0,0,0,2,2.7
71,fgas-4sigma,10.75,10.875,ok,False,0.7421,10000,4580,8104,0,0,0,2,3.2
71,fgas-4sigma,10.875,11.0,ok,False,0.6715,10000,4896,8197,0,0,0,2,3.3
71,fgas-4sigma,11.0,11.125,ok,False,0.6101,10000,4996,8207,0,0,0,2,3.3
71,fgas-4sigma,11.125,11.25,ok,False,0.5539,10000,5174,8151,0,0,1,2,3.3
71,fgas-4sigma,11.25,11.375,ok,False,0.5101,10000,5594,8877,0,0,1,2,3.3
71,fgas-4sigma,11.375,11.5,ok,False,0.4648,10000,6530,9887,0,0,1,3,3.4
71,fgas-4sigma,11.5,11.625,ok,False,0.4221,10000,7616,9999,0,0,1,4,3.4
71,fgas-4sigma,11.625,11.75,ok,False,0.3837,10000,8366,10000,0,0,2,5,3.4
71,fgas-4sigma,11.75,11.875,ok,False,0.3489,10000,9120,10000,0,0,2,6,3.5
71,fgas-4sigma,11.875,12.0,ok,False,0.3165,10000,9570,10000,0,0,3,8,3.5
71,fgas-4sigma,12.0,12.125,ok,True,0.2880,10000,9843,10000,0,0,4,10,3.6
71,fgas-4sigma,12.125,12.25,ok,True,0.2616,10000,9959,10000,0,0,6,13,3.5
71,fgas-4sigma,12.25,12.375,ok,True,0.2379,10000,9990,10000,0,0,8,16,3.6
71,fgas-4sigma,12.375,12.5,ok,True,0.2159,10000,9999,10000,0,0,11,21,3.7
71,fgas-4sigma,12.5,12.625,ok,True,0.1963,10000,10000,10000,0,0,14,27,3.7
71,fgas-4sigma,12.625,12.75,ok,True,0.1783,10000,10000,10000,0,0,19,36,3.7
71,fgas-4sigma,12.75,12.875,ok,True,0.1620,10000,10000,10000,0,0,26,48,3.8
71,fgas-4sigma,12.875,13.0,ok,True,0.1471,10000,10000,10000,0,0,34,64,3.8
71,fgas-4sigma,13.0,13.125,ok,True,0.1336,10000,10000,10000,0,0,46,87,4.0
71,fgas-4sigma,13.125,13.25,ok,True,0.1216,10000,10000,10000,0,0,61,119,4.0
71,fgas-4sigma,13.25,13.375,ok,True,0.1103,10000,10000,10000,0,0,82,163,4.3
71,fgas-4sigma,13.375,13.5,ok,True,0.1002,10000,10000,10000,0,0,109,223,4.5
71,fgas-4sigma,13.5,13.625,ok,True,0.0911,7581,7581,7581,0,0,145,302,4.1
71,fgas-4sigma,13.625,13.75,ok,True,0.0828,5379,5379,5379,0,0,194,410,3.7
71,fgas-4sigma,13.75,13.875,ok,True,0.0753,3990,3990,3990,0,0,260,554,3.4
71,fgas-4sigma,13.875,14.0,ok,True,0.0685,2658,2658,2658,0,0,342,736,3.1
71,fgas-4sigma,14.0,14.125,ok,True,0.0622,1801,1801,1801,0,0,461,999,2.8
71,fgas-4sigma,14.125,14.25,ok,True,0.0565,1093,1093,1093,0,0,609,1336,2.5
71,fgas-4sigma,14.25,14.375,ok,True,0.0514,694,694,694,0,0,806,1771,2.2
71,fgas-4sigma,14.375,14.5,ok,True,0.0468,445,445,445,0,0,1088,2398,1.6
71,fgas-4sigma,14.5,14.625,ok,True,0.0426,207,207,207,0,0,1412,3108,1.0
71,fgas-4sigma,14.625,14.75,ok,True,0.0387,100,100,100,0,0,1856,4056,0.7
71,fgas-4sigma,14.75,14.875,ok,True,0.0351,60,60,60,0,0,2581,5792,0.5
71,fgas-4sigma,14.875,15.0,ok,True,0.0321,22,22,22,0,0,3178,7206,0.3
73,fgas-4sigma,10.0,10.125,ok,False,1.2620,21,6,18,94,72,0,2,0.4
73,fgas-4sigma,10.125,10.25,ok,False,1.1263,26,5,22,93,65,0,2,0.3
73,fgas-4sigma,10.25,10.375,ok,False,1.0734,308,98,246,39,6,0,2,1.1
73,fgas-4sigma,10.375,10.5,ok,False,0.9711,840,316,669,8,0,0,2,1.8
73,fgas-4sigma,10.5,10.625,ok,False,0.8647,1943,737,1508,3,0,0,1,2.1
73,fgas-4sigma,10.625,10.75,ok,False,0.7870,4267,1816,3364,0,0,0,1,2.5
73,fgas-4sigma,10.75,10.875,ok,False,0.7147,10000,4380,7916,0,0,0,2,3.2
73,fgas-4sigma,10.875,11.0,ok,False,0.6463,10000,4601,7975,0,0,0,2,3.1
73,fgas-4sigma,11.0,11.125,ok,False,0.5874,10000,4801,7988,0,0,0,2,3.2
73,fgas-4sigma,11.125,11.25,ok,False,0.5347,10000,4946,7975,0,0,0,2,3.2
73,fgas-4sigma,11.25,11.375,ok,False,0.4915,10000,5529,8779,0,0,1,2,3.3
73,fgas-4sigma,11.375,11.5,ok,False,0.4483,10000,6302,9871,0,0,1,3,3.3
73,fgas-4sigma,11.5,11.625,ok,False,0.4072,10000,7329,9998,0,0,1,3,3.3
73,fgas-4sigma,11.625,11.75,ok,False,0.3696,10000,8323,10000,0,0,2,4,3.4
73,fgas-4sigma,11.75,11.875,ok,False,0.3359,10000,8973,10000,0,0,2,6,3.4
73,fgas-4sigma,11.875,12.0,ok,False,0.3055,10000,9520,10000,0,0,3,7,3.5
73,fgas-4sigma,12.0,12.125,ok,True,0.2774,10000,9803,10000,0,0,4,9,3.5
73,fgas-4sigma,12.125,12.25,ok,True,0.2519,10000,9933,10000,0,0,6,12,3.5
73,fgas-4sigma,12.25,12.375,ok,True,0.2293,10000,9993,10000,0,0,8,15,3.5
73,fgas-4sigma,12.375,12.5,ok,True,0.2081,10000,9998,10000,0,0,10,20,3.5
73,fgas-4sigma,12.5,12.625,ok,True,0.1890,10000,10000,10000,0,0,14,26,3.6
73,fgas-4sigma,12.625,12.75,ok,True,0.1717,10000,10000,10000,0,0,19,34,3.7
73,fgas-4sigma,12.75,12.875,ok,True,0.1560,10000,10000,10000,0,0,25,45,3.7
73,fgas-4sigma,12.875,13.0,ok,True,0.1418,10000,10000,10000,0,0,33,61,3.8
73,fgas-4sigma,13.0,13.125,ok,True,0.1288,10000,10000,10000,0,0,44,82,4.0
73,fgas-4sigma,13.125,13.25,ok,True,0.1169,10000,10000,10000,0,0,59,113,4.2
73,fgas-4sigma,13.25,13.375,ok,True,0.1063,10000,10000,10000,0,0,79,155,4.2
73,fgas-4sigma,13.375,13.5,ok,True,0.0965,9655,9655,9655,0,0,105,213,4.4
73,fgas-4sigma,13.5,13.625,ok,True,0.0877,7343,7343,7343,0,0,140,289,4.0
73,fgas-4sigma,13.625,13.75,ok,True,0.0798,5360,5360,5360,0,0,188,395,3.6
73,fgas-4sigma,13.75,13.875,ok,True,0.0724,3857,3857,3857,0,0,250,532,3.3
73,fgas-4sigma,13.875,14.0,ok,True,0.0658,2713,2713,2713,0,0,334,721,3.1
73,fgas-4sigma,14.0,14.125,ok,True,0.0599,1849,1849,1849,0,0,448,972,2.8
73,fgas-4sigma,14.125,14.25,ok,True,0.0545,1152,1152,1152,0,0,584,1280,2.5
73,fgas-4sigma,14.25,14.375,ok,True,0.0495,727,727,727,0,0,783,1729,2.0
73,fgas-4sigma,14.375,14.5,ok,True,0.0449,459,459,459,0,0,1057,2330,1.6
73,fgas-4sigma,14.5,14.625,ok,True,0.0409,258,258,258,0,0,1341,2984,1.1
73,fgas-4sigma,14.625,14.75,ok,True,0.0372,130,130,130,0,0,1811,4052,0.8
73,fgas-4sigma,14.75,14.875,ok,True,0.0340,49,49,49,0,0,2414,5338,0.4
73,fgas-4sigma,14.875,15.0,ok,True,0.0307,24,24,24,0,0,3072,6886,0.3
75,fgas-4sigma,10.0,10.125,ok,False,1.2259,30,9,24,90,73,0,1,0.4
75,fgas-4sigma,10.125,10.25,ok,False,1.0848,26,7,18,91,76,0,1,0.3
75,fgas-4sigma,10.25,10.375,ok,False,1.0356,250,78,186,40,11,0,1,1.0
75,fgas-4sigma,10.375,10.5,ok,False,0.9373,671,220,496,9,3,0,1,1.5
75,fgas-4sigma,10.5,10.625,ok,False,0.8352,1599,575,1181,6,0,0,1,2.0
75,fgas-4sigma,10.625,10.75,ok,False,0.7598,3507,1386,2688,1,0,0,1,2.3
75,fgas-4sigma,10.75,10.875,ok,False,0.6904,8831,3688,6705,0,0,0,1,3.0
75,fgas-4sigma,10.875,11.0,ok,False,0.6249,10000,4441,7651,0,0,0,1,3.0
75,fgas-4sigma,11.0,11.125,ok,False,0.5676,10000,4635,7704,0,0,0,1,3.1
75,fgas-4sigma,11.125,11.25,ok,False,0.5162,10000,4692,7860,0,0,0,1,3.1
75,fgas-4sigma,11.25,11.375,ok,False,0.4747,10000,5260,8662,0,0,1,2,3.1
75,fgas-4sigma,11.375,11.5,ok,False,0.4324,10000,6163,9861,0,0,1,3,3.2
75,fgas-4sigma,11.5,11.625,ok,False,0.3927,10000,7222,10000,0,0,1,3,3.2
75,fgas-4sigma,11.625,11.75,ok,False,0.3567,10000,8145,10000,0,0,2,4,3.3
75,fgas-4sigma,11.75,11.875,ok,False,0.3247,10000,8843,10000,0,0,2,5,3.3
75,fgas-4sigma,11.875,12.0,ok,True,0.2945,10000,9468,10000,0,0,3,7,3.3
75,fgas-4sigma,12.0,12.125,ok,True,0.2678,10000,9776,10000,0,0,4,9,3.3
75,fgas-4sigma,12.125,12.25,ok,True,0.2437,10000,9920,10000,0,0,5,11,3.4
75,fgas-4sigma,12.25,12.375,ok,True,0.2210,10000,9992,10000,0,0,7,14,3.4
75,fgas-4sigma,12.375,12.5,ok,True,0.2010,10000,9996,10000,0,0,10,18,3.4
75,fgas-4sigma,12.5,12.625,ok,True,0.1824,10000,10000,10000,0,0,13,24,3.4
75,fgas-4sigma,12.625,12.75,ok,True,0.1659,10000,10000,10000,0,0,18,31,3.5
75,fgas-4sigma,12.75,12.875,ok,True,0.1505,10000,10000,10000,0,0,24,42,3.6
75,fgas-4sigma,12.875,13.0,ok,True,0.1369,10000,10000,10000,0,0,32,56,3.7
75,fgas-4sigma,13.0,13.125,ok,True,0.1244,10000,10000,10000,0,0,42,77,3.8
75,fgas-4sigma,13.125,13.25,ok,True,0.1128,10000,10000,10000,0,0,56,106,4.0
75,fgas-4sigma,13.25,13.375,ok,True,0.1026,10000,10000,10000,0,0,75,146,4.1
75,fgas-4sigma,13.375,13.5,ok,True,0.0932,8860,8860,8860,0,0,101,202,4.0
75,fgas-4sigma,13.5,13.625,ok,True,0.0848,6928,6928,6928,0,0,135,277,3.7
75,fgas-4sigma,13.625,13.75,ok,True,0.0770,5085,5085,5085,0,0,180,375,3.4
75,fgas-4sigma,13.75,13.875,ok,True,0.0700,3846,3846,3846,0,0,242,510,3.2
75,fgas-4sigma,13.875,14.0,ok,True,0.0636,2656,2656,2656,0,0,322,694,3.0
75,fgas-4sigma,14.0,14.125,ok,True,0.0577,1877,1877,1877,0,0,433,932,2.7
75,fgas-4sigma,14.125,14.25,ok,True,0.0525,1188,1188,1188,0,0,569,1231,2.4
75,fgas-4sigma,14.25,14.375,ok,True,0.0478,744,744,744,0,0,766,1684,2.0
75,fgas-4sigma,14.375,14.5,ok,True,0.0434,516,516,516,0,0,1018,2247,1.7
75,fgas-4sigma,14.5,14.625,ok,True,0.0395,305,305,305,0,0,1306,2894,1.3
75,fgas-4sigma,14.625,14.75,ok,True,0.0359,120,120,120,0,0,1779,3944,0.7
75,fgas-4sigma,14.75,14.875,ok,True,0.0329,69,69,69,0,0,2336,5174,0.5
75,fgas-4sigma,14.875,15.0,ok,True,0.0298,23,23,23,0,0,3260,7130,0.3
77,fgas-4sigma,10.0,10.125,ok,False,1.1762,146,30,108,70,21,0,2,0.9
77,fgas-4sigma,10.125,10.25,ok,False,1.0540,532,134,413,35,6,0,1,1.6
77,fgas-4sigma,10.25,10.375,ok,False,1.0020,4067,1203,3113,1,0,0,1,2.7
77,fgas-4sigma,10.375,10.5,ok,False,0.9049,10000,3303,7555,0,0,0,1,3.8
77,fgas-4sigma,10.5,10.625,ok,False,0.8107,10000,3560,7738,0,0,0,1,3.6
77,fgas-4sigma,10.625,10.75,ok,False,0.7365,10000,3858,7718,0,0,0,1,3.6
77,fgas-4sigma,10.75,10.875,ok,False,0.6699,10000,4197,7733,0,0,0,1,3.4
77,fgas-4sigma,10.875,11.0,ok,False,0.6072,10000,4491,7882,0,0,0,1,3.4
77,fgas-4sigma,11.0,11.125,ok,False,0.5506,10000,4782,7948,0,0,0,2,3.4
77,fgas-4sigma,11.125,11.25,ok,False,0.5016,10000,5110,8094,0,0,1,2,3.5
77,fgas-4sigma,11.25,11.375,ok,False,0.4600,10000,5396,8805,0,0,1,2,3.5
77,fgas-4sigma,11.375,11.5,ok,False,0.4184,10000,6392,9877,0,0,1,3,3.6
77,fgas-4sigma,11.5,11.625,ok,False,0.3809,10000,7353,9999,0,0,1,3,3.6
77,fgas-4sigma,11.625,11.75,ok,False,0.3464,10000,8269,10000,0,0,2,4,3.6
77,fgas-4sigma,11.75,11.875,ok,False,0.3147,10000,8933,10000,0,0,2,5,3.7
77,fgas-4sigma,11.875,12.0,ok,True,0.2854,10000,9469,10000,0,0,3,7,3.7
77,fgas-4sigma,12.0,12.125,ok,True,0.2591,10000,9783,10000,0,0,4,9,3.8
77,fgas-4sigma,12.125,12.25,ok,True,0.2358,10000,9931,10000,0,0,6,11,3.8
77,fgas-4sigma,12.25,12.375,ok,True,0.2138,10000,9989,10000,0,0,7,14,3.9
77,fgas-4sigma,12.375,12.5,ok,True,0.1942,10000,9998,10000,0,0,10,18,4.0
77,fgas-4sigma,12.5,12.625,ok,True,0.1769,10000,10000,10000,0,0,13,23,4.0
77,fgas-4sigma,12.625,12.75,ok,True,0.1606,10000,10000,10000,0,0,18,31,3.9
77,fgas-4sigma,12.75,12.875,ok,True,0.1461,10000,10000,10000,0,0,24,41,4.1
77,fgas-4sigma,12.875,13.0,ok,True,0.1327,10000,10000,10000,0,0,31,55,4.0
77,fgas-4sigma,13.0,13.125,ok,True,0.1205,10000,10000,10000,0,0,42,75,4.1
77,fgas-4sigma,13.125,13.25,ok,True,0.1093,10000,10000,10000,0,0,56,103,4.3
77,fgas-4sigma,13.25,13.375,ok,True,0.0994,10000,10000,10000,0,0,75,142,4.4
77,fgas-4sigma,13.375,13.5,ok,True,0.0902,10000,10000,10000,0,0,100,197,4.6
77,fgas-4sigma,13.5,13.625,ok,True,0.0821,10000,10000,10000,0,0,132,267,5.1
77,fgas-4sigma,13.625,13.75,ok,True,0.0746,9590,9590,9590,0,0,177,365,5.1
77,fgas-4sigma,13.75,13.875,ok,True,0.0677,7036,7036,7036,0,0,236,498,4.6
77,fgas-4sigma,13.875,14.0,ok,True,0.0616,4933,4933,4933,0,0,316,676,4.3
77,fgas-4sigma,14.0,14.125,ok,True,0.0559,3690,3690,3690,0,0,425,915,3.9
77,fgas-4sigma,14.125,14.25,ok,True,0.0508,2408,2408,2408,0,0,560,1212,3.6
77,fgas-4sigma,14.25,14.375,ok,True,0.0463,1586,1586,1586,0,0,750,1653,3.2
77,fgas-4sigma,14.375,14.5,ok,True,0.0419,1046,1046,1046,0,0,1011,2242,2.8
77,fgas-4sigma,14.5,14.625,ok,True,0.0382,648,648,648,0,0,1310,2894,2.3
77,fgas-4sigma,14.625,14.75,ok,True,0.0348,370,370,370,0,0,1736,3849,1.7
77,fgas-4sigma,14.75,14.875,ok,True,0.0315,191,191,191,0,0,2316,5151,1.1
77,fgas-4sigma,14.875,15.0,ok,True,0.0286,102,102,102,0,0,3154,7087,0.8
9,fgas-8sigma,10.0,10.125,ok,False,3.1016,259,96,237,61,4,0,3,0.3
9,fgas-8sigma,10.125,10.25,ok,False,2.8192,109,39,102,73,21,0,3,0.2
9,fgas-8sigma,10.25,10.375,ok,False,2.6591,766,309,704,14,0,0,3,0.3
9,fgas-8sigma,10.375,10.5,ok,False,2.4069,1456,648,1342,2,0,0,3,0.4
9,fgas-8sigma,10.5,10.625,ok,False,2.1416,3200,1513,2951,0,0,0,3,0.6
9,fgas-8sigma,10.625,10.75,ok,False,1.9455,6388,3324,5942,0,0,1,3,0.9
9,fgas-8sigma,10.75,10.875,ok,False,1.7736,10000,5760,9303,0,0,1,3,1.3
9,fgas-8sigma,10.875,11.0,ok,False,1.6053,10000,6114,9378,0,0,1,3,1.3
9,fgas-8sigma,11.0,11.125,ok,False,1.4615,10000,6584,9438,0,0,1,3,1.3
9,fgas-8sigma,11.125,11.25,ok,False,1.3276,10000,7049,9574,0,0,1,3,1.3
9,fgas-8sigma,11.25,11.375,ok,False,1.2146,10000,7570,9681,0,0,1,4,1.3
9,fgas-8sigma,11.375,11.5,ok,False,1.1126,10000,8227,9963,0,0,2,5,1.4
9,fgas-8sigma,11.5,11.625,ok,False,1.0104,10000,9052,10000,0,0,2,6,1.4
9,fgas-8sigma,11.625,11.75,ok,False,0.9180,10000,9562,10000,0,0,3,8,1.4
9,fgas-8sigma,11.75,11.875,ok,False,0.8349,10000,9781,10000,0,0,4,10,1.4
9,fgas-8sigma,11.875,12.0,ok,False,0.7586,10000,9928,10000,0,0,5,13,1.4
9,fgas-8sigma,12.0,12.125,ok,False,0.6899,10000,9981,10000,0,0,7,17,1.5
9,fgas-8sigma,12.125,12.25,ok,False,0.6273,5281,5280,5281,0,0,9,22,1.0
9,fgas-8sigma,12.25,12.375,ok,False,0.5702,2605,2605,2605,0,0,12,29,0.6
9,fgas-8sigma,12.375,12.5,ok,False,0.5178,1211,1211,1211,0,0,16,38,0.4
9,fgas-8sigma,12.5,12.625,ok,False,0.4713,459,459,459,0,0,22,50,0.3
9,fgas-8sigma,12.625,12.75,ok,False,0.4276,177,177,177,0,0,28,64,0.2
9,fgas-8sigma,12.75,12.875,ok,False,0.3910,71,71,71,0,0,35,86,0.1
9,fgas-8sigma,12.875,13.0,ok,False,0.3576,20,20,20,3,0,49,112,0.1
9,fgas-8sigma,13.0,13.125,ok,False,0.3196,2,2,2,33,18,84,170,0.0
9,fgas-8sigma,13.125,13.25,ok,False,0.2950,2,2,2,27,12,93,186,0.0
9,fgas-8sigma,13.25,13.375,ok,False,0.2570,2,2,2,24,9,110,262,0.0
9,fgas-8sigma,13.375,13.5,no_halos,False,nan,0,0,0,0,0,0,0,0.0
9,fgas-8sigma,13.5,13.625,no_halos,False,nan,0,0,0,0,0,0,0,0.0
9,fgas-8sigma,13.625,13.75,no_halos,False,nan,0,0,0,0,0,0,0,0.0
9,fgas-8sigma,13.75,13.875,no_halos,False,nan,0,0,0,0,0,0,0,0.0
9,fgas-8sigma,13.875,14.0,no_halos,False,nan,0,0,0,0,0,0,0,0.0
9,fgas-8sigma,14.0,14.125,no_halos,False,nan,0,0,0,0,0,0,0,0.0
9,fgas-8sigma,14.125,14.25,no_halos,False,nan,0,0,0,0,0,0,0,0.0
9,fgas-8sigma,14.25,14.375,no_halos,False,nan,0,0,0,0,0,0,0,0.0
9,fgas-8sigma,14.375,14.5,no_halos,False,nan,0,0,0,0,0,0,0,0.0
9,fgas-8sigma,14.5,14.625,no_halos,False,nan,0,0,0,0,0,0,0,0.0
9,fgas-8sigma,14.625,14.75,no_halos,False,nan,0,0,0,0,0,0,0,0.0
9,fgas-8sigma,14.75,14.875,no_halos,False,nan,0,0,0,0,0,0,0,0.0
9,fgas-8sigma,14.875,15.0,no_halos,False,nan,0,0,0,0,0,0,0,0.0
13,fgas-8sigma,10.0,10.125,ok,False,3.1174,631,220,597,28,0,0,3,0.6
13,fgas-8sigma,10.125,10.25,ok,False,2.8499,286,110,271,44,2,0,3,0.4
13,fgas-8sigma,10.25,10.375,ok,False,2.6669,1755,772,1635,1,0,0,3,0.8
13,fgas-8sigma,10.375,10.5,ok,False,2.4100,3636,1670,3427,0,0,0,3,1.0
13,fgas-8sigma,10.5,10.625,ok,False,2.1467,7647,3744,7143,0,0,0,3,1.4
13,fgas-8sigma,10.625,10.75,ok,False,1.9517,10000,5323,9299,0,0,1,3,1.7
13,fgas-8sigma,10.75,10.875,ok,False,1.7771,10000,5784,9406,0,0,1,3,1.7
13,fgas-8sigma,10.875,11.0,ok,False,1.6109,10000,6199,9451,0,0,1,3,1.7
13,fgas-8sigma,11.0,11.125,ok,False,1.4638,10000,6638,9521,0,0,1,3,1.7
13,fgas-8sigma,11.125,11.25,ok,False,1.3315,10000,7031,9581,0,0,1,3,1.7
13,fgas-8sigma,11.25,11.375,ok,False,1.2179,10000,7525,9702,0,0,1,4,1.7
13,fgas-8sigma,11.375,11.5,ok,False,1.1139,10000,8268,9949,0,0,2,5,1.8
13,fgas-8sigma,11.5,11.625,ok,False,1.0126,10000,8961,10000,0,0,2,6,1.9
13,fgas-8sigma,11.625,11.75,ok,False,0.9198,10000,9499,10000,0,0,3,8,1.8
13,fgas-8sigma,11.75,11.875,ok,False,0.8365,10000,9780,10000,0,0,4,10,1.9
13,fgas-8sigma,11.875,12.0,ok,False,0.7586,10000,9936,10000,0,0,5,13,1.9
13,fgas-8sigma,12.0,12.125,ok,False,0.6899,10000,9991,10000,0,0,7,17,2.0
13,fgas-8sigma,12.125,12.25,ok,False,0.6273,10000,9998,10000,0,0,9,22,2.0
13,fgas-8sigma,12.25,12.375,ok,False,0.5702,10000,10000,10000,0,0,12,29,2.0
13,fgas-8sigma,12.375,12.5,ok,False,0.5190,7346,7346,7346,0,0,16,38,1.6
13,fgas-8sigma,12.5,12.625,ok,False,0.4708,3929,3929,3929,0,0,22,49,1.2
13,fgas-8sigma,12.625,12.75,ok,False,0.4284,1956,1956,1956,0,0,28,65,0.9
13,fgas-8sigma,12.75,12.875,ok,False,0.3897,860,860,860,0,0,38,86,0.7
13,fgas-8sigma,12.875,13.0,ok,False,0.3535,355,355,355,0,0,50,108,0.5
13,fgas-8sigma,13.0,13.125,ok,False,0.3212,125,125,125,0,0,64,144,0.3
13,fgas-8sigma,13.125,13.25,ok,True,0.2956,56,56,56,0,0,84,190,0.2
13,fgas-8sigma,13.25,13.375,ok,True,0.2634,16,16,16,0,0,117,253,0.1
13,fgas-8sigma,13.375,13.5,ok,False,0.2470,2,2,2,21,6,136,302,0.1
13,fgas-8sigma,13.5,13.625,ok,False,0.2234,2,2,2,15,10,183,378,0.1
13,fgas-8sigma,13.625,13.75,ok,False,0.2021,1,1,1,27,13,222,473,0.1
13,fgas-8sigma,13.75,13.875,no_halos,False,nan,0,0,0,0,0,0,0,0.1
13,fgas-8sigma,13.875,14.0,no_halos,False,nan,0,0,0,0,0,0,0,0.1
13,fgas-8sigma,14.0,14.125,no_halos,False,nan,0,0,0,0,0,0,0,0.1
13,fgas-8sigma,14.125,14.25,no_halos,False,nan,0,0,0,0,0,0,0,0.1
13,fgas-8sigma,14.25,14.375,no_halos,False,nan,0,0,0,0,0,0,0,0.1
13,fgas-8sigma,14.375,14.5,no_halos,False,nan,0,0,0,0,0,0,0,0.1
13,fgas-8sigma,14.5,14.625,no_halos,False,nan,0,0,0,0,0,0,0,0.1
13,fgas-8sigma,14.625,14.75,no_halos,False,nan,0,0,0,0,0,0,0,0.1
13,fgas-8sigma,14.75,14.875,no_halos,False,nan,0,0,0,0,0,0,0,0.1
13,fgas-8sigma,14.875,15.0,no_halos,False,nan,0,0,0,0,0,0,0,0.1
17,fgas-8sigma,10.0,10.125,ok,False,3.1335,1003,400,952,11,0,0,3,1.3
17,fgas-8sigma,10.125,10.25,ok,False,2.8455,486,200,454,27,0,0,3,1.0
17,fgas-8sigma,10.25,10.375,ok,False,2.6786,2836,1190,2685,0,0,0,3,1.5
17,fgas-8sigma,10.375,10.5,ok,False,2.4228,5898,2738,5532,0,0,0,3,1.8
17,fgas-8sigma,10.5,10.625,ok,False,2.1594,10000,4991,9428,0,0,0,3,2.3
17,fgas-8sigma,10.625,10.75,ok,False,1.9643,10000,5375,9425,0,0,1,3,2.3
17,fgas-8sigma,10.75,10.875,ok,False,1.7875,10000,5785,9482,0,0,1,3,2.3
17,fgas-8sigma,10.875,11.0,ok,False,1.6195,10000,6242,9438,0,0,1,3,2.3
17,fgas-8sigma,11.0,11.125,ok,False,1.4732,10000,6565,9498,0,0,1,3,2.3
17,fgas-8sigma,11.125,11.25,ok,False,1.3373,10000,6890,9585,0,0,1,3,2.4
17,fgas-8sigma,11.25,11.375,ok,False,1.2244,10000,7376,9673,0,0,1,4,2.4
17,fgas-8sigma,11.375,11.5,ok,False,1.1194,10000,8138,9967,0,0,2,5,2.4
17,fgas-8sigma,11.5,11.625,ok,False,1.0160,10000,8822,10000,0,0,2,6,2.5
17,fgas-8sigma,11.625,11.75,ok,False,0.9245,10000,9420,10000,0,0,3,8,2.5
17,fgas-8sigma,11.75,11.875,ok,False,0.8395,10000,9736,10000,0,0,4,10,2.5
17,fgas-8sigma,11.875,12.0,ok,False,0.7637,10000,9916,10000,0,0,5,13,2.6
17,fgas-8sigma,12.0,12.125,ok,False,0.6930,10000,9970,10000,0,0,7,17,2.6
17,fgas-8sigma,12.125,12.25,ok,False,0.6299,10000,9996,10000,0,0,9,22,2.6
17,fgas-8sigma,12.25,12.375,ok,False,0.5723,10000,9999,10000,0,0,12,28,2.6
17,fgas-8sigma,12.375,12.5,ok,False,0.5205,10000,10000,10000,0,0,16,37,2.6
17,fgas-8sigma,12.5,12.625,ok,False,0.4733,10000,10000,10000,0,0,21,48,2.7
17,fgas-8sigma,12.625,12.75,ok,False,0.4300,10000,10000,10000,0,0,28,63,2.7
17,fgas-8sigma,12.75,12.875,ok,False,0.3910,5713,5713,5713,0,0,37,81,2.2
17,fgas-8sigma,12.875,13.0,ok,False,0.3551,3145,3145,3145,0,0,49,107,1.7
17,fgas-8sigma,13.0,13.125,ok,False,0.3230,1563,1563,1563,0,0,64,142,1.5
17,fgas-8sigma,13.125,13.25,ok,True,0.2943,771,771,771,0,0,84,183,1.2
17,fgas-8sigma,13.25,13.375,ok,True,0.2665,275,275,275,0,0,112,244,0.8
17,fgas-8sigma,13.375,13.5,ok,True,0.2428,150,150,150,0,0,148,331,0.5
17,fgas-8sigma,13.5,13.625,ok,True,0.2204,44,44,44,0,0,188,425,0.3
17,fgas-8sigma,13.625,13.75,ok,True,0.2007,15,15,15,0,0,268,617,0.2
17,fgas-8sigma,13.75,13.875,ok,False,0.1792,3,3,3,1,0,318,729,0.1
17,fgas-8sigma,13.875,14.0,no_halos,False,nan,0,0,0,0,0,0,0,0.1
17,fgas-8sigma,14.0,14.125,no_halos,False,nan,0,0,0,0,0,0,0,0.1
17,fgas-8sigma,14.125,14.25,no_halos,False,nan,0,0,0,0,0,0,0,0.1
17,fgas-8sigma,14.25,14.375,no_halos,False,nan,0,0,0,0,0,0,0,0.1
17,fgas-8sigma,14.375,14.5,no_halos,False,nan,0,0,0,0,0,0,0,0.1
17,fgas-8sigma,14.5,14.625,no_halos,False,nan,0,0,0,0,0,0,0,0.1
17,fgas-8sigma,14.625,14.75,no_halos,False,nan,0,0,0,0,0,0,0,0.1
17,fgas-8sigma,14.75,14.875,no_halos,False,nan,0,0,0,0,0,0,0,0.1
17,fgas-8sigma,14.875,15.0,no_halos,False,nan,0,0,0,0,0,0,0,0.1
37,fgas-8sigma,10.0,10.125,ok,False,2.4362,823,301,773,14,0,0,3,1.7
37,fgas-8sigma,10.125,10.25,ok,False,2.2095,455,170,420,33,0,0,3,1.3
37,fgas-8sigma,10.25,10.375,ok,False,2.0846,3499,1430,3297,0,0,0,3,2.4
37,fgas-8sigma,10.375,10.5,ok,False,1.8854,7798,3522,7260,0,0,0,3,2.9
37,fgas-8sigma,10.5,10.625,ok,False,1.6797,10000,4961,9368,0,0,0,3,3.2
37,fgas-8sigma,10.625,10.75,ok,False,1.5293,10000,5405,9364,0,0,1,3,3.3
37,fgas-8sigma,10.75,10.875,ok,False,1.3911,10000,5769,9398,0,0,1,3,3.2
37,fgas-8sigma,10.875,11.0,ok,False,1.2620,10000,6118,9366,0,0,1,3,3.2
37,fgas-8sigma,11.0,11.125,ok,False,1.1463,10000,6589,9425,0,0,1,3,3.2
37,fgas-8sigma,11.125,11.25,ok,False,1.0407,10000,6846,9422,0,0,1,3,3.3
37,fgas-8sigma,11.25,11.375,ok,False,0.9542,10000,7181,9561,0,0,1,3,3.3
37,fgas-8sigma,11.375,11.5,ok,False,0.8712,10000,7936,9945,0,0,2,5,3.4
37,fgas-8sigma,11.5,11.625,ok,False,0.7905,10000,8716,10000,0,0,2,6,3.4
37,fgas-8sigma,11.625,11.75,ok,False,0.7191,10000,9274,10000,0,0,3,7,3.4
37,fgas-8sigma,11.75,11.875,ok,False,0.6534,10000,9691,10000,0,0,4,10,3.6
37,fgas-8sigma,11.875,12.0,ok,False,0.5936,10000,9884,10000,0,0,5,12,3.6
37,fgas-8sigma,12.0,12.125,ok,False,0.5396,10000,9969,10000,0,0,7,16,3.6
37,fgas-8sigma,12.125,12.25,ok,False,0.4898,10000,9997,10000,0,0,9,21,3.6
37,fgas-8sigma,12.25,12.375,ok,False,0.4450,10000,10000,10000,0,0,12,27,3.6
37,fgas-8sigma,12.375,12.5,ok,False,0.4049,10000,10000,10000,0,0,15,34,3.7
37,fgas-8sigma,12.5,12.625,ok,False,0.3675,10000,10000,10000,0,0,20,44,3.7
37,fgas-8sigma,12.625,12.75,ok,False,0.3342,10000,10000,10000,0,0,27,58,3.8
37,fgas-8sigma,12.75,12.875,ok,False,0.3035,10000,10000,10000,0,0,36,76,3.8
37,fgas-8sigma,12.875,13.0,ok,True,0.2762,10000,10000,10000,0,0,47,100,3.9
37,fgas-8sigma,13.0,13.125,ok,True,0.2509,8853,8853,8853,0,0,62,132,3.8
37,fgas-8sigma,13.125,13.25,ok,True,0.2280,5377,5377,5377,0,0,81,175,3.1
37,fgas-8sigma,13.25,13.375,ok,True,0.2072,2961,2961,2961,0,0,108,233,2.6
37,fgas-8sigma,13.375,13.5,ok,True,0.1883,1763,1763,1763,0,0,144,311,2.3
37,fgas-8sigma,13.5,13.625,ok,True,0.1715,877,877,877,0,0,190,408,1.8
37,fgas-8sigma,13.625,13.75,ok,True,0.1555,442,442,442,0,0,250,543,1.2
37,fgas-8sigma,13.75,13.875,ok,True,0.1421,203,203,203,0,0,334,720,0.8
37,fgas-8sigma,13.875,14.0,ok,True,0.1282,88,88,88,0,0,442,952,0.5
37,fgas-8sigma,14.0,14.125,ok,True,0.1177,31,31,31,0,0,587,1253,0.3
37,fgas-8sigma,14.125,14.25,ok,True,0.1052,10,10,10,0,0,664,1432,0.2
37,fgas-8sigma,14.25,14.375,ok,False,0.0962,2,2,2,1,0,922,2016,0.2
37,fgas-8sigma,14.375,14.5,no_halos,False,nan,0,0,0,0,0,0,0,0.2
37,fgas-8sigma,14.5,14.625,no_halos,False,nan,0,0,0,0,0,0,0,0.2
37,fgas-8sigma,14.625,14.75,no_halos,False,nan,0,0,0,0,0,0,0,0.2
37,fgas-8sigma,14.75,14.875,no_halos,False,nan,0,0,0,0,0,0,0,0.2
37,fgas-8sigma,14.875,15.0,no_halos,False,nan,0,0,0,0,0,0,0,0.2
47,fgas-8sigma,10.0,10.125,ok,False,2.0698,460,175,429,22,0,0,3,1.5
47,fgas-8sigma,10.125,10.25,ok,False,1.8648,262,98,233,40,2,0,3,1.0
47,fgas-8sigma,10.25,10.375,ok,False,1.7687,2463,993,2265,0,0,0,3,2.5
47,fgas-8sigma,10.375,10.5,ok,False,1.6013,5925,2657,5476,0,0,0,3,2.9
47,fgas-8sigma,10.5,10.625,ok,False,1.4253,10000,4782,9269,0,0,0,3,3.4
47,fgas-8sigma,10.625,10.75,ok,False,1.2956,10000,5296,9270,0,0,1,3,3.5
47,fgas-8sigma,10.75,10.875,ok,False,1.1803,10000,5576,9239,0,0,1,3,3.4
47,fgas-8sigma,10.875,11.0,ok,False,1.0690,10000,6038,9250,0,0,1,3,3.4
47,fgas-8sigma,11.0,11.125,ok,False,0.9712,10000,6256,9244,0,0,1,3,3.5
47,fgas-8sigma,11.125,11.25,ok,False,0.8844,10000,6654,9280,0,0,1,3,3.5
47,fgas-8sigma,11.25,11.375,ok,False,0.8095,10000,7023,9501,0,0,1,3,3.4
47,fgas-8sigma,11.375,11.5,ok,False,0.7388,10000,7746,9951,0,0,1,4,3.5
47,fgas-8sigma,11.5,11.625,ok,False,0.6709,10000,8648,10000,0,0,2,5,3.6
47,fgas-8sigma,11.625,11.75,ok,False,0.6099,10000,9184,10000,0,0,3,7,3.7
47,fgas-8sigma,11.75,11.875,ok,False,0.5548,10000,9609,10000,0,0,4,9,3.8
47,fgas-8sigma,11.875,12.0,ok,False,0.5040,10000,9831,10000,0,0,5,12,3.8
47,fgas-8sigma,12.0,12.125,ok,False,0.4574,10000,9949,10000,0,0,6,15,3.7
47,fgas-8sigma,12.125,12.25,ok,False,0.4151,10000,9990,10000,0,0,8,19,3.8
47,fgas-8sigma,12.25,12.375,ok,False,0.3775,10000,9999,10000,0,0,11,24,3.8
47,fgas-8sigma,12.375,12.5,ok,False,0.3433,10000,10000,10000,0,0,15,32,3.9
47,fgas-8sigma,12.5,12.625,ok,False,0.3118,10000,10000,10000,0,0,19,41,3.9
47,fgas-8sigma,12.625,12.75,ok,True,0.2833,10000,10000,10000,0,0,26,54,4.0
47,fgas-8sigma,12.75,12.875,ok,True,0.2574,10000,10000,10000,0,0,34,71,4.0
47,fgas-8sigma,12.875,13.0,ok,True,0.2342,10000,10000,10000,0,0,45,94,4.2
47,fgas-8sigma,13.0,13.125,ok,True,0.2127,10000,10000,10000,0,0,60,125,4.2
47,fgas-8sigma,13.125,13.25,ok,True,0.1933,10000,10000,10000,0,0,79,166,4.4
47,fgas-8sigma,13.25,13.375,ok,True,0.1756,6528,6528,6528,0,0,105,221,3.8
47,fgas-8sigma,13.375,13.5,ok,True,0.1596,3950,3950,3950,0,0,137,294,3.2
47,fgas-8sigma,13.5,13.625,ok,True,0.1450,2399,2399,2399,0,0,183,394,2.8
47,fgas-8sigma,13.625,13.75,ok,True,0.1319,1450,1450,1450,0,0,241,520,2.5
47,fgas-8sigma,13.75,13.875,ok,True,0.1198,735,735,735,0,0,321,694,1.9
47,fgas-8sigma,13.875,14.0,ok,True,0.1089,364,364,364,0,0,424,919,1.2
47,fgas-8sigma,14.0,14.125,ok,True,0.0993,188,188,188,0,0,556,1213,0.8
47,fgas-8sigma,14.125,14.25,ok,True,0.0899,77,77,77,0,0,699,1538,0.5
47,fgas-8sigma,14.25,14.375,ok,True,0.0824,30,30,30,0,0,907,2014,0.3
47,fgas-8sigma,14.375,14.5,ok,True,0.0731,7,7,7,0,0,1204,2603,0.2
47,fgas-8sigma,14.5,14.625,ok,False,0.0638,1,1,1,4,0,2038,4600,0.2
47,fgas-8sigma,14.625,14.75,ok,False,0.0625,1,1,1,3,0,1754,3899,0.2
47,fgas-8sigma,14.75,14.875,no_halos,False,nan,0,0,0,0,0,0,0,0.2
47,fgas-8sigma,14.875,15.0,no_halos,False,nan,0,0,0,0,0,0,0,0.2
57,fgas-8sigma,10.0,10.125,ok,False,1.7199,186,71,168,49,6,0,2,1.1
57,fgas-8sigma,10.125,10.25,ok,False,1.5436,125,50,116,58,19,0,2,0.7
57,fgas-8sigma,10.25,10.375,ok,False,1.4684,1436,558,1288,2,0,0,2,2.3
57,fgas-8sigma,10.375,10.5,ok,False,1.3284,3342,1426,3007,0,0,0,3,2.7
57,fgas-8sigma,10.5,10.625,ok,False,1.1851,7749,3618,7031,0,0,0,3,3.4
57,fgas-8sigma,10.625,10.75,ok,False,1.0771,10000,5004,8926,0,0,1,2,3.5
57,fgas-8sigma,10.75,10.875,ok,False,0.9799,10000,5383,9068,0,0,1,3,3.6
57,fgas-8sigma,10.875,11.0,ok,False,0.8877,10000,5688,9017,0,0,1,3,3.8
57,fgas-8sigma,11.0,11.125,ok,False,0.8065,10000,5961,9077,0,0,1,3,3.6
57,fgas-8sigma,11.125,11.25,ok,False,0.7330,10000,6232,9032,0,0,1,3,3.7
57,fgas-8sigma,11.25,11.375,ok,False,0.6728,10000,6646,9285,0,0,1,3,3.6
57,fgas-8sigma,11.375,11.5,ok,False,0.6144,10000,7435,9945,0,0,1,4,3.7
57,fgas-8sigma,11.5,11.625,ok,False,0.5579,10000,8356,10000,0,0,2,5,3.9
57,fgas-8sigma,11.625,11.75,ok,False,0.5075,10000,8955,10000,0,0,2,6,3.7
57,fgas-8sigma,11.75,11.875,ok,False,0.4610,10000,9485,10000,0,0,3,8,3.7
57,fgas-8sigma,11.875,12.0,ok,False,0.4184,10000,9795,10000,0,0,4,11,3.7
57,fgas-8sigma,12.0,12.125,ok,False,0.3802,10000,9918,10000,0,0,6,14,3.8
57,fgas-8sigma,12.125,12.25,ok,False,0.3454,10000,9971,10000,0,0,8,17,3.8
57,fgas-8sigma,12.25,12.375,ok,False,0.3138,10000,10000,10000,0,0,10,22,3.9
57,fgas-8sigma,12.375,12.5,ok,True,0.2851,10000,10000,10000,0,0,13,28,4.0
57,fgas-8sigma,12.5,12.625,ok,True,0.2591,10000,10000,10000,0,0,18,37,4.0
57,fgas-8sigma,12.625,12.75,ok,True,0.2354,10000,10000,10000,0,0,24,48,4.1
57,fgas-8sigma,12.75,12.875,ok,True,0.2138,10000,10000,10000,0,0,32,63,4.2
57,fgas-8sigma,12.875,13.0,ok,True,0.1942,10000,10000,10000,0,0,42,84,4.2
57,fgas-8sigma,13.0,13.125,ok,True,0.1766,10000,10000,10000,0,0,56,113,4.3
57,fgas-8sigma,13.125,13.25,ok,True,0.1606,10000,10000,10000,0,0,74,150,4.5
57,fgas-8sigma,13.25,13.375,ok,True,0.1457,10000,10000,10000,0,0,98,203,4.8
57,fgas-8sigma,13.375,13.5,ok,True,0.1327,7379,7379,7379,0,0,130,271,4.2
57,fgas-8sigma,13.5,13.625,ok,True,0.1203,4846,4846,4846,0,0,173,363,3.6
57,fgas-8sigma,13.625,13.75,ok,True,0.1093,3077,3077,3077,0,0,230,488,3.2
57,fgas-8sigma,13.75,13.875,ok,True,0.0996,1967,1967,1967,0,0,301,639,2.8
57,fgas-8sigma,13.875,14.0,ok,True,0.0905,1184,1184,1184,0,0,397,860,2.4
57,fgas-8sigma,14.0,14.125,ok,True,0.0821,656,656,656,0,0,537,1164,1.9
57,fgas-8sigma,14.125,14.25,ok,True,0.0745,358,358,358,0,0,701,1523,1.4
57,fgas-8sigma,14.25,14.375,ok,True,0.0682,187,187,187,0,0,915,1999,0.9
57,fgas-8sigma,14.375,14.5,ok,True,0.0616,71,71,71,0,0,1183,2612,0.5
57,fgas-8sigma,14.5,14.625,ok,True,0.0557,36,36,36,0,0,1574,3452,0.4
57,fgas-8sigma,14.625,14.75,ok,True,0.0506,9,9,9,0,0,2189,4754,0.3
57,fgas-8sigma,14.75,14.875,ok,True,0.0467,5,5,5,0,0,3025,6478,0.2
57,fgas-8sigma,14.875,15.0,ok,False,0.0438,1,1,1,1,1,3321,7411,0.2
62,fgas-8sigma,10.0,10.125,ok,False,1.5506,92,30,82,69,21,0,2,0.5
62,fgas-8sigma,10.125,10.25,ok,False,1.3956,72,19,63,81,37,0,2,0.4
62,fgas-8sigma,10.25,10.375,ok,False,1.3309,879,336,778,4,0,0,2,1.4
62,fgas-8sigma,10.375,10.5,ok,False,1.2035,2182,918,1919,0,0,0,2,1.7
62,fgas-8sigma,10.5,10.625,ok,False,1.0724,5200,2323,4604,0,0,0,2,2.0
62,fgas-8sigma,10.625,10.75,ok,False,0.9751,10000,4843,8781,0,0,0,2,2.4
62,fgas-8sigma,10.75,10.875,ok,False,0.8872,10000,5115,8789,0,0,1,2,2.5
62,fgas-8sigma,10.875,11.0,ok,False,0.8035,10000,5448,8809,0,0,1,2,2.4
62,fgas-8sigma,11.0,11.125,ok,False,0.7296,10000,5802,8900,0,0,1,2,2.5
62,fgas-8sigma,11.125,11.25,ok,False,0.6633,10000,5854,8797,0,0,1,2,2.5
62,fgas-8sigma,11.25,11.375,ok,False,0.6098,10000,6376,9245,0,0,1,3,2.5
62,fgas-8sigma,11.375,11.5,ok,False,0.5559,10000,7173,9910,0,0,1,4,2.4
62,fgas-8sigma,11.5,11.625,ok,False,0.5050,10000,8083,10000,0,0,2,4,2.6
62,fgas-8sigma,11.625,11.75,ok,False,0.4586,10000,8868,10000,0,0,2,6,2.5
62,fgas-8sigma,11.75,11.875,ok,False,0.4173,10000,9395,10000,0,0,3,7,2.6
62,fgas-8sigma,11.875,12.0,ok,False,0.3790,10000,9734,10000,0,0,4,10,2.6
62,fgas-8sigma,12.0,12.125,ok,False,0.3439,10000,9898,10000,0,0,5,12,2.6
62,fgas-8sigma,12.125,12.25,ok,False,0.3124,10000,9968,10000,0,0,7,16,2.6
62,fgas-8sigma,12.25,12.375,ok,True,0.2841,10000,9992,10000,0,0,10,20,2.7
62,fgas-8sigma,12.375,12.5,ok,True,0.2583,10000,10000,10000,0,0,13,26,2.7
62,fgas-8sigma,12.5,12.625,ok,True,0.2345,10000,10000,10000,0,0,17,33,2.7
62,fgas-8sigma,12.625,12.75,ok,True,0.2132,10000,10000,10000,0,0,23,44,2.8
62,fgas-8sigma,12.75,12.875,ok,True,0.1938,10000,10000,10000,0,0,30,58,2.8
62,fgas-8sigma,12.875,13.0,ok,True,0.1761,10000,10000,10000,0,0,40,77,2.8
62,fgas-8sigma,13.0,13.125,ok,True,0.1598,10000,10000,10000,0,0,53,104,3.0
62,fgas-8sigma,13.125,13.25,ok,True,0.1453,10000,10000,10000,0,0,70,140,3.1
62,fgas-8sigma,13.25,13.375,ok,True,0.1320,10000,10000,10000,0,0,94,189,3.1
62,fgas-8sigma,13.375,13.5,ok,True,0.1199,8718,8718,8718,0,0,125,256,3.1
62,fgas-8sigma,13.5,13.625,ok,True,0.1089,6010,6010,6010,0,0,165,345,2.8
62,fgas-8sigma,13.625,13.75,ok,True,0.0990,4127,4127,4127,0,0,220,465,2.5
62,fgas-8sigma,13.75,13.875,ok,True,0.0899,2617,2617,2617,0,0,288,611,2.2
62,fgas-8sigma,13.875,14.0,ok,True,0.0818,1682,1682,1682,0,0,388,829,2.0
62,fgas-8sigma,14.0,14.125,ok,True,0.0744,1059,1059,1059,0,0,506,1095,1.7
62,fgas-8sigma,14.125,14.25,ok,True,0.0675,617,617,617,0,0,684,1492,1.4
62,fgas-8sigma,14.25,14.375,ok,True,0.0614,340,340,340,0,0,876,1925,1.0
62,fgas-8sigma,14.375,14.5,ok,True,0.0558,171,171,171,0,0,1166,2536,0.6
62,fgas-8sigma,14.5,14.625,ok,True,0.0508,75,75,75,0,0,1516,3421,0.4
62,fgas-8sigma,14.625,14.75,ok,True,0.0464,25,25,25,0,0,1950,4368,0.2
62,fgas-8sigma,14.75,14.875,ok,True,0.0419,13,13,13,0,0,2841,6123,0.2
62,fgas-8sigma,14.875,15.0,ok,True,0.0380,5,5,5,0,0,3790,8582,0.2
67,fgas-8sigma,10.0,10.125,ok,False,1.4143,50,15,41,82,53,0,1,0.3
67,fgas-8sigma,10.125,10.25,ok,False,1.2643,40,11,34,85,55,0,2,0.3
67,fgas-8sigma,10.25,10.375,ok,False,1.2035,514,175,428,22,0,0,2,1.1
67,fgas-8sigma,10.375,10.5,ok,False,1.0893,1408,558,1180,0,0,0,2,1.5
67,fgas-8sigma,10.5,10.625,ok,False,0.9688,3493,1482,2950,0,0,0,2,1.8
67,fgas-8sigma,10.625,10.75,ok,False,0.8810,7355,3232,6230,0,0,0,2,2.2
67,fgas-8sigma,10.75,10.875,ok,False,0.8023,10000,4880,8513,0,0,0,2,2.4
67,fgas-8sigma,10.875,11.0,ok,False,0.7258,10000,5182,8605,0,0,1,2,2.4
67,fgas-8sigma,11.0,11.125,ok,False,0.6595,10000,5494,8562,0,0,1,2,2.4
67,fgas-8sigma,11.125,11.25,ok,False,0.5997,10000,5553,8539,0,0,1,2,2.5
67,fgas-8sigma,11.25,11.375,ok,False,0.5515,10000,5935,9057,0,0,1,2,2.5
67,fgas-8sigma,11.375,11.5,ok,False,0.5025,10000,6843,9905,0,0,1,3,2.5
67,fgas-8sigma,11.5,11.625,ok,False,0.4566,10000,7809,10000,0,0,1,4,2.5
67,fgas-8sigma,11.625,11.75,ok,False,0.4144,10000,8615,10000,0,0,2,5,2.5
67,fgas-8sigma,11.75,11.875,ok,False,0.3774,10000,9275,10000,0,0,3,7,2.5
67,fgas-8sigma,11.875,12.0,ok,False,0.3427,10000,9647,10000,0,0,4,9,2.6
67,fgas-8sigma,12.0,12.125,ok,False,0.3116,10000,9864,10000,0,0,5,11,2.6
67,fgas-8sigma,12.125,12.25,ok,True,0.2829,10000,9959,10000,0,0,7,14,2.6
67,fgas-8sigma,12.25,12.375,ok,True,0.2568,10000,9991,10000,0,0,9,18,2.6
67,fgas-8sigma,12.375,12.5,ok,True,0.2335,10000,10000,10000,0,0,12,23,2.6
67,fgas-8sigma,12.5,12.625,ok,True,0.2120,10000,10000,10000,0,0,16,30,2.7
67,fgas-8sigma,12.625,12.75,ok,True,0.1926,10000,10000,10000,0,0,21,39,2.7
67,fgas-8sigma,12.75,12.875,ok,True,0.1751,10000,10000,10000,0,0,28,52,2.8
67,fgas-8sigma,12.875,13.0,ok,True,0.1589,10000,10000,10000,0,0,37,69,2.8
67,fgas-8sigma,13.0,13.125,ok,True,0.1445,10000,10000,10000,0,0,50,94,2.8
67,fgas-8sigma,13.125,13.25,ok,True,0.1315,10000,10000,10000,0,0,66,126,3.0
67,fgas-8sigma,13.25,13.375,ok,True,0.1193,10000,10000,10000,0,0,88,173,3.1
67,fgas-8sigma,13.375,13.5,ok,True,0.1084,9472,9472,9472,0,0,116,234,3.2
67,fgas-8sigma,13.5,13.625,ok,True,0.0986,6747,6747,6747,0,0,155,319,2.8
67,fgas-8sigma,13.625,13.75,ok,True,0.0895,4669,4669,4669,0,0,207,432,2.6
67,fgas-8sigma,13.75,13.875,ok,True,0.0814,3378,3378,3378,0,0,274,578,2.4
67,fgas-8sigma,13.875,14.0,ok,True,0.0738,2204,2204,2204,0,0,370,789,2.1
67,fgas-8sigma,14.0,14.125,ok,True,0.0671,1444,1444,1444,0,0,492,1050,1.9
67,fgas-8sigma,14.125,14.25,ok,True,0.0611,896,896,896,0,0,648,1402,1.6
67,fgas-8sigma,14.25,14.375,ok,True,0.0553,508,508,508,0,0,874,1897,1.2
67,fgas-8sigma,14.375,14.5,ok,True,0.0505,294,294,294,0,0,1098,2412,0.9
67,fgas-8sigma,14.5,14.625,ok,True,0.0459,167,167,167,0,0,1466,3193,0.7
67,fgas-8sigma,14.625,14.75,ok,True,0.0417,83,83,83,0,0,2120,4606,0.4
67,fgas-8sigma,14.75,14.875,ok,True,0.0383,16,16,16,0,0,2548,5639,0.2
67,fgas-8sigma,14.875,15.0,ok,True,0.0345,11,11,11,0,0,3684,8135,0.2
69,fgas-8sigma,10.0,10.125,ok,False,1.3535,42,11,39,89,54,0,2,0.3
69,fgas-8sigma,10.125,10.25,ok,False,1.2151,32,17,28,80,56,1,2,0.3
69,fgas-8sigma,10.25,10.375,ok,False,1.1550,476,169,382,13,3,0,2,1.1
69,fgas-8sigma,10.375,10.5,ok,False,1.0460,1134,442,936,2,0,0,2,1.5
69,fgas-8sigma,10.5,10.625,ok,False,0.9312,2691,1159,2275,1,0,0,2,1.7
69,fgas-8sigma,10.625,10.75,ok,False,0.8479,6219,2732,5132,0,0,0,2,2.0
69,fgas-8sigma,10.75,10.875,ok,False,0.7709,10000,4672,8314,0,0,0,2,2.3
69,fgas-8sigma,10.875,11.0,ok,False,0.6977,10000,5046,8350,0,0,1,2,2.3
69,fgas-8sigma,11.0,11.125,ok,False,0.6335,10000,5149,8396,0,0,1,2,2.3
69,fgas-8sigma,11.125,11.25,ok,False,0.5765,10000,5337,8354,0,0,1,2,2.4
69,fgas-8sigma,11.25,11.375,ok,False,0.5298,10000,5768,8967,0,0,1,2,2.3
69,fgas-8sigma,11.375,11.5,ok,False,0.4835,10000,6747,9898,0,0,1,3,2.4
69,fgas-8sigma,11.5,11.625,ok,False,0.4387,10000,7573,9999,0,0,1,4,2.4
69,fgas-8sigma,11.625,11.75,ok,False,0.3986,10000,8489,10000,0,0,2,5,2.6
69,fgas-8sigma,11.75,11.875,ok,False,0.3620,10000,9143,10000,0,0,3,6,2.5
69,fgas-8sigma,11.875,12.0,ok,False,0.3292,10000,9620,10000,0,0,3,8,2.5
69,fgas-8sigma,12.0,12.125,ok,True,0.2993,10000,9866,10000,0,0,5,10,2.5
69,fgas-8sigma,12.125,12.25,ok,True,0.2715,10000,9948,10000,0,0,6,13,2.6
69,fgas-8sigma,12.25,12.375,ok,True,0.2472,10000,9993,10000,0,0,8,17,2.6
69,fgas-8sigma,12.375,12.5,ok,True,0.2245,10000,9998,10000,0,0,11,21,2.6
69,fgas-8sigma,12.5,12.625,ok,True,0.2040,10000,10000,10000,0,0,15,28,2.6
69,fgas-8sigma,12.625,12.75,ok,True,0.1853,10000,10000,10000,0,0,20,37,2.8
69,fgas-8sigma,12.75,12.875,ok,True,0.1681,10000,10000,10000,0,0,27,49,2.7
69,fgas-8sigma,12.875,13.0,ok,True,0.1530,10000,10000,10000,0,0,36,66,2.8
69,fgas-8sigma,13.0,13.125,ok,True,0.1390,10000,10000,10000,0,0,47,89,2.9
69,fgas-8sigma,13.125,13.25,ok,True,0.1261,10000,10000,10000,0,0,63,121,2.9
69,fgas-8sigma,13.25,13.375,ok,True,0.1146,10000,10000,10000,0,0,84,163,3.1
69,fgas-8sigma,13.375,13.5,ok,True,0.1042,9036,9036,9036,0,0,112,225,3.1
69,fgas-8sigma,13.5,13.625,ok,True,0.0947,6664,6664,6664,0,0,151,306,2.8
69,fgas-8sigma,13.625,13.75,ok,True,0.0860,4817,4817,4817,0,0,203,418,2.5
69,fgas-8sigma,13.75,13.875,ok,True,0.0783,3512,3512,3512,0,0,268,563,2.4
69,fgas-8sigma,13.875,14.0,ok,True,0.0711,2308,2308,2308,0,0,358,759,2.1
69,fgas-8sigma,14.0,14.125,ok,True,0.0646,1500,1500,1500,0,0,472,1014,1.9
69,fgas-8sigma,14.125,14.25,ok,True,0.0585,1002,1002,1002,0,0,635,1360,1.7
69,fgas-8sigma,14.25,14.375,ok,True,0.0532,573,573,573,0,0,837,1831,1.4
69,fgas-8sigma,14.375,14.5,ok,True,0.0486,359,359,359,0,0,1108,2435,1.0
69,fgas-8sigma,14.5,14.625,ok,True,0.0441,167,167,167,0,0,1390,3057,0.6
69,fgas-8sigma,14.625,14.75,ok,True,0.0399,93,93,93,0,0,1960,4393,0.5
69,fgas-8sigma,14.75,14.875,ok,True,0.0365,34,34,34,0,0,2638,5784,0.3
69,fgas-8sigma,14.875,15.0,ok,True,0.0335,17,17,17,0,0,3110,7170,0.2
71,fgas-8sigma,10.0,10.125,ok,False,1.2929,23,11,18,89,73,0,1,0.3
71,fgas-8sigma,10.125,10.25,ok,False,1.1651,26,10,24,90,67,0,2,0.2
71,fgas-8sigma,10.25,10.375,ok,False,1.1138,396,138,322,23,6,0,2,1.0
71,fgas-8sigma,10.375,10.5,ok,False,1.0067,1011,380,836,2,0,0,2,1.4
71,fgas-8sigma,10.5,10.625,ok,False,0.8980,2279,896,1833,5,0,0,2,1.9
71,fgas-8sigma,10.625,10.75,ok,False,0.8148,5057,2158,4058,0,0,0,2,2.1
71,fgas-8sigma,10.75,10.875,ok,False,0.7421,10000,4543,8092,0,0,0,2,2.4
71,fgas-8sigma,10.875,11.0,ok,False,0.6715,10000,4870,8176,0,0,0,2,2.3
71,fgas-8sigma,11.0,11.125,ok,False,0.6101,10000,5045,8240,0,0,1,2,2.4
71,fgas-8sigma,11.125,11.25,ok,False,0.5549,10000,5194,8210,0,0,1,2,2.3
71,fgas-8sigma,11.25,11.375,ok,False,0.5101,10000,5693,8876,0,0,1,2,2.3
71,fgas-8sigma,11.375,11.5,ok,False,0.4648,10000,6491,9886,0,0,1,3,2.4
71,fgas-8sigma,11.5,11.625,ok,False,0.4221,10000,7451,9999,0,0,1,4,2.4
71,fgas-8sigma,11.625,11.75,ok,False,0.3837,10000,8402,10000,0,0,2,5,2.4
71,fgas-8sigma,11.75,11.875,ok,False,0.3489,10000,9055,10000,0,0,2,6,2.5
71,fgas-8sigma,11.875,12.0,ok,False,0.3168,10000,9570,10000,0,0,3,8,2.5
71,fgas-8sigma,12.0,12.125,ok,True,0.2874,10000,9829,10000,0,0,4,10,2.5
71,fgas-8sigma,12.125,12.25,ok,True,0.2616,10000,9960,10000,0,0,6,12,2.5
71,fgas-8sigma,12.25,12.375,ok,True,0.2375,10000,9991,10000,0,0,8,16,2.6
71,fgas-8sigma,12.375,12.5,ok,True,0.2159,10000,10000,10000,0,0,11,20,2.5
71,fgas-8sigma,12.5,12.625,ok,True,0.1963,10000,10000,10000,0,0,14,26,2.6
71,fgas-8sigma,12.625,12.75,ok,True,0.1781,10000,10000,10000,0,0,19,35,2.5
71,fgas-8sigma,12.75,12.875,ok,True,0.1620,10000,10000,10000,0,0,26,46,2.6
71,fgas-8sigma,12.875,13.0,ok,True,0.1471,10000,10000,10000,0,0,34,62,2.7
71,fgas-8sigma,13.0,13.125,ok,True,0.1336,10000,10000,10000,0,0,46,84,2.8
71,fgas-8sigma,13.125,13.25,ok,True,0.1214,10000,10000,10000,0,0,61,114,2.8
71,fgas-8sigma,13.25,13.375,ok,True,0.1103,10000,10000,10000,0,0,82,156,3.0
71,fgas-8sigma,13.375,13.5,ok,True,0.1002,8732,8732,8732,0,0,109,214,2.9
71,fgas-8sigma,13.5,13.625,ok,True,0.0911,6605,6605,6605,0,0,145,291,2.7
71,fgas-8sigma,13.625,13.75,ok,True,0.0828,4743,4743,4743,0,0,193,398,2.5
71,fgas-8sigma,13.75,13.875,ok,True,0.0753,3566,3566,3566,0,0,258,543,2.3
71,fgas-8sigma,13.875,14.0,ok,True,0.0685,2390,2390,2390,0,0,344,733,2.1
71,fgas-8sigma,14.0,14.125,ok,True,0.0621,1622,1622,1622,0,0,458,980,1.9
71,fgas-8sigma,14.125,14.25,ok,True,0.0565,1026,1026,1026,0,0,604,1319,1.7
71,fgas-8sigma,14.25,14.375,ok,True,0.0514,630,630,630,0,0,810,1766,1.4
71,fgas-8sigma,14.375,14.5,ok,True,0.0468,425,425,425,0,0,1086,2374,1.1
71,fgas-8sigma,14.5,14.625,ok,True,0.0424,196,196,196,0,0,1428,3142,0.7
71,fgas-8sigma,14.625,14.75,ok,True,0.0387,108,108,108,0,0,1840,3997,0.5
71,fgas-8sigma,14.75,14.875,ok,True,0.0349,60,60,60,0,0,2629,5806,0.4
71,fgas-8sigma,14.875,15.0,ok,True,0.0319,19,19,19,0,0,3134,7042,0.2
73,fgas-8sigma,10.0,10.125,ok,False,1.2656,16,2,13,98,76,0,2,0.2
73,fgas-8sigma,10.125,10.25,ok,False,1.1263,27,10,21,87,73,0,1,0.2
73,fgas-8sigma,10.25,10.375,ok,False,1.0734,281,87,233,44,6,0,2,0.8
73,fgas-8sigma,10.375,10.5,ok,False,0.9694,778,293,602,9,0,0,1,1.2
73,fgas-8sigma,10.5,10.625,ok,False,0.8660,1887,737,1493,3,0,0,2,1.5
73,fgas-8sigma,10.625,10.75,ok,False,0.7859,4033,1659,3168,0,0,0,1,1.7
73,fgas-8sigma,10.75,10.875,ok,False,0.7147,10000,4310,7824,0,0,0,1,2.2
73,fgas-8sigma,10.875,11.0,ok,False,0.6463,10000,4585,7963,0,0,0,2,2.2
73,fgas-8sigma,11.0,11.125,ok,False,0.5880,10000,4834,7952,0,0,0,2,2.2
73,fgas-8sigma,11.125,11.25,ok,False,0.5347,10000,4922,7961,0,0,0,2,2.2
73,fgas-8sigma,11.25,11.375,ok,False,0.4915,10000,5361,8758,0,0,1,2,2.3
73,fgas-8sigma,11.375,11.5,ok,False,0.4483,10000,6365,9857,0,0,1,3,2.3
73,fgas-8sigma,11.5,11.625,ok,False,0.4066,10000,7327,10000,0,0,1,3,2.3
73,fgas-8sigma,11.625,11.75,ok,False,0.3696,10000,8232,10000,0,0,2,4,2.4
73,fgas-8sigma,11.75,11.875,ok,False,0.3359,10000,8941,10000,0,0,2,6,2.4
73,fgas-8sigma,11.875,12.0,ok,False,0.3055,10000,9484,10000,0,0,3,7,2.4
73,fgas-8sigma,12.0,12.125,ok,True,0.2777,10000,9787,10000,0,0,4,9,2.4
73,fgas-8sigma,12.125,12.25,ok,True,0.2519,10000,9927,10000,0,0,6,12,2.4
73,fgas-8sigma,12.25,12.375,ok,True,0.2289,10000,9990,10000,0,0,8,15,2.5
73,fgas-8sigma,12.375,12.5,ok,True,0.2080,10000,9997,10000,0,0,10,19,2.6
73,fgas-8sigma,12.5,12.625,ok,True,0.1890,10000,10000,10000,0,0,14,25,2.5
73,fgas-8sigma,12.625,12.75,ok,True,0.1717,10000,10000,10000,0,0,18,33,2.5
73,fgas-8sigma,12.75,12.875,ok,True,0.1560,10000,10000,10000,0,0,25,44,2.6
73,fgas-8sigma,12.875,13.0,ok,True,0.1418,10000,10000,10000,0,0,33,58,2.6
73,fgas-8sigma,13.0,13.125,ok,True,0.1288,10000,10000,10000,0,0,44,79,2.7
73,fgas-8sigma,13.125,13.25,ok,True,0.1169,10000,10000,10000,0,0,59,108,2.8
73,fgas-8sigma,13.25,13.375,ok,True,0.1063,10000,10000,10000,0,0,78,148,2.9
73,fgas-8sigma,13.375,13.5,ok,True,0.0966,8017,8017,8017,0,0,105,205,2.7
73,fgas-8sigma,13.5,13.625,ok,True,0.0877,6187,6187,6187,0,0,140,280,2.5
73,fgas-8sigma,13.625,13.75,ok,True,0.0798,4560,4560,4560,0,0,187,383,2.3
73,fgas-8sigma,13.75,13.875,ok,True,0.0724,3431,3431,3431,0,0,249,520,2.2
73,fgas-8sigma,13.875,14.0,ok,True,0.0658,2403,2403,2403,0,0,334,710,2.0
73,fgas-8sigma,14.0,14.125,ok,True,0.0599,1707,1707,1707,0,0,446,955,1.9
73,fgas-8sigma,14.125,14.25,ok,True,0.0545,1064,1064,1064,0,0,590,1276,1.6
73,fgas-8sigma,14.25,14.375,ok,True,0.0495,677,677,677,0,0,781,1710,1.3
73,fgas-8sigma,14.375,14.5,ok,True,0.0449,431,431,431,0,0,1074,2370,1.1
73,fgas-8sigma,14.5,14.625,ok,True,0.0408,240,240,240,0,0,1372,2992,0.8
73,fgas-8sigma,14.625,14.75,ok,True,0.0370,114,114,114,0,0,1816,4126,0.5
73,fgas-8sigma,14.75,14.875,ok,True,0.0338,48,48,48,0,0,2568,5737,0.3
73,fgas-8sigma,14.875,15.0,ok,True,0.0307,28,28,28,0,0,3072,6918,0.2
75,fgas-8sigma,10.0,10.125,ok,False,1.2251,24,5,19,95,76,0,2,0.2
75,fgas-8sigma,10.125,10.25,ok,False,1.0813,11,6,7,93,86,1,2,0.2
75,fgas-8sigma,10.25,10.375,ok,False,1.0356,239,72,178,45,9,0,1,0.7
75,fgas-8sigma,10.375,10.5,ok,False,0.9373,646,220,485,10,2,0,1,1.1
75,fgas-8sigma,10.5,10.625,ok,False,0.8365,1495,554,1114,5,0,0,1,1.3
75,fgas-8sigma,10.625,10.75,ok,False,0.7598,3350,1329,2517,0,0,0,1,1.6
75,fgas-8sigma,10.75,10.875,ok,False,0.6913,8353,3478,6332,0,0,0,1,2.0
75,fgas-8sigma,10.875,11.0,ok,False,0.6249,10000,4427,7611,0,0,0,1,2.3
75,fgas-8sigma,11.0,11.125,ok,False,0.5676,10000,4628,7721,0,0,0,1,2.2
75,fgas-8sigma,11.125,11.25,ok,False,0.5162,10000,4710,7780,0,0,0,1,2.2
75,fgas-8sigma,11.25,11.375,ok,False,0.4747,10000,5148,8661,0,0,1,2,2.2
75,fgas-8sigma,11.375,11.5,ok,False,0.4324,10000,6073,9884,0,0,1,3,2.2
75,fgas-8sigma,11.5,11.625,ok,False,0.3927,10000,7189,9999,0,0,1,3,2.2
75,fgas-8sigma,11.625,11.75,ok,False,0.3567,10000,8087,10000,0,0,2,4,2.3
75,fgas-8sigma,11.75,11.875,ok,False,0.3243,10000,8836,10000,0,0,2,5,2.3
75,fgas-8sigma,11.875,12.0,ok,True,0.2952,10000,9458,10000,0,0,3,7,2.3
75,fgas-8sigma,12.0,12.125,ok,True,0.2678,10000,9769,10000,0,0,4,9,2.4
75,fgas-8sigma,12.125,12.25,ok,True,0.2437,10000,9942,10000,0,0,5,11,2.3
75,fgas-8sigma,12.25,12.375,ok,True,0.2214,10000,9988,10000,0,0,7,14,2.4
75,fgas-8sigma,12.375,12.5,ok,True,0.2010,10000,9999,10000,0,0,10,18,2.4
75,fgas-8sigma,12.5,12.625,ok,True,0.1827,10000,10000,10000,0,0,13,23,2.5
75,fgas-8sigma,12.625,12.75,ok,True,0.1659,10000,10000,10000,0,0,18,31,2.5
75,fgas-8sigma,12.75,12.875,ok,True,0.1505,10000,10000,10000,0,0,24,41,2.5
75,fgas-8sigma,12.875,13.0,ok,True,0.1369,10000,10000,10000,0,0,32,55,2.6
75,fgas-8sigma,13.0,13.125,ok,True,0.1242,10000,10000,10000,0,0,42,74,2.7
75,fgas-8sigma,13.125,13.25,ok,True,0.1130,10000,10000,10000,0,0,56,102,2.7
75,fgas-8sigma,13.25,13.375,ok,True,0.1027,8968,8968,8968,0,0,75,139,2.6
75,fgas-8sigma,13.375,13.5,ok,True,0.0932,7028,7028,7028,0,0,101,192,2.4
75,fgas-8sigma,13.5,13.625,ok,True,0.0847,5652,5652,5652,0,0,135,266,2.4
75,fgas-8sigma,13.625,13.75,ok,True,0.0770,4352,4352,4352,0,0,179,362,2.2
75,fgas-8sigma,13.75,13.875,ok,True,0.0699,3315,3315,3315,0,0,240,501,2.1
75,fgas-8sigma,13.875,14.0,ok,True,0.0636,2348,2348,2348,0,0,323,682,1.9
75,fgas-8sigma,14.0,14.125,ok,True,0.0577,1675,1675,1675,0,0,437,927,1.8
75,fgas-8sigma,14.125,14.25,ok,True,0.0525,1043,1043,1043,0,0,574,1237,1.5
75,fgas-8sigma,14.25,14.375,ok,True,0.0478,678,678,678,0,0,763,1658,1.3
75,fgas-8sigma,14.375,14.5,ok,True,0.0433,438,438,438,0,0,1029,2238,1.1
75,fgas-8sigma,14.5,14.625,ok,True,0.0395,273,273,273,0,0,1330,2927,0.8
75,fgas-8sigma,14.625,14.75,ok,True,0.0358,115,115,115,0,0,1815,4069,0.5
75,fgas-8sigma,14.75,14.875,ok,True,0.0327,63,63,63,0,0,2369,5285,0.4
75,fgas-8sigma,14.875,15.0,ok,True,0.0297,22,22,22,0,0,3103,7072,0.2
77,fgas-8sigma,10.0,10.125,ok,False,1.1762,147,33,115,66,26,0,1,0.6
77,fgas-8sigma,10.125,10.25,ok,False,1.0540,523,129,395,43,5,0,1,1.2
77,fgas-8sigma,10.25,10.375,ok,False,1.0020,3976,1184,2924,1,0,0,1,1.9
77,fgas-8sigma,10.375,10.5,ok,False,0.9049,10000,3299,7573,0,0,0,1,2.3
77,fgas-8sigma,10.5,10.625,ok,False,0.8107,10000,3577,7595,0,0,0,1,2.3
77,fgas-8sigma,10.625,10.75,ok,False,0.7377,10000,3789,7624,0,0,0,1,2.3
77,fgas-8sigma,10.75,10.875,ok,False,0.6699,10000,4117,7749,0,0,0,1,2.4
77,fgas-8sigma,10.875,11.0,ok,False,0.6072,10000,4507,7775,0,0,0,1,2.4
77,fgas-8sigma,11.0,11.125,ok,False,0.5513,10000,4775,7954,0,0,0,2,2.4
77,fgas-8sigma,11.125,11.25,ok,False,0.5016,10000,5050,8036,0,0,1,2,2.3
77,fgas-8sigma,11.25,11.375,ok,False,0.4605,10000,5461,8846,0,0,1,2,2.4
77,fgas-8sigma,11.375,11.5,ok,False,0.4192,10000,6379,9893,0,0,1,3,2.5
77,fgas-8sigma,11.5,11.625,ok,False,0.3809,10000,7394,9999,0,0,1,3,2.5
77,fgas-8sigma,11.625,11.75,ok,False,0.3459,10000,8242,9999,0,0,2,4,2.5
77,fgas-8sigma,11.75,11.875,ok,False,0.3142,10000,8908,10000,0,0,2,5,2.5
77,fgas-8sigma,11.875,12.0,ok,True,0.2854,10000,9463,10000,0,0,3,7,2.5
77,fgas-8sigma,12.0,12.125,ok,True,0.2593,10000,9779,10000,0,0,4,8,2.6
77,fgas-8sigma,12.125,12.25,ok,True,0.2356,10000,9945,10000,0,0,6,11,2.6
77,fgas-8sigma,12.25,12.375,ok,True,0.2142,10000,9977,10000,0,0,7,13,2.5
77,fgas-8sigma,12.375,12.5,ok,True,0.1946,10000,9995,10000,0,0,10,17,2.6
77,fgas-8sigma,12.5,12.625,ok,True,0.1769,10000,10000,10000,0,0,13,22,2.6
77,fgas-8sigma,12.625,12.75,ok,True,0.1606,10000,10000,10000,0,0,18,30,2.7
77,fgas-8sigma,12.75,12.875,ok,True,0.1461,10000,10000,10000,0,0,24,39,2.8
77,fgas-8sigma,12.875,13.0,ok,True,0.1325,10000,10000,10000,0,0,31,53,2.8
77,fgas-8sigma,13.0,13.125,ok,True,0.1205,10000,10000,10000,0,0,42,73,2.8
77,fgas-8sigma,13.125,13.25,ok,True,0.1093,10000,10000,10000,0,0,56,99,2.9
77,fgas-8sigma,13.25,13.375,ok,True,0.0994,10000,10000,10000,0,0,75,135,3.1
77,fgas-8sigma,13.375,13.5,ok,True,0.0904,10000,10000,10000,0,0,100,188,3.3
77,fgas-8sigma,13.5,13.625,ok,True,0.0821,10000,10000,10000,0,0,132,257,3.3
77,fgas-8sigma,13.625,13.75,ok,True,0.0746,9599,9599,9599,0,0,177,352,3.5
77,fgas-8sigma,13.75,13.875,ok,True,0.0677,7047,7047,7047,0,0,236,484,3.2
77,fgas-8sigma,13.875,14.0,ok,True,0.0616,4931,4931,4931,0,0,316,662,2.9
77,fgas-8sigma,14.0,14.125,ok,True,0.0560,3692,3692,3692,0,0,425,899,2.7
77,fgas-8sigma,14.125,14.25,ok,True,0.0508,2408,2408,2408,0,0,560,1203,2.4
77,fgas-8sigma,14.25,14.375,ok,True,0.0463,1585,1585,1585,0,0,750,1638,2.2
77,fgas-8sigma,14.375,14.5,ok,True,0.0419,1044,1044,1044,0,0,1011,2232,1.9
77,fgas-8sigma,14.5,14.625,ok,True,0.0382,648,648,648,0,0,1310,2884,1.5
77,fgas-8sigma,14.625,14.75,ok,True,0.0348,370,370,370,0,0,1736,3839,1.2
77,fgas-8sigma,14.75,14.875,ok,True,0.0315,191,191,191,0,0,2316,5207,0.7
77,fgas-8sigma,14.875,15.0,ok,True,0.0286,102,102,102,0,0,3154,7101,0.6
9,Mstar-1sigma,10.0,10.125,ok,False,3.1016,259,96,242,61,3,0,3,0.2
9,Mstar-1sigma,10.125,10.25,ok,False,2.8192,109,39,99,73,17,0,3,0.1
9,Mstar-1sigma,10.25,10.375,ok,False,2.6591,767,308,713,14,0,0,3,0.2
9,Mstar-1sigma,10.375,10.5,ok,False,2.4069,1458,648,1322,2,0,0,2,0.3
9,Mstar-1sigma,10.5,10.625,ok,False,2.1416,3199,1513,2952,0,0,0,3,0.4
9,Mstar-1sigma,10.625,10.75,ok,False,1.9455,6384,3322,5904,0,0,1,3,0.6
9,Mstar-1sigma,10.75,10.875,ok,False,1.7736,10000,5720,9303,0,0,1,3,0.8
9,Mstar-1sigma,10.875,11.0,ok,False,1.6053,10000,6010,9326,0,0,1,3,0.9
9,Mstar-1sigma,11.0,11.125,ok,False,1.4615,10000,6565,9460,0,0,1,3,0.9
9,Mstar-1sigma,11.125,11.25,ok,False,1.3276,10000,7115,9599,0,0,1,3,0.9
9,Mstar-1sigma,11.25,11.375,ok,False,1.2146,10000,7583,9689,0,0,1,4,0.9
9,Mstar-1sigma,11.375,11.5,ok,False,1.1126,10000,8318,9964,0,0,2,5,1.0
9,Mstar-1sigma,11.5,11.625,ok,False,1.0115,10000,8998,10000,0,0,2,6,1.0
9,Mstar-1sigma,11.625,11.75,ok,False,0.9180,10000,9521,10000,0,0,3,8,1.0
9,Mstar-1sigma,11.75,11.875,ok,False,0.8349,10000,9796,10000,0,0,4,10,0.9
9,Mstar-1sigma,11.875,12.0,ok,False,0.7586,10000,9936,10000,0,0,5,13,1.1
9,Mstar-1sigma,12.0,12.125,ok,False,0.6899,10000,9981,10000,0,0,7,17,1.0
9,Mstar-1sigma,12.125,12.25,ok,False,0.6273,5271,5270,5271,0,0,9,22,0.6
9,Mstar-1sigma,12.25,12.375,ok,False,0.5702,2608,2608,2608,0,0,12,29,0.4
9,Mstar-1sigma,12.375,12.5,ok,False,0.5178,1224,1224,1224,0,0,16,38,0.3
9,Mstar-1sigma,12.5,12.625,ok,False,0.4713,467,467,467,0,0,21,50,0.2
9,Mstar-1sigma,12.625,12.75,ok,False,0.4284,173,173,173,0,0,28,64,0.2
9,Mstar-1sigma,12.75,12.875,ok,False,0.3907,72,72,72,0,0,36,86,0.1
9,Mstar-1sigma,12.875,13.0,ok,False,0.3562,20,20,20,3,0,49,108,0.0
9,Mstar-1sigma,13.0,13.125,ok,False,0.3196,2,2,2,33,20,84,162,0.0
9,Mstar-1sigma,13.125,13.25,ok,False,0.2950,2,2,2,27,12,93,186,0.0
9,Mstar-1sigma,13.25,13.375,ok,False,0.2570,2,2,2,24,12,110,252,0.0
9,Mstar-1sigma,13.375,13.5,no_halos,False,nan,0,0,0,0,0,0,0,0.0
9,Mstar-1sigma,13.5,13.625,no_halos,False,nan,0,0,0,0,0,0,0,0.0
9,Mstar-1sigma,13.625,13.75,no_halos,False,nan,0,0,0,0,0,0,0,0.0
9,Mstar-1sigma,13.75,13.875,no_halos,False,nan,0,0,0,0,0,0,0,0.0
9,Mstar-1sigma,13.875,14.0,no_halos,False,nan,0,0,0,0,0,0,0,0.0
9,Mstar-1sigma,14.0,14.125,no_halos,False,nan,0,0,0,0,0,0,0,0.0
9,Mstar-1sigma,14.125,14.25,no_halos,False,nan,0,0,0,0,0,0,0,0.0
9,Mstar-1sigma,14.25,14.375,no_halos,False,nan,0,0,0,0,0,0,0,0.0
9,Mstar-1sigma,14.375,14.5,no_halos,False,nan,0,0,0,0,0,0,0,0.0
9,Mstar-1sigma,14.5,14.625,no_halos,False,nan,0,0,0,0,0,0,0,0.0
9,Mstar-1sigma,14.625,14.75,no_halos,False,nan,0,0,0,0,0,0,0,0.0
9,Mstar-1sigma,14.75,14.875,no_halos,False,nan,0,0,0,0,0,0,0,0.0
9,Mstar-1sigma,14.875,15.0,no_halos,False,nan,0,0,0,0,0,0,0,0.0
13,Mstar-1sigma,10.0,10.125,ok,False,3.1174,631,220,596,28,0,0,3,0.4
13,Mstar-1sigma,10.125,10.25,ok,False,2.8499,285,109,266,44,5,0,3,0.3
13,Mstar-1sigma,10.25,10.375,ok,False,2.6630,1760,776,1653,1,0,0,3,0.5
13,Mstar-1sigma,10.375,10.5,ok,False,2.4100,3637,1670,3409,0,0,0,3,0.7
13,Mstar-1sigma,10.5,10.625,ok,False,2.1467,7653,3748,7157,0,0,0,3,1.0
13,Mstar-1sigma,10.625,10.75,ok,False,1.9517,10000,5304,9365,0,0,1,3,1.1
13,Mstar-1sigma,10.75,10.875,ok,False,1.7771,10000,5709,9407,0,0,1,3,1.2
13,Mstar-1sigma,10.875,11.0,ok,False,1.6109,10000,6227,9408,0,0,1,3,1.2
13,Mstar-1sigma,11.0,11.125,ok,False,1.4661,10000,6545,9478,0,0,1,3,1.2
13,Mstar-1sigma,11.125,11.25,ok,False,1.3334,10000,7046,9579,0,0,1,3,1.2
13,Mstar-1sigma,11.25,11.375,ok,False,1.2179,10000,7477,9733,0,0,1,4,1.2
13,Mstar-1sigma,11.375,11.5,ok,False,1.1126,10000,8215,9957,0,0,2,5,1.2
13,Mstar-1sigma,11.5,11.625,ok,False,1.0115,10000,9007,10000,0,0,2,6,1.2
13,Mstar-1sigma,11.625,11.75,ok,False,0.9198,10000,9453,10000,0,0,3,8,1.3
13,Mstar-1sigma,11.75,11.875,ok,False,0.8365,10000,9770,10000,0,0,4,10,1.3
13,Mstar-1sigma,11.875,12.0,ok,False,0.7599,10000,9931,10000,0,0,5,13,1.3
13,Mstar-1sigma,12.0,12.125,ok,False,0.6899,10000,9983,10000,0,0,7,17,1.3
13,Mstar-1sigma,12.125,12.25,ok,False,0.6273,10000,9998,10000,0,0,9,22,1.3
13,Mstar-1sigma,12.25,12.375,ok,False,0.5702,10000,10000,10000,0,0,12,29,1.4
13,Mstar-1sigma,12.375,12.5,ok,False,0.5190,7311,7311,7311,0,0,16,38,1.1
13,Mstar-1sigma,12.5,12.625,ok,False,0.4708,3934,3934,3934,0,0,22,49,0.8
13,Mstar-1sigma,12.625,12.75,ok,False,0.4284,1943,1943,1943,0,0,28,65,0.6
13,Mstar-1sigma,12.75,12.875,ok,False,0.3890,847,847,847,0,0,38,85,0.5
13,Mstar-1sigma,12.875,13.0,ok,False,0.3538,368,368,368,0,0,50,111,0.3
13,Mstar-1sigma,13.0,13.125,ok,False,0.3221,135,135,135,0,0,64,142,0.2
13,Mstar-1sigma,13.125,13.25,ok,True,0.2956,52,52,52,0,0,83,196,0.1
13,Mstar-1sigma,13.25,13.375,ok,True,0.2634,18,18,18,0,0,116,254,0.1
13,Mstar-1sigma,13.375,13.5,ok,False,0.2458,2,2,2,18,4,152,348,0.0
13,Mstar-1sigma,13.5,13.625,ok,False,0.2243,1,1,1,37,14,169,365,0.0
13,Mstar-1sigma,13.625,13.75,ok,False,0.2021,1,1,1,27,7,222,478,0.0
13,Mstar-1sigma,13.75,13.875,no_halos,False,nan,0,0,0,0,0,0,0,0.0
13,Mstar-1sigma,13.875,14.0,no_halos,False,nan,0,0,0,0,0,0,0,0.0
13,Mstar-1sigma,14.0,14.125,no_halos,False,nan,0,0,0,0,0,0,0,0.0
13,Mstar-1sigma,14.125,14.25,no_halos,False,nan,0,0,0,0,0,0,0,0.0
13,Mstar-1sigma,14.25,14.375,no_halos,False,nan,0,0,0,0,0,0,0,0.0
13,Mstar-1sigma,14.375,14.5,no_halos,False,nan,0,0,0,0,0,0,0,0.0
13,Mstar-1sigma,14.5,14.625,no_halos,False,nan,0,0,0,0,0,0,0,0.0
13,Mstar-1sigma,14.625,14.75,no_halos,False,nan,0,0,0,0,0,0,0,0.0
13,Mstar-1sigma,14.75,14.875,no_halos,False,nan,0,0,0,0,0,0,0,0.0
13,Mstar-1sigma,14.875,15.0,no_halos,False,nan,0,0,0,0,0,0,0,0.0
17,Mstar-1sigma,10.0,10.125,ok,False,3.1335,1010,401,965,10,0,0,3,0.9
17,Mstar-1sigma,10.125,10.25,ok,False,2.8455,492,201,456,25,0,0,3,0.7
17,Mstar-1sigma,10.25,10.375,ok,False,2.6786,2841,1189,2683,0,0,0,3,1.0
17,Mstar-1sigma,10.375,10.5,ok,False,2.4228,5907,2737,5570,0,0,0,3,1.3
17,Mstar-1sigma,10.5,10.625,ok,False,2.1594,10000,5043,9438,0,0,1,3,1.6
17,Mstar-1sigma,10.625,10.75,ok,False,1.9643,10000,5375,9459,0,0,1,3,1.6
17,Mstar-1sigma,10.75,10.875,ok,False,1.7857,10000,5813,9474,0,0,1,3,1.6
17,Mstar-1sigma,10.875,11.0,ok,False,1.6195,10000,6304,9482,0,0,1,3,1.6
17,Mstar-1sigma,11.0,11.125,ok,False,1.4732,10000,6685,9485,0,0,1,3,1.6
17,Mstar-1sigma,11.125,11.25,ok,False,1.3393,10000,6938,9521,0,0,1,3,1.6
17,Mstar-1sigma,11.25,11.375,ok,False,1.2261,10000,7403,9648,0,0,1,4,1.6
17,Mstar-1sigma,11.375,11.5,ok,False,1.1207,10000,8096,9966,0,0,2,5,1.7
17,Mstar-1sigma,11.5,11.625,ok,False,1.0172,10000,8890,10000,0,0,2,6,1.7
17,Mstar-1sigma,11.625,11.75,ok,False,0.9245,10000,9384,10000,0,0,3,8,1.7
17,Mstar-1sigma,11.75,11.875,ok,False,0.8395,10000,9718,10000,0,0,4,10,1.8
17,Mstar-1sigma,11.875,12.0,ok,False,0.7624,10000,9895,10000,0,0,5,13,1.8
17,Mstar-1sigma,12.0,12.125,ok,False,0.6930,10000,9979,10000,0,0,7,17,1.8
17,Mstar-1sigma,12.125,12.25,ok,False,0.6299,10000,9995,10000,0,0,9,22,1.8
17,Mstar-1sigma,12.25,12.375,ok,False,0.5723,10000,10000,10000,0,0,12,28,1.9
17,Mstar-1sigma,12.375,12.5,ok,False,0.5202,10000,10000,10000,0,0,16,37,1.8
17,Mstar-1sigma,12.5,12.625,ok,False,0.4728,10000,10000,10000,0,0,21,48,1.9
17,Mstar-1sigma,12.625,12.75,ok,False,0.4300,10000,10000,10000,0,0,28,63,2.0
17,Mstar-1sigma,12.75,12.875,ok,False,0.3910,5812,5812,5812,0,0,37,82,1.5
17,Mstar-1sigma,12.875,13.0,ok,False,0.3551,3153,3153,3153,0,0,49,109,1.2
17,Mstar-1sigma,13.0,13.125,ok,False,0.3230,1623,1623,1623,0,0,64,145,1.0
17,Mstar-1sigma,13.125,13.25,ok,True,0.2943,810,810,810,0,0,84,186,0.8
17,Mstar-1sigma,13.25,13.375,ok,True,0.2668,293,293,293,0,0,112,250,0.5
17,Mstar-1sigma,13.375,13.5,ok,True,0.2425,156,156,156,0,0,147,330,0.4
17,Mstar-1sigma,13.5,13.625,ok,True,0.2196,56,56,56,0,0,197,442,0.2
17,Mstar-1sigma,13.625,13.75,ok,True,0.1996,17,17,17,0,0,247,598,0.1
17,Mstar-1sigma,13.75,13.875,ok,False,0.1792,3,3,3,1,0,318,709,0.1
17,Mstar-1sigma,13.875,14.0,no_halos,False,nan,0,0,0,0,0,0,0,0.1
17,Mstar-1sigma,14.0,14.125,no_halos,False,nan,0,0,0,0,0,0,0,0.1
17,Mstar-1sigma,14.125,14.25,no_halos,False,nan,0,0,0,0,0,0,0,0.1
17,Mstar-1sigma,14.25,14.375,no_halos,False,nan,0,0,0,0,0,0,0,0.1
17,Mstar-1sigma,14.375,14.5,no_halos,False,nan,0,0,0,0,0,0,0,0.1
17,Mstar-1sigma,14.5,14.625,no_halos,False,nan,0,0,0,0,0,0,0,0.1
17,Mstar-1sigma,14.625,14.75,no_halos,False,nan,0,0,0,0,0,0,0,0.1
17,Mstar-1sigma,14.75,14.875,no_halos,False,nan,0,0,0,0,0,0,0,0.1
17,Mstar-1sigma,14.875,15.0,no_halos,False,nan,0,0,0,0,0,0,0,0.1
37,Mstar-1sigma,10.0,10.125,ok,False,2.4362,818,301,769,13,0,0,3,1.2
37,Mstar-1sigma,10.125,10.25,ok,False,2.2095,455,174,423,32,0,0,3,0.8
37,Mstar-1sigma,10.25,10.375,ok,False,2.0846,3503,1428,3292,0,0,0,3,1.6
37,Mstar-1sigma,10.375,10.5,ok,False,1.8854,7836,3529,7364,0,0,0,3,2.0
37,Mstar-1sigma,10.5,10.625,ok,False,1.6797,10000,4993,9365,0,0,0,3,2.3
37,Mstar-1sigma,10.625,10.75,ok,False,1.5276,10000,5366,9328,0,0,1,3,2.1
37,Mstar-1sigma,10.75,10.875,ok,False,1.3911,10000,5724,9374,0,0,1,3,2.3
37,Mstar-1sigma,10.875,11.0,ok,False,1.2597,10000,6163,9396,0,0,1,3,2.3
37,Mstar-1sigma,11.0,11.125,ok,False,1.1463,10000,6495,9451,0,0,1,3,2.3
37,Mstar-1sigma,11.125,11.25,ok,False,1.0423,10000,6850,9442,0,0,1,3,2.2
37,Mstar-1sigma,11.25,11.375,ok,False,0.9542,10000,7160,9576,0,0,1,3,2.3
37,Mstar-1sigma,11.375,11.5,ok,False,0.8712,10000,7922,9963,0,0,1,5,2.2
37,Mstar-1sigma,11.5,11.625,ok,False,0.7914,10000,8669,10000,0,0,2,6,2.4
37,Mstar-1sigma,11.625,11.75,ok,False,0.7191,10000,9256,10000,0,0,3,7,2.3
37,Mstar-1sigma,11.75,11.875,ok,False,0.6534,10000,9672,10000,0,0,4,9,2.3
37,Mstar-1sigma,11.875,12.0,ok,False,0.5936,10000,9873,10000,0,0,5,12,2.4
37,Mstar-1sigma,12.0,12.125,ok,False,0.5396,10000,9970,10000,0,0,7,16,2.4
37,Mstar-1sigma,12.125,12.25,ok,False,0.4898,10000,9986,10000,0,0,9,20,2.4
37,Mstar-1sigma,12.25,12.375,ok,False,0.4456,10000,9999,10000,0,0,11,26,2.4
37,Mstar-1sigma,12.375,12.5,ok,False,0.4049,10000,9999,10000,0,0,15,34,2.5
37,Mstar-1sigma,12.5,12.625,ok,False,0.3675,10000,10000,10000,0,0,20,46,2.6
37,Mstar-1sigma,12.625,12.75,ok,False,0.3342,10000,10000,10000,0,0,27,59,2.5
37,Mstar-1sigma,12.75,12.875,ok,False,0.3035,10000,10000,10000,0,0,35,77,2.6
37,Mstar-1sigma,12.875,13.0,ok,True,0.2762,10000,10000,10000,0,0,47,102,2.7
37,Mstar-1sigma,13.0,13.125,ok,True,0.2509,9126,9126,9126,0,0,62,136,2.8
37,Mstar-1sigma,13.125,13.25,ok,True,0.2280,5561,5561,5561,0,0,82,179,2.2
37,Mstar-1sigma,13.25,13.375,ok,True,0.2072,3115,3115,3115,0,0,107,237,1.8
37,Mstar-1sigma,13.375,13.5,ok,True,0.1883,1856,1856,1856,0,0,144,318,1.6
37,Mstar-1sigma,13.5,13.625,ok,True,0.1713,950,950,950,0,0,189,415,1.3
37,Mstar-1sigma,13.625,13.75,ok,True,0.1558,446,446,446,0,0,247,548,0.9
37,Mstar-1sigma,13.75,13.875,ok,True,0.1421,214,214,214,0,0,334,740,0.6
37,Mstar-1sigma,13.875,14.0,ok,True,0.1284,81,81,81,0,0,433,939,0.3
37,Mstar-1sigma,14.0,14.125,ok,True,0.1178,29,29,29,0,0,565,1202,0.2
37,Mstar-1sigma,14.125,14.25,ok,True,0.1052,11,11,11,0,0,642,1498,0.2
37,Mstar-1sigma,14.25,14.375,ok,False,0.0962,1,1,1,5,1,818,1718,0.1
37,Mstar-1sigma,14.375,14.5,no_halos,False,nan,0,0,0,0,0,0,0,0.1
37,Mstar-1sigma,14.5,14.625,no_halos,False,nan,0,0,0,0,0,0,0,0.1
37,Mstar-1sigma,14.625,14.75,no_halos,False,nan,0,0,0,0,0,0,0,0.1
37,Mstar-1sigma,14.75,14.875,no_halos,False,nan,0,0,0,0,0,0,0,0.1
37,Mstar-1sigma,14.875,15.0,no_halos,False,nan,0,0,0,0,0,0,0,0.1
47,Mstar-1sigma,10.0,10.125,ok,False,2.0661,466,174,431,22,0,0,3,1.1
47,Mstar-1sigma,10.125,10.25,ok,False,1.8648,268,97,249,41,1,0,3,0.7
47,Mstar-1sigma,10.25,10.375,ok,False,1.7687,2489,1008,2317,0,0,0,3,1.7
47,Mstar-1sigma,10.375,10.5,ok,False,1.6013,6014,2696,5594,0,0,0,3,2.0
47,Mstar-1sigma,10.5,10.625,ok,False,1.4253,10000,4833,9236,0,0,0,3,2.4
47,Mstar-1sigma,10.625,10.75,ok,False,1.2956,10000,5258,9225,0,0,1,3,2.4
47,Mstar-1sigma,10.75,10.875,ok,False,1.1803,10000,5524,9264,0,0,1,3,2.3
47,Mstar-1sigma,10.875,11.0,ok,False,1.0690,10000,6031,9276,0,0,1,3,2.4
47,Mstar-1sigma,11.0,11.125,ok,False,0.9712,10000,6445,9262,0,0,1,3,2.4
47,Mstar-1sigma,11.125,11.25,ok,False,0.8830,10000,6617,9229,0,0,1,3,2.3
47,Mstar-1sigma,11.25,11.375,ok,False,0.8107,10000,6899,9459,0,0,1,3,2.3
47,Mstar-1sigma,11.375,11.5,ok,False,0.7388,10000,7823,9951,0,0,1,4,2.5
47,Mstar-1sigma,11.5,11.625,ok,False,0.6709,10000,8539,10000,0,0,2,5,2.5
47,Mstar-1sigma,11.625,11.75,ok,False,0.6099,10000,9184,10000,0,0,3,7,2.5
47,Mstar-1sigma,11.75,11.875,ok,False,0.5548,10000,9599,10000,0,0,4,9,2.5
47,Mstar-1sigma,11.875,12.0,ok,False,0.5040,10000,9828,10000,0,0,5,11,2.5
47,Mstar-1sigma,12.0,12.125,ok,False,0.4581,10000,9957,10000,0,0,6,15,2.5
47,Mstar-1sigma,12.125,12.25,ok,False,0.4157,10000,9984,10000,0,0,8,19,2.6
47,Mstar-1sigma,12.25,12.375,ok,False,0.3780,10000,9999,10000,0,0,11,25,2.6
47,Mstar-1sigma,12.375,12.5,ok,False,0.3433,10000,10000,10000,0,0,15,32,2.7
47,Mstar-1sigma,12.5,12.625,ok,False,0.3121,10000,10000,10000,0,0,19,42,2.7
47,Mstar-1sigma,12.625,12.75,ok,True,0.2833,10000,10000,10000,0,0,26,55,2.7
47,Mstar-1sigma,12.75,12.875,ok,True,0.2574,10000,10000,10000,0,0,34,73,2.8
47,Mstar-1sigma,12.875,13.0,ok,True,0.2338,10000,10000,10000,0,0,45,96,3.0
47,Mstar-1sigma,13.0,13.125,ok,True,0.2127,10000,10000,10000,0,0,60,128,3.0
47,Mstar-1sigma,13.125,13.25,ok,True,0.1933,10000,10000,10000,0,0,79,170,3.1
47,Mstar-1sigma,13.25,13.375,ok,True,0.1756,7003,7003,7003,0,0,105,227,2.7
47,Mstar-1sigma,13.375,13.5,ok,True,0.1596,4244,4244,4244,0,0,139,303,2.3
47,Mstar-1sigma,13.5,13.625,ok,True,0.1450,2575,2575,2575,0,0,184,404,2.0
47,Mstar-1sigma,13.625,13.75,ok,True,0.1319,1569,1569,1569,0,0,242,530,1.7
47,Mstar-1sigma,13.75,13.875,ok,True,0.1202,763,763,763,0,0,318,703,1.3
47,Mstar-1sigma,13.875,14.0,ok,True,0.1092,396,396,396,0,0,420,934,0.9
47,Mstar-1sigma,14.0,14.125,ok,True,0.0988,200,200,200,0,0,554,1224,0.6
47,Mstar-1sigma,14.125,14.25,ok,True,0.0900,74,74,74,0,0,710,1556,0.3
47,Mstar-1sigma,14.25,14.375,ok,True,0.0821,30,30,30,0,0,940,2072,0.2
47,Mstar-1sigma,14.375,14.5,ok,True,0.0731,11,11,11,0,0,1226,2631,0.2
47,Mstar-1sigma,14.5,14.625,ok,False,0.0638,1,1,1,4,0,2038,4637,0.1
47,Mstar-1sigma,14.625,14.75,ok,False,0.0626,2,2,2,2,0,1984,4546,0.1
47,Mstar-1sigma,14.75,14.875,no_halos,False,nan,0,0,0,0,0,0,0,0.1
47,Mstar-1sigma,14.875,15.0,no_halos,False,nan,0,0,0,0,0,0,0,0.1
57,Mstar-1sigma,10.0,10.125,ok,False,1.7199,193,73,116,50,26,0,1,0.8
57,Mstar-1sigma,10.125,10.25,ok,False,1.5436,123,49,72,60,45,0,1,0.5
57,Mstar-1sigma,10.25,10.375,ok,False,1.4684,1452,573,926,1,0,0,1,1.6
57,Mstar-1sigma,10.375,10.5,ok,False,1.3284,3468,1464,2187,0,0,0,1,1.8
57,Mstar-1sigma,10.5,10.625,ok,False,1.1851,7939,3703,5078,0,0,0,1,2.2
57,Mstar-1sigma,10.625,10.75,ok,False,1.0771,10000,5027,6295,0,0,1,1,2.4
57,Mstar-1sigma,10.75,10.875,ok,False,0.9799,10000,5420,6413,0,0,1,1,2.3
57,Mstar-1sigma,10.875,11.0,ok,False,0.8877,10000,5750,6415,0,0,1,1,2.3
57,Mstar-1sigma,11.0,11.125,ok,False,0.8065,10000,6026,6580,0,0,1,1,2.5
57,Mstar-1sigma,11.125,11.25,ok,False,0.7330,10000,6266,6480,0,0,1,1,2.4
57,Mstar-1sigma,11.25,11.375,ok,False,0.6728,10000,6651,6699,0,0,1,1,2.4
57,Mstar-1sigma,11.375,11.5,ok,False,0.6136,10000,7466,7484,0,0,1,1,2.4
57,Mstar-1sigma,11.5,11.625,ok,False,0.5572,10000,8298,8352,0,0,2,2,2.5
57,Mstar-1sigma,11.625,11.75,ok,False,0.5064,10000,9002,9012,0,0,2,2,2.5
57,Mstar-1sigma,11.75,11.875,ok,False,0.4610,10000,9474,9484,0,0,3,3,2.6
57,Mstar-1sigma,11.875,12.0,ok,False,0.4184,10000,9826,9749,0,0,4,4,2.6
57,Mstar-1sigma,12.0,12.125,ok,False,0.3802,10000,9929,9906,0,0,6,6,2.6
57,Mstar-1sigma,12.125,12.25,ok,False,0.3454,10000,9980,9973,0,0,8,7,2.7
57,Mstar-1sigma,12.25,12.375,ok,False,0.3138,10000,9997,9995,0,0,10,10,2.7
57,Mstar-1sigma,12.375,12.5,ok,True,0.2854,10000,10000,10000,0,0,13,13,2.7
57,Mstar-1sigma,12.5,12.625,ok,True,0.2588,10000,10000,10000,0,0,18,17,2.7
57,Mstar-1sigma,12.625,12.75,ok,True,0.2354,10000,10000,10000,0,0,24,23,2.7
57,Mstar-1sigma,12.75,12.875,ok,True,0.2138,10000,10000,10000,0,0,32,30,2.8
57,Mstar-1sigma,12.875,13.0,ok,True,0.1942,10000,10000,10000,0,0,42,40,2.8
57,Mstar-1sigma,13.0,13.125,ok,True,0.1763,10000,10000,10000,0,0,56,53,2.9
57,Mstar-1sigma,13.125,13.25,ok,True,0.1604,10000,10000,10000,0,0,74,70,2.9
57,Mstar-1sigma,13.25,13.375,ok,True,0.1457,10000,10000,10000,0,0,99,94,3.1
57,Mstar-1sigma,13.375,13.5,ok,True,0.1325,8123,8123,8123,0,0,131,126,2.8
57,Mstar-1sigma,13.5,13.625,ok,True,0.1203,5445,5445,5445,0,0,174,166,2.5
57,Mstar-1sigma,13.625,13.75,ok,True,0.1093,3412,3412,3412,0,0,229,224,2.2
57,Mstar-1sigma,13.75,13.875,ok,True,0.0996,2205,2205,2205,0,0,302,293,2.0
57,Mstar-1sigma,13.875,14.0,ok,True,0.0904,1286,1286,1286,0,0,400,392,1.7
57,Mstar-1sigma,14.0,14.125,ok,True,0.0821,729,729,729,0,0,543,536,1.3
57,Mstar-1sigma,14.125,14.25,ok,True,0.0747,392,392,392,0,0,698,690,1.0
57,Mstar-1sigma,14.25,14.375,ok,True,0.0682,199,199,199,0,0,892,911,0.6
57,Mstar-1sigma,14.375,14.5,ok,True,0.0616,76,76,76,0,0,1168,1168,0.4
57,Mstar-1sigma,14.5,14.625,ok,True,0.0557,28,28,28,0,0,1574,1566,0.2
57,Mstar-1sigma,14.625,14.75,ok,True,0.0506,9,9,9,0,0,2189,2169,0.2
57,Mstar-1sigma,14.75,14.875,ok,True,0.0464,6,6,6,0,0,2966,2886,0.2
57,Mstar-1sigma,14.875,15.0,no_halos,False,nan,0,0,0,0,0,0,0,0.1
62,Mstar-1sigma,10.0,10.125,ok,False,1.5506,103,36,91,64,17,0,2,0.5
62,Mstar-1sigma,10.125,10.25,ok,False,1.3933,70,14,60,84,30,0,3,0.4
62,Mstar-1sigma,10.25,10.375,ok,False,1.3309,932,355,834,3,0,0,2,1.5
62,Mstar-1sigma,10.375,10.5,ok,False,1.2035,2302,950,2054,0,0,0,2,1.7
62,Mstar-1sigma,10.5,10.625,ok,False,1.0724,5377,2421,4794,0,0,0,2,2.0
62,Mstar-1sigma,10.625,10.75,ok,False,0.9751,10000,4822,8844,0,0,0,2,2.5
62,Mstar-1sigma,10.75,10.875,ok,False,0.8872,10000,5120,8800,0,0,1,2,2.4
62,Mstar-1sigma,10.875,11.0,ok,False,0.8035,10000,5486,8890,0,0,1,2,2.5
62,Mstar-1sigma,11.0,11.125,ok,False,0.7309,10000,5770,8889,0,0,1,2,2.5
62,Mstar-1sigma,11.125,11.25,ok,False,0.6633,10000,6020,8816,0,0,1,2,2.4
62,Mstar-1sigma,11.25,11.375,ok,False,0.6098,10000,6401,9148,0,0,1,3,2.4
62,Mstar-1sigma,11.375,11.5,ok,False,0.5559,10000,7141,9910,0,0,1,4,2.5
62,Mstar-1sigma,11.5,11.625,ok,False,0.5044,10000,8083,10000,0,0,2,4,2.6
62,Mstar-1sigma,11.625,11.75,ok,False,0.4586,10000,8824,10000,0,0,2,6,2.6
62,Mstar-1sigma,11.75,11.875,ok,False,0.4165,10000,9462,10000,0,0,3,7,2.6
62,Mstar-1sigma,11.875,12.0,ok,False,0.3790,10000,9704,10000,0,0,4,9,2.6
62,Mstar-1sigma,12.0,12.125,ok,False,0.3445,10000,9916,10000,0,0,5,12,2.6
62,Mstar-1sigma,12.125,12.25,ok,False,0.3124,10000,9978,10000,0,0,7,16,2.6
62,Mstar-1sigma,12.25,12.375,ok,True,0.2841,10000,9994,10000,0,0,10,21,2.6
62,Mstar-1sigma,12.375,12.5,ok,True,0.2579,10000,9998,10000,0,0,13,27,2.7
62,Mstar-1sigma,12.5,12.625,ok,True,0.2343,10000,10000,10000,0,0,17,35,2.8
62,Mstar-1sigma,12.625,12.75,ok,True,0.2130,10000,10000,10000,0,0,23,46,2.8
62,Mstar-1sigma,12.75,12.875,ok,True,0.1935,10000,10000,10000,0,0,30,61,2.8
62,Mstar-1sigma,12.875,13.0,ok,True,0.1761,10000,10000,10000,0,0,40,82,2.9
62,Mstar-1sigma,13.0,13.125,ok,True,0.1598,10000,10000,10000,0,0,53,111,2.9
62,Mstar-1sigma,13.125,13.25,ok,True,0.1453,10000,10000,10000,0,0,71,148,3.0
62,Mstar-1sigma,13.25,13.375,ok,True,0.1320,10000,10000,10000,0,0,94,198,3.2
62,Mstar-1sigma,13.375,13.5,ok,True,0.1199,10000,10000,10000,0,0,125,265,3.3
62,Mstar-1sigma,13.5,13.625,ok,True,0.1090,6988,6988,6988,0,0,165,355,2.9
62,Mstar-1sigma,13.625,13.75,ok,True,0.0990,4700,4700,4700,0,0,220,478,2.6
62,Mstar-1sigma,13.75,13.875,ok,True,0.0899,2987,2987,2987,0,0,289,625,2.3
62,Mstar-1sigma,13.875,14.0,ok,True,0.0818,1911,1911,1911,0,0,389,845,2.0
62,Mstar-1sigma,14.0,14.125,ok,True,0.0744,1157,1157,1157,0,0,504,1107,1.8
62,Mstar-1sigma,14.125,14.25,ok,True,0.0675,658,658,658,0,0,688,1508,1.5
62,Mstar-1sigma,14.25,14.375,ok,True,0.0614,377,377,377,0,0,870,1926,1.0
62,Mstar-1sigma,14.375,14.5,ok,True,0.0558,184,184,184,0,0,1158,2524,0.7
62,Mstar-1sigma,14.5,14.625,ok,True,0.0506,76,76,76,0,0,1516,3376,0.4
62,Mstar-1sigma,14.625,14.75,ok,True,0.0466,30,30,30,0,0,1968,4362,0.3
62,Mstar-1sigma,14.75,14.875,ok,True,0.0419,13,13,13,0,0,2607,5630,0.2
62,Mstar-1sigma,14.875,15.0,ok,True,0.0380,5,5,5,0,0,3749,8104,0.2
67,Mstar-1sigma,10.0,10.125,ok,False,1.4178,51,11,42,88,55,0,2,0.3
67,Mstar-1sigma,10.125,10.25,ok,False,1.2597,41,9,32,88,57,0,2,0.3
67,Mstar-1sigma,10.25,10.375,ok,False,1.2035,547,184,462,14,1,0,2,1.2
67,Mstar-1sigma,10.375,10.5,ok,False,1.0893,1463,604,1235,2,0,0,2,1.6
67,Mstar-1sigma,10.5,10.625,ok,False,0.9701,3704,1548,3131,0,0,0,2,1.8
67,Mstar-1sigma,10.625,10.75,ok,False,0.8810,7791,3442,6644,0,0,0,2,2.2
67,Mstar-1sigma,10.75,10.875,ok,False,0.8023,10000,4856,8453,0,0,0,2,2.3
67,Mstar-1sigma,10.875,11.0,ok,False,0.7266,10000,5221,8594,0,0,1,2,2.4
67,Mstar-1sigma,11.0,11.125,ok,False,0.6595,10000,5439,8578,0,0,1,2,2.4
67,Mstar-1sigma,11.125,11.25,ok,False,0.5997,10000,5643,8572,0,0,1,2,2.4
67,Mstar-1sigma,11.25,11.375,ok,False,0.5515,10000,6043,8976,0,0,1,2,2.4
67,Mstar-1sigma,11.375,11.5,ok,False,0.5025,10000,6894,9875,0,0,1,3,2.4
67,Mstar-1sigma,11.5,11.625,ok,False,0.4566,10000,7838,9997,0,0,1,4,2.4
67,Mstar-1sigma,11.625,11.75,ok,False,0.4149,10000,8662,10000,0,0,2,5,2.5
67,Mstar-1sigma,11.75,11.875,ok,False,0.3770,10000,9226,10000,0,0,3,6,2.6
67,Mstar-1sigma,11.875,12.0,ok,False,0.3430,10000,9689,10000,0,0,4,8,2.7
67,Mstar-1sigma,12.0,12.125,ok,False,0.3110,10000,9872,10000,0,0,5,11,2.6
67,Mstar-1sigma,12.125,12.25,ok,True,0.2829,10000,9966,10000,0,0,7,14,2.5
67,Mstar-1sigma,12.25,12.375,ok,True,0.2571,10000,9996,10000,0,0,9,18,2.6
67,Mstar-1sigma,12.375,12.5,ok,True,0.2335,10000,9999,10000,0,0,12,24,2.6
67,Mstar-1sigma,12.5,12.625,ok,True,0.2122,10000,10000,10000,0,0,16,31,2.7
67,Mstar-1sigma,12.625,12.75,ok,True,0.1928,10000,10000,10000,0,0,21,41,2.7
67,Mstar-1sigma,12.75,12.875,ok,True,0.1753,10000,10000,10000,0,0,28,55,2.7
67,Mstar-1sigma,12.875,13.0,ok,True,0.1592,10000,10000,10000,0,0,37,75,2.9
67,Mstar-1sigma,13.0,13.125,ok,True,0.1445,10000,10000,10000,0,0,50,101,3.0
67,Mstar-1sigma,13.125,13.25,ok,True,0.1313,10000,10000,10000,0,0,65,135,3.0
67,Mstar-1sigma,13.25,13.375,ok,True,0.1193,10000,10000,10000,0,0,88,185,3.2
67,Mstar-1sigma,13.375,13.5,ok,True,0.1084,10000,10000,10000,0,0,117,247,3.3
67,Mstar-1sigma,13.5,13.625,ok,True,0.0986,8183,8183,8183,0,0,156,333,3.2
67,Mstar-1sigma,13.625,13.75,ok,True,0.0895,5643,5643,5643,0,0,208,447,2.8
67,Mstar-1sigma,13.75,13.875,ok,True,0.0814,3951,3951,3951,0,0,276,601,2.6
67,Mstar-1sigma,13.875,14.0,ok,True,0.0738,2570,2570,2570,0,0,371,809,2.3
67,Mstar-1sigma,14.0,14.125,ok,True,0.0671,1641,1641,1641,0,0,490,1069,2.0
67,Mstar-1sigma,14.125,14.25,ok,True,0.0611,995,995,995,0,0,650,1436,1.7
67,Mstar-1sigma,14.25,14.375,ok,True,0.0553,562,562,562,0,0,864,1891,1.3
67,Mstar-1sigma,14.375,14.5,ok,True,0.0507,334,334,334,0,0,1089,2408,1.0
67,Mstar-1sigma,14.5,14.625,ok,True,0.0458,161,161,161,0,0,1484,3299,0.6
67,Mstar-1sigma,14.625,14.75,ok,True,0.0417,84,84,84,0,0,2009,4412,0.4
67,Mstar-1sigma,14.75,14.875,ok,True,0.0377,20,20,20,0,0,2594,5800,0.2
67,Mstar-1sigma,14.875,15.0,ok,True,0.0351,9,9,9,0,0,2972,6851,0.2
71,Mstar-1sigma,10.0,10.125,ok,False,1.2929,19,7,15,93,77,0,1,0.2
71,Mstar-1sigma,10.125,10.25,ok,False,1.1674,28,10,23,91,73,0,2,0.3
71,Mstar-1sigma,10.25,10.375,ok,False,1.1138,433,156,359,15,2,0,2,1.0
71,Mstar-1sigma,10.375,10.5,ok,False,1.0067,1107,413,918,3,0,0,2,1.4
71,Mstar-1sigma,10.5,10.625,ok,False,0.8993,2380,965,1972,5,0,0,2,1.6
71,Mstar-1sigma,10.625,10.75,ok,False,0.8159,5376,2341,4380,0,0,0,2,1.9
71,Mstar-1sigma,10.75,10.875,ok,False,0.7421,10000,4501,8188,0,0,0,2,2.3
71,Mstar-1sigma,10.875,11.0,ok,False,0.6707,10000,4796,8195,0,0,0,2,2.3
71,Mstar-1sigma,11.0,11.125,ok,False,0.6101,10000,5029,8242,0,0,1,2,2.3
71,Mstar-1sigma,11.125,11.25,ok,False,0.5539,10000,5167,8175,0,0,1,2,2.3
71,Mstar-1sigma,11.25,11.375,ok,False,0.5101,10000,5576,8823,0,0,1,2,2.3
71,Mstar-1sigma,11.375,11.5,ok,False,0.4648,10000,6495,9836,0,0,1,3,2.4
71,Mstar-1sigma,11.5,11.625,ok,False,0.4227,10000,7570,9997,0,0,1,4,2.5
71,Mstar-1sigma,11.625,11.75,ok,False,0.3837,10000,8413,10000,0,0,2,4,2.4
71,Mstar-1sigma,11.75,11.875,ok,False,0.3485,10000,9090,10000,0,0,2,6,2.4
71,Mstar-1sigma,11.875,12.0,ok,False,0.3165,10000,9595,10000,0,0,3,7,2.4
71,Mstar-1sigma,12.0,12.125,ok,True,0.2874,10000,9835,10000,0,0,4,10,2.5
71,Mstar-1sigma,12.125,12.25,ok,True,0.2616,10000,9947,10000,0,0,6,13,2.5
71,Mstar-1sigma,12.25,12.375,ok,True,0.2375,10000,9990,10000,0,0,8,16,2.5
71,Mstar-1sigma,12.375,12.5,ok,True,0.2159,10000,10000,10000,0,0,11,21,2.6
71,Mstar-1sigma,12.5,12.625,ok,True,0.1963,10000,10000,10000,0,0,15,28,2.6
71,Mstar-1sigma,12.625,12.75,ok,True,0.1781,10000,10000,10000,0,0,19,37,2.6
71,Mstar-1sigma,12.75,12.875,ok,True,0.1620,10000,10000,10000,0,0,26,50,2.7
71,Mstar-1sigma,12.875,13.0,ok,True,0.1471,10000,10000,10000,0,0,35,67,2.7
71,Mstar-1sigma,13.0,13.125,ok,True,0.1336,10000,10000,10000,0,0,46,91,2.7
71,Mstar-1sigma,13.125,13.25,ok,True,0.1214,10000,10000,10000,0,0,61,124,2.9
71,Mstar-1sigma,13.25,13.375,ok,True,0.1103,10000,10000,10000,0,0,82,169,3.0
71,Mstar-1sigma,13.375,13.5,ok,True,0.1002,10000,10000,10000,0,0,110,229,3.2
71,Mstar-1sigma,13.5,13.625,ok,True,0.0910,8487,8487,8487,0,0,146,309,3.1
71,Mstar-1sigma,13.625,13.75,ok,True,0.0828,6023,6023,6023,0,0,194,416,2.8
71,Mstar-1sigma,13.75,13.875,ok,True,0.0752,4357,4357,4357,0,0,262,564,2.6
71,Mstar-1sigma,13.875,14.0,ok,True,0.0685,2944,2944,2944,0,0,343,747,2.3
71,Mstar-1sigma,14.0,14.125,ok,True,0.0621,1989,1989,1989,0,0,458,1004,2.1
71,Mstar-1sigma,14.125,14.25,ok,True,0.0565,1190,1190,1190,0,0,604,1334,1.8
71,Mstar-1sigma,14.25,14.375,ok,True,0.0514,718,718,718,0,0,812,1786,1.6
71,Mstar-1sigma,14.375,14.5,ok,True,0.0467,475,475,475,0,0,1083,2387,1.2
71,Mstar-1sigma,14.5,14.625,ok,True,0.0425,230,230,230,0,0,1418,3115,0.8
71,Mstar-1sigma,14.625,14.75,ok,True,0.0387,114,114,114,0,0,1892,4204,0.5
71,Mstar-1sigma,14.75,14.875,ok,True,0.0349,51,51,51,0,0,2619,5746,0.3
71,Mstar-1sigma,14.875,15.0,ok,True,0.0323,18,18,18,0,0,3032,6832,0.2
73,Mstar-1sigma,10.0,10.125,ok,False,1.2656,28,7,26,93,67,0,2,0.3
73,Mstar-1sigma,10.125,10.25,ok,False,1.1252,25,7,15,93,71,0,2,0.2
73,Mstar-1sigma,10.25,10.375,ok,False,1.0714,298,92,230,41,10,0,2,0.8
73,Mstar-1sigma,10.375,10.5,ok,False,0.9711,846,315,696,8,1,0,2,1.2
73,Mstar-1sigma,10.5,10.625,ok,False,0.8660,2017,817,1570,3,0,0,2,1.5
73,Mstar-1sigma,10.625,10.75,ok,False,0.7859,4440,1833,3498,0,0,0,2,1.8
73,Mstar-1sigma,10.75,10.875,ok,False,0.7147,10000,4364,7979,0,0,0,2,2.3
73,Mstar-1sigma,10.875,11.0,ok,False,0.6463,10000,4620,8042,0,0,0,2,2.3
73,Mstar-1sigma,11.0,11.125,ok,False,0.5874,10000,4840,8016,0,0,0,2,2.3
73,Mstar-1sigma,11.125,11.25,ok,False,0.5337,10000,4982,8016,0,0,0,2,2.3
73,Mstar-1sigma,11.25,11.375,ok,False,0.4915,10000,5464,8701,0,0,1,2,2.3
73,Mstar-1sigma,11.375,11.5,ok,False,0.4483,10000,6393,9825,0,0,1,3,2.3
73,Mstar-1sigma,11.5,11.625,ok,False,0.4066,10000,7424,9998,0,0,1,3,2.4
73,Mstar-1sigma,11.625,11.75,ok,False,0.3691,10000,8312,10000,0,0,2,4,2.4
73,Mstar-1sigma,11.75,11.875,ok,False,0.3355,10000,9027,10000,0,0,2,5,2.4
73,Mstar-1sigma,11.875,12.0,ok,False,0.3052,10000,9546,10000,0,0,3,7,2.4
73,Mstar-1sigma,12.0,12.125,ok,True,0.2777,10000,9814,10000,0,0,4,9,2.4
73,Mstar-1sigma,12.125,12.25,ok,True,0.2519,10000,9932,10000,0,0,6,12,2.5
73,Mstar-1sigma,12.25,12.375,ok,True,0.2289,10000,9989,10000,0,0,8,15,2.6
73,Mstar-1sigma,12.375,12.5,ok,True,0.2081,10000,9998,10000,0,0,10,20,2.6
73,Mstar-1sigma,12.5,12.625,ok,True,0.1890,10000,10000,10000,0,0,14,26,2.6
73,Mstar-1sigma,12.625,12.75,ok,True,0.1717,10000,10000,10000,0,0,18,35,2.6
73,Mstar-1sigma,12.75,12.875,ok,True,0.1560,10000,10000,10000,0,0,25,46,2.6
73,Mstar-1sigma,12.875,13.0,ok,True,0.1416,10000,10000,10000,0,0,33,63,2.7
73,Mstar-1sigma,13.0,13.125,ok,True,0.1288,10000,10000,10000,0,0,44,86,2.7
73,Mstar-1sigma,13.125,13.25,ok,True,0.1169,10000,10000,10000,0,0,59,117,2.8
73,Mstar-1sigma,13.25,13.375,ok,True,0.1063,10000,10000,10000,0,0,79,162,2.9
73,Mstar-1sigma,13.375,13.5,ok,True,0.0966,10000,10000,10000,0,0,106,220,3.1
73,Mstar-1sigma,13.5,13.625,ok,True,0.0877,8518,8518,8518,0,0,140,297,3.1
73,Mstar-1sigma,13.625,13.75,ok,True,0.0798,6029,6029,6029,0,0,187,401,2.8
73,Mstar-1sigma,13.75,13.875,ok,True,0.0724,4334,4334,4334,0,0,251,540,2.5
73,Mstar-1sigma,13.875,14.0,ok,True,0.0658,3001,3001,3001,0,0,335,734,2.3
73,Mstar-1sigma,14.0,14.125,ok,True,0.0599,2072,2072,2072,0,0,448,984,2.1
73,Mstar-1sigma,14.125,14.25,ok,True,0.0545,1285,1285,1285,0,0,585,1296,1.8
73,Mstar-1sigma,14.25,14.375,ok,True,0.0495,792,792,792,0,0,776,1723,1.5
73,Mstar-1sigma,14.375,14.5,ok,True,0.0449,516,516,516,0,0,1061,2346,1.2
73,Mstar-1sigma,14.5,14.625,ok,True,0.0410,279,279,279,0,0,1333,2936,0.9
73,Mstar-1sigma,14.625,14.75,ok,True,0.0371,120,120,120,0,0,1798,4006,0.5
73,Mstar-1sigma,14.75,14.875,ok,True,0.0338,54,54,54,0,0,2549,5763,0.3
73,Mstar-1sigma,14.875,15.0,ok,True,0.0307,27,27,27,0,0,2987,6689,0.2
75,Mstar-1sigma,10.0,10.125,ok,False,1.2107,22,6,15,94,74,0,2,0.2
75,Mstar-1sigma,10.125,10.25,ok,False,1.0848,25,6,16,92,77,0,1,0.2
75,Mstar-1sigma,10.25,10.375,ok,False,1.0345,273,87,213,37,11,0,1,0.8
75,Mstar-1sigma,10.375,10.5,ok,False,0.9356,742,232,574,14,2,0,1,1.1
75,Mstar-1sigma,10.5,10.625,ok,False,0.8352,1628,607,1224,6,0,0,1,1.4
75,Mstar-1sigma,10.625,10.75,ok,False,0.7609,3618,1450,2745,1,0,0,1,1.6
75,Mstar-1sigma,10.75,10.875,ok,False,0.6904,9070,3741,6963,0,0,0,1,2.1
75,Mstar-1sigma,10.875,11.0,ok,False,0.6249,10000,4369,7681,0,0,0,1,2.2
75,Mstar-1sigma,11.0,11.125,ok,False,0.5676,10000,4653,7721,0,0,0,1,2.2
75,Mstar-1sigma,11.125,11.25,ok,False,0.5162,10000,4718,7805,0,0,0,1,2.2
75,Mstar-1sigma,11.25,11.375,ok,False,0.4747,10000,5238,8569,0,0,1,2,2.3
75,Mstar-1sigma,11.375,11.5,ok,False,0.4331,10000,6262,9830,0,0,1,3,2.3
75,Mstar-1sigma,11.5,11.625,ok,False,0.3933,10000,7242,10000,0,0,1,3,2.3
75,Mstar-1sigma,11.625,11.75,ok,False,0.3572,10000,8129,10000,0,0,2,4,2.3
75,Mstar-1sigma,11.75,11.875,ok,False,0.3247,10000,8895,10000,0,0,2,5,2.4
75,Mstar-1sigma,11.875,12.0,ok,True,0.2949,10000,9419,10000,0,0,3,6,2.4
75,Mstar-1sigma,12.0,12.125,ok,True,0.2678,10000,9788,10000,0,0,4,8,2.4
75,Mstar-1sigma,12.125,12.25,ok,True,0.2437,10000,9933,10000,0,0,5,11,2.4
75,Mstar-1sigma,12.25,12.375,ok,True,0.2210,10000,9988,10000,0,0,7,14,2.4
75,Mstar-1sigma,12.375,12.5,ok,True,0.2010,10000,9996,10000,0,0,10,18,2.5
75,Mstar-1sigma,12.5,12.625,ok,True,0.1827,10000,10000,10000,0,0,13,24,2.5
75,Mstar-1sigma,12.625,12.75,ok,True,0.1657,10000,10000,10000,0,0,18,32,2.4
75,Mstar-1sigma,12.75,12.875,ok,True,0.1507,10000,10000,10000,0,0,24,44,2.6
75,Mstar-1sigma,12.875,13.0,ok,True,0.1368,10000,10000,10000,0,0,32,59,2.6
75,Mstar-1sigma,13.0,13.125,ok,True,0.1242,10000,10000,10000,0,0,42,81,2.6
75,Mstar-1sigma,13.125,13.25,ok,True,0.1128,10000,10000,10000,0,0,57,112,2.7
75,Mstar-1sigma,13.25,13.375,ok,True,0.1026,10000,10000,10000,0,0,75,153,2.9
75,Mstar-1sigma,13.375,13.5,ok,True,0.0932,10000,10000,10000,0,0,101,209,3.0
75,Mstar-1sigma,13.5,13.625,ok,True,0.0848,8254,8254,8254,0,0,135,285,3.0
75,Mstar-1sigma,13.625,13.75,ok,True,0.0770,5927,5927,5927,0,0,180,384,2.6
75,Mstar-1sigma,13.75,13.875,ok,True,0.0699,4356,4356,4356,0,0,242,517,2.4
75,Mstar-1sigma,13.875,14.0,ok,True,0.0636,2999,2999,2999,0,0,325,705,2.1
75,Mstar-1sigma,14.0,14.125,ok,True,0.0577,2117,2117,2117,0,0,432,941,2.0
75,Mstar-1sigma,14.125,14.25,ok,True,0.0525,1325,1325,1325,0,0,573,1250,1.8
75,Mstar-1sigma,14.25,14.375,ok,True,0.0478,855,855,855,0,0,763,1687,1.5
75,Mstar-1sigma,14.375,14.5,ok,True,0.0432,540,540,540,0,0,1017,2251,1.2
75,Mstar-1sigma,14.5,14.625,ok,True,0.0396,321,321,321,0,0,1320,2904,0.9
75,Mstar-1sigma,14.625,14.75,ok,True,0.0359,127,127,127,0,0,1772,3879,0.5
75,Mstar-1sigma,14.75,14.875,ok,True,0.0326,66,66,66,0,0,2384,5450,0.4
75,Mstar-1sigma,14.875,15.0,ok,True,0.0293,20,20,20,0,0,3360,7518,0.2
77,Mstar-1sigma,10.0,10.125,ok,False,1.1762,151,32,59,68,46,0,0,0.6
77,Mstar-1sigma,10.125,10.25,ok,False,1.0540,548,134,235,35,15,0,0,1.2
77,Mstar-1sigma,10.25,10.375,ok,False,1.0020,4113,1211,1788,1,0,0,0,1.9
77,Mstar-1sigma,10.375,10.5,ok,False,0.9049,10000,3271,4624,1,0,0,0,2.3
77,Mstar-1sigma,10.5,10.625,ok,False,0.8107,10000,3582,4678,0,0,0,0,2.3
77,Mstar-1sigma,10.625,10.75,ok,False,0.7377,10000,3918,4660,0,0,0,0,2.3
77,Mstar-1sigma,10.75,10.875,ok,False,0.6699,10000,4156,4745,0,0,0,0,2.4
77,Mstar-1sigma,10.875,11.0,ok,False,0.6072,10000,4433,4815,0,0,0,0,2.3
77,Mstar-1sigma,11.0,11.125,ok,False,0.5506,10000,4738,4929,0,0,0,0,2.3
77,Mstar-1sigma,11.125,11.25,ok,False,0.5010,10000,4999,5079,0,0,0,1,2.4
77,Mstar-1sigma,11.25,11.375,ok,False,0.4610,10000,5528,5492,0,0,1,1,2.3
77,Mstar-1sigma,11.375,11.5,ok,False,0.4184,10000,6399,6417,0,0,1,1,2.4
77,Mstar-1sigma,11.5,11.625,ok,False,0.3809,10000,7375,7300,0,0,1,1,2.4
77,Mstar-1sigma,11.625,11.75,ok,False,0.3459,10000,8197,8132,0,0,2,2,2.5
77,Mstar-1sigma,11.75,11.875,ok,False,0.3142,10000,8973,8852,0,0,2,2,2.6
77,Mstar-1sigma,11.875,12.0,ok,True,0.2854,10000,9445,9412,0,0,3,3,2.6
77,Mstar-1sigma,12.0,12.125,ok,True,0.2594,10000,9785,9736,0,0,4,4,2.6
77,Mstar-1sigma,12.125,12.25,ok,True,0.2356,10000,9916,9921,0,0,6,5,2.6
77,Mstar-1sigma,12.25,12.375,ok,True,0.2142,10000,9987,9977,0,0,7,7,2.6
77,Mstar-1sigma,12.375,12.5,ok,True,0.1942,10000,9996,9994,0,0,10,9,2.6
77,Mstar-1sigma,12.5,12.625,ok,True,0.1766,10000,10000,10000,0,0,13,13,2.6
77,Mstar-1sigma,12.625,12.75,ok,True,0.1606,10000,10000,10000,0,0,18,17,2.7
77,Mstar-1sigma,12.75,12.875,ok,True,0.1459,10000,10000,10000,0,0,24,22,2.7
77,Mstar-1sigma,12.875,13.0,ok,True,0.1325,10000,10000,10000,0,0,31,30,2.7
77,Mstar-1sigma,13.0,13.125,ok,True,0.1205,10000,10000,10000,0,0,42,40,2.8
77,Mstar-1sigma,13.125,13.25,ok,True,0.1095,10000,10000,10000,0,0,56,53,2.8
77,Mstar-1sigma,13.25,13.375,ok,True,0.0994,10000,10000,10000,0,0,75,71,2.9
77,Mstar-1sigma,13.375,13.5,ok,True,0.0902,10000,10000,10000,0,0,100,96,3.0
77,Mstar-1sigma,13.5,13.625,ok,True,0.0821,10000,10000,10000,0,0,132,128,3.1
77,Mstar-1sigma,13.625,13.75,ok,True,0.0746,9595,9595,9595,0,0,177,171,3.2
77,Mstar-1sigma,13.75,13.875,ok,True,0.0677,7042,7042,7042,0,0,236,231,2.9
77,Mstar-1sigma,13.875,14.0,ok,True,0.0616,4930,4930,4930,0,0,316,312,2.6
77,Mstar-1sigma,14.0,14.125,ok,True,0.0559,3686,3686,3686,0,0,425,420,2.4
77,Mstar-1sigma,14.125,14.25,ok,True,0.0508,2408,2408,2408,0,0,560,555,2.2
77,Mstar-1sigma,14.25,14.375,ok,True,0.0463,1587,1587,1587,0,0,750,746,2.0
77,Mstar-1sigma,14.375,14.5,ok,True,0.0419,1047,1047,1047,0,0,1011,1005,1.7
77,Mstar-1sigma,14.5,14.625,ok,True,0.0382,648,648,648,0,0,1310,1302,1.4
77,Mstar-1sigma,14.625,14.75,ok,True,0.0348,370,370,370,0,0,1736,1726,1.1
77,Mstar-1sigma,14.75,14.875,ok,True,0.0315,191,191,191,0,0,2316,2317,0.7
77,Mstar-1sigma,14.875,15.0,ok,True,0.0286,102,102,102,0,0,3154,3174,0.5
9,Mstar-1sigma_fgas-4sigma,10.0,10.125,ok,False,3.1016,259,96,245,61,1,0,3,0.2
9,Mstar-1sigma_fgas-4sigma,10.125,10.25,ok,False,2.8192,108,39,98,73,15,0,3,0.1
9,Mstar-1sigma_fgas-4sigma,10.25,10.375,ok,False,2.6591,766,309,696,14,0,0,3,0.2
9,Mstar-1sigma_fgas-4sigma,10.375,10.5,ok,False,2.4069,1459,649,1334,2,0,0,3,0.3
9,Mstar-1sigma_fgas-4sigma,10.5,10.625,ok,False,2.1416,3199,1513,2933,0,0,0,3,0.4
9,Mstar-1sigma_fgas-4sigma,10.625,10.75,ok,False,1.9455,6385,3322,5843,0,0,1,3,0.6
9,Mstar-1sigma_fgas-4sigma,10.75,10.875,ok,False,1.7736,10000,5778,9245,0,0,1,3,0.8
9,Mstar-1sigma_fgas-4sigma,10.875,11.0,ok,False,1.6053,10000,6031,9323,0,0,1,3,0.9
9,Mstar-1sigma_fgas-4sigma,11.0,11.125,ok,False,1.4615,10000,6580,9444,0,0,1,3,0.8
9,Mstar-1sigma_fgas-4sigma,11.125,11.25,ok,False,1.3296,10000,7081,9538,0,0,1,3,0.9
9,Mstar-1sigma_fgas-4sigma,11.25,11.375,ok,False,1.2146,10000,7579,9730,0,0,1,4,0.9
9,Mstar-1sigma_fgas-4sigma,11.375,11.5,ok,False,1.1126,10000,8325,9956,0,0,2,5,0.9
9,Mstar-1sigma_fgas-4sigma,11.5,11.625,ok,False,1.0115,10000,9024,10000,0,0,2,6,1.0
9,Mstar-1sigma_fgas-4sigma,11.625,11.75,ok,False,0.9189,10000,9477,10000,0,0,3,8,1.0
9,Mstar-1sigma_fgas-4sigma,11.75,11.875,ok,False,0.8349,10000,9797,10000,0,0,4,10,1.0
9,Mstar-1sigma_fgas-4sigma,11.875,12.0,ok,False,0.7586,10000,9935,10000,0,0,5,13,1.0
9,Mstar-1sigma_fgas-4sigma,12.0,12.125,ok,False,0.6899,10000,9981,10000,0,0,7,17,1.0
9,Mstar-1sigma_fgas-4sigma,12.125,12.25,ok,False,0.6273,5272,5271,5272,0,0,9,22,0.6
9,Mstar-1sigma_fgas-4sigma,12.25,12.375,ok,False,0.5702,2597,2597,2597,0,0,12,29,0.4
9,Mstar-1sigma_fgas-4sigma,12.375,12.5,ok,False,0.5178,1226,1226,1226,0,0,16,38,0.3
9,Mstar-1sigma_fgas-4sigma,12.5,12.625,ok,False,0.4713,465,465,465,0,0,22,50,0.2
9,Mstar-1sigma_fgas-4sigma,12.625,12.75,ok,False,0.4284,171,171,171,0,0,28,62,0.1
9,Mstar-1sigma_fgas-4sigma,12.75,12.875,ok,False,0.3907,68,68,68,0,0,37,85,0.1
9,Mstar-1sigma_fgas-4sigma,12.875,13.0,ok,False,0.3562,19,19,19,3,0,49,111,0.0
9,Mstar-1sigma_fgas-4sigma,13.0,13.125,ok,False,0.3196,2,2,2,33,14,84,174,0.0
9,Mstar-1sigma_fgas-4sigma,13.125,13.25,ok,False,0.2950,2,2,2,27,21,93,170,0.0
9,Mstar-1sigma_fgas-4sigma,13.25,13.375,ok,False,0.2601,1,1,1,42,18,120,293,0.0
9,Mstar-1sigma_fgas-4sigma,13.375,13.5,no_halos,False,nan,0,0,0,0,0,0,0,0.0
9,Mstar-1sigma_fgas-4sigma,13.5,13.625,no_halos,False,nan,0,0,0,0,0,0,0,0.0
9,Mstar-1sigma_fgas-4sigma,13.625,13.75,no_halos,False,nan,0,0,0,0,0,0,0,0.0
9,Mstar-1sigma_fgas-4sigma,13.75,13.875,no_halos,False,nan,0,0,0,0,0,0,0,0.0
9,Mstar-1sigma_fgas-4sigma,13.875,14.0,no_halos,False,nan,0,0,0,0,0,0,0,0.0
9,Mstar-1sigma_fgas-4sigma,14.0,14.125,no_halos,False,nan,0,0,0,0,0,0,0,0.0
9,Mstar-1sigma_fgas-4sigma,14.125,14.25,no_halos,False,nan,0,0,0,0,0,0,0,0.0
9,Mstar-1sigma_fgas-4sigma,14.25,14.375,no_halos,False,nan,0,0,0,0,0,0,0,0.0
9,Mstar-1sigma_fgas-4sigma,14.375,14.5,no_halos,False,nan,0,0,0,0,0,0,0,0.0
9,Mstar-1sigma_fgas-4sigma,14.5,14.625,no_halos,False,nan,0,0,0,0,0,0,0,0.0
9,Mstar-1sigma_fgas-4sigma,14.625,14.75,no_halos,False,nan,0,0,0,0,0,0,0,0.0
9,Mstar-1sigma_fgas-4sigma,14.75,14.875,no_halos,False,nan,0,0,0,0,0,0,0,0.0
9,Mstar-1sigma_fgas-4sigma,14.875,15.0,no_halos,False,nan,0,0,0,0,0,0,0,0.0
13,Mstar-1sigma_fgas-4sigma,10.0,10.125,ok,False,3.1174,631,220,592,28,0,0,3,0.4
13,Mstar-1sigma_fgas-4sigma,10.125,10.25,ok,False,2.8499,286,109,264,44,1,0,3,0.3
13,Mstar-1sigma_fgas-4sigma,10.25,10.375,ok,False,2.6630,1753,772,1634,1,0,0,3,0.5
13,Mstar-1sigma_fgas-4sigma,10.375,10.5,ok,False,2.4100,3636,1671,3429,0,0,0,3,0.7
13,Mstar-1sigma_fgas-4sigma,10.5,10.625,ok,False,2.1467,7652,3747,7125,0,0,0,3,1.0
13,Mstar-1sigma_fgas-4sigma,10.625,10.75,ok,False,1.9517,10000,5284,9332,0,0,1,3,1.2
13,Mstar-1sigma_fgas-4sigma,10.75,10.875,ok,False,1.7771,10000,5744,9414,0,0,1,3,1.2
13,Mstar-1sigma_fgas-4sigma,10.875,11.0,ok,False,1.6109,10000,6221,9435,0,0,1,3,1.2
13,Mstar-1sigma_fgas-4sigma,11.0,11.125,ok,False,1.4638,10000,6602,9501,0,0,1,3,1.2
13,Mstar-1sigma_fgas-4sigma,11.125,11.25,ok,False,1.3315,10000,7045,9564,0,0,1,3,1.2
13,Mstar-1sigma_fgas-4sigma,11.25,11.375,ok,False,1.2179,10000,7472,9723,0,0,1,4,1.2
13,Mstar-1sigma_fgas-4sigma,11.375,11.5,ok,False,1.1126,10000,8236,9972,0,0,2,5,1.3
13,Mstar-1sigma_fgas-4sigma,11.5,11.625,ok,False,1.0126,10000,8941,10000,0,0,2,6,1.3
13,Mstar-1sigma_fgas-4sigma,11.625,11.75,ok,False,0.9198,10000,9445,10000,0,0,3,8,1.3
13,Mstar-1sigma_fgas-4sigma,11.75,11.875,ok,False,0.8365,10000,9753,10000,0,0,4,10,1.3
13,Mstar-1sigma_fgas-4sigma,11.875,12.0,ok,False,0.7599,10000,9934,10000,0,0,5,13,1.3
13,Mstar-1sigma_fgas-4sigma,12.0,12.125,ok,False,0.6899,10000,9988,10000,0,0,7,17,1.4
13,Mstar-1sigma_fgas-4sigma,12.125,12.25,ok,False,0.6273,10000,9999,10000,0,0,9,22,1.4
13,Mstar-1sigma_fgas-4sigma,12.25,12.375,ok,False,0.5702,10000,10000,10000,0,0,12,29,1.4
13,Mstar-1sigma_fgas-4sigma,12.375,12.5,ok,False,0.5190,7292,7292,7292,0,0,16,38,1.1
13,Mstar-1sigma_fgas-4sigma,12.5,12.625,ok,False,0.4703,3925,3925,3925,0,0,22,49,0.8
13,Mstar-1sigma_fgas-4sigma,12.625,12.75,ok,False,0.4284,1927,1927,1927,0,0,28,64,0.6
13,Mstar-1sigma_fgas-4sigma,12.75,12.875,ok,False,0.3897,870,870,870,0,0,38,85,0.5
13,Mstar-1sigma_fgas-4sigma,12.875,13.0,ok,False,0.3535,358,358,358,0,0,50,111,0.3
13,Mstar-1sigma_fgas-4sigma,13.0,13.125,ok,False,0.3216,130,130,130,0,0,64,140,0.2
13,Mstar-1sigma_fgas-4sigma,13.125,13.25,ok,True,0.2958,55,55,55,0,0,83,190,0.1
13,Mstar-1sigma_fgas-4sigma,13.25,13.375,ok,True,0.2652,16,16,16,0,0,117,250,0.1
13,Mstar-1sigma_fgas-4sigma,13.375,13.5,ok,False,0.2448,3,3,3,13,3,149,306,0.0
13,Mstar-1sigma_fgas-4sigma,13.5,13.625,ok,False,0.2234,2,2,2,15,3,183,372,0.0
13,Mstar-1sigma_fgas-4sigma,13.625,13.75,ok,False,0.2021,1,1,1,27,11,222,530,0.0
13,Mstar-1sigma_fgas-4sigma,13.75,13.875,no_halos,False,nan,0,0,0,0,0,0,0,0.0
13,Mstar-1sigma_fgas-4sigma,13.875,14.0,no_halos,False,nan,0,0,0,0,0,0,0,0.0
13,Mstar-1sigma_fgas-4sigma,14.0,14.125,no_halos,False,nan,0,0,0,0,0,0,0,0.0
13,Mstar-1sigma_fgas-4sigma,14.125,14.25,no_halos,False,nan,0,0,0,0,0,0,0,0.0
13,Mstar-1sigma_fgas-4sigma,14.25,14.375,no_halos,False,nan,0,0,0,0,0,0,0,0.0
13,Mstar-1sigma_fgas-4sigma,14.375,14.5,no_halos,False,nan,0,0,0,0,0,0,0,0.0
13,Mstar-1sigma_fgas-4sigma,14.5,14.625,no_halos,False,nan,0,0,0,0,0,0,0,0.0
13,Mstar-1sigma_fgas-4sigma,14.625,14.75,no_halos,False,nan,0,0,0,0,0,0,0,0.0
13,Mstar-1sigma_fgas-4sigma,14.75,14.875,no_halos,False,nan,0,0,0,0,0,0,0,0.0
13,Mstar-1sigma_fgas-4sigma,14.875,15.0,no_halos,False,nan,0,0,0,0,0,0,0,0.0
17,Mstar-1sigma_fgas-4sigma,10.0,10.125,ok,False,3.1335,1007,399,956,11,0,0,3,0.9
17,Mstar-1sigma_fgas-4sigma,10.125,10.25,ok,False,2.8455,488,200,461,25,0,0,3,0.7
17,Mstar-1sigma_fgas-4sigma,10.25,10.375,ok,False,2.6786,2835,1185,2690,0,0,0,3,1.0
17,Mstar-1sigma_fgas-4sigma,10.375,10.5,ok,False,2.4228,5905,2737,5560,0,0,0,3,1.2
17,Mstar-1sigma_fgas-4sigma,10.5,10.625,ok,False,2.1594,10000,5007,9463,0,0,1,3,1.6
17,Mstar-1sigma_fgas-4sigma,10.625,10.75,ok,False,1.9622,10000,5326,9422,0,0,1,3,1.6
17,Mstar-1sigma_fgas-4sigma,10.75,10.875,ok,False,1.7875,10000,5803,9419,0,0,1,3,1.6
17,Mstar-1sigma_fgas-4sigma,10.875,11.0,ok,False,1.6195,10000,6209,9462,0,0,1,3,1.6
17,Mstar-1sigma_fgas-4sigma,11.0,11.125,ok,False,1.4732,10000,6585,9499,0,0,1,3,1.6
17,Mstar-1sigma_fgas-4sigma,11.125,11.25,ok,False,1.3393,10000,6911,9560,0,0,1,3,1.7
17,Mstar-1sigma_fgas-4sigma,11.25,11.375,ok,False,1.2244,10000,7410,9668,0,0,1,4,1.6
17,Mstar-1sigma_fgas-4sigma,11.375,11.5,ok,False,1.1207,10000,8163,9960,0,0,2,5,1.6
17,Mstar-1sigma_fgas-4sigma,11.5,11.625,ok,False,1.0160,10000,8889,10000,0,0,2,6,1.7
17,Mstar-1sigma_fgas-4sigma,11.625,11.75,ok,False,0.9245,10000,9389,10000,0,0,3,8,1.7
17,Mstar-1sigma_fgas-4sigma,11.75,11.875,ok,False,0.8395,10000,9755,10000,0,0,4,10,1.8
17,Mstar-1sigma_fgas-4sigma,11.875,12.0,ok,False,0.7637,10000,9918,10000,0,0,5,13,1.7
17,Mstar-1sigma_fgas-4sigma,12.0,12.125,ok,False,0.6941,10000,9973,10000,0,0,7,17,1.8
17,Mstar-1sigma_fgas-4sigma,12.125,12.25,ok,False,0.6299,10000,9994,10000,0,0,9,22,1.8
17,Mstar-1sigma_fgas-4sigma,12.25,12.375,ok,False,0.5730,10000,10000,10000,0,0,12,28,1.8
17,Mstar-1sigma_fgas-4sigma,12.375,12.5,ok,False,0.5202,10000,10000,10000,0,0,16,37,1.8
17,Mstar-1sigma_fgas-4sigma,12.5,12.625,ok,False,0.4733,10000,10000,10000,0,0,21,48,1.9
17,Mstar-1sigma_fgas-4sigma,12.625,12.75,ok,False,0.4300,10000,10000,10000,0,0,28,63,2.0
17,Mstar-1sigma_fgas-4sigma,12.75,12.875,ok,False,0.3910,5779,5779,5779,0,0,37,81,1.5
17,Mstar-1sigma_fgas-4sigma,12.875,13.0,ok,False,0.3551,3116,3116,3116,0,0,49,108,1.2
17,Mstar-1sigma_fgas-4sigma,13.0,13.125,ok,False,0.3230,1567,1567,1567,0,0,64,144,1.0
17,Mstar-1sigma_fgas-4sigma,13.125,13.25,ok,True,0.2943,777,777,777,0,0,84,183,0.8
17,Mstar-1sigma_fgas-4sigma,13.25,13.375,ok,True,0.2668,288,288,288,0,0,114,254,0.5
17,Mstar-1sigma_fgas-4sigma,13.375,13.5,ok,True,0.2431,162,162,162,0,0,147,329,0.4
17,Mstar-1sigma_fgas-4sigma,13.5,13.625,ok,True,0.2204,57,57,57,0,0,192,422,0.2
17,Mstar-1sigma_fgas-4sigma,13.625,13.75,ok,True,0.2007,21,21,21,0,0,247,576,0.1
17,Mstar-1sigma_fgas-4sigma,13.75,13.875,ok,False,0.1805,2,2,2,5,1,329,736,0.1
17,Mstar-1sigma_fgas-4sigma,13.875,14.0,no_halos,False,nan,0,0,0,0,0,0,0,0.1
17,Mstar-1sigma_fgas-4sigma,14.0,14.125,no_halos,False,nan,0,0,0,0,0,0,0,0.1
17,Mstar-1sigma_fgas-4sigma,14.125,14.25,no_halos,False,nan,0,0,0,0,0,0,0,0.1
17,Mstar-1sigma_fgas-4sigma,14.25,14.375,no_halos,False,nan,0,0,0,0,0,0,0,0.1
17,Mstar-1sigma_fgas-4sigma,14.375,14.5,no_halos,False,nan,0,0,0,0,0,0,0,0.1
17,Mstar-1sigma_fgas-4sigma,14.5,14.625,no_halos,False,nan,0,0,0,0,0,0,0,0.1
17,Mstar-1sigma_fgas-4sigma,14.625,14.75,no_halos,False,nan,0,0,0,0,0,0,0,0.1
17,Mstar-1sigma_fgas-4sigma,14.75,14.875,no_halos,False,nan,0,0,0,0,0,0,0,0.1
17,Mstar-1sigma_fgas-4sigma,14.875,15.0,no_halos,False,nan,0,0,0,0,0,0,0,0.1
37,Mstar-1sigma_fgas-4sigma,10.0,10.125,ok,False,2.4362,819,301,767,13,0,0,3,1.2
37,Mstar-1sigma_fgas-4sigma,10.125,10.25,ok,False,2.2095,462,175,427,32,0,0,3,0.8
37,Mstar-1sigma_fgas-4sigma,10.25,10.375,ok,False,2.0846,3515,1452,3299,0,0,0,3,1.6
37,Mstar-1sigma_fgas-4sigma,10.375,10.5,ok,False,1.8854,7840,3517,7325,0,0,0,3,2.0
37,Mstar-1sigma_fgas-4sigma,10.5,10.625,ok,False,1.6797,10000,4900,9371,0,0,0,3,2.3
37,Mstar-1sigma_fgas-4sigma,10.625,10.75,ok,False,1.5276,10000,5325,9354,0,0,1,3,2.2
37,Mstar-1sigma_fgas-4sigma,10.75,10.875,ok,False,1.3911,10000,5696,9381,0,0,1,3,2.2
37,Mstar-1sigma_fgas-4sigma,10.875,11.0,ok,False,1.2597,10000,6151,9375,0,0,1,3,2.2
37,Mstar-1sigma_fgas-4sigma,11.0,11.125,ok,False,1.1463,10000,6512,9397,0,0,1,3,2.2
37,Mstar-1sigma_fgas-4sigma,11.125,11.25,ok,False,1.0423,10000,6754,9366,0,0,1,3,2.2
37,Mstar-1sigma_fgas-4sigma,11.25,11.375,ok,False,0.9542,10000,7162,9562,0,0,1,4,2.3
37,Mstar-1sigma_fgas-4sigma,11.375,11.5,ok,False,0.8712,10000,7889,9955,0,0,1,5,2.3
37,Mstar-1sigma_fgas-4sigma,11.5,11.625,ok,False,0.7914,10000,8736,10000,0,0,2,6,2.4
37,Mstar-1sigma_fgas-4sigma,11.625,11.75,ok,False,0.7191,10000,9287,10000,0,0,3,7,2.3
37,Mstar-1sigma_fgas-4sigma,11.75,11.875,ok,False,0.6534,10000,9656,10000,0,0,4,9,2.4
37,Mstar-1sigma_fgas-4sigma,11.875,12.0,ok,False,0.5936,10000,9885,10000,0,0,5,12,2.4
37,Mstar-1sigma_fgas-4sigma,12.0,12.125,ok,False,0.5388,10000,9957,10000,0,0,6,16,2.3
37,Mstar-1sigma_fgas-4sigma,12.125,12.25,ok,False,0.4898,10000,9991,10000,0,0,9,20,2.4
37,Mstar-1sigma_fgas-4sigma,12.25,12.375,ok,False,0.4450,10000,10000,10000,0,0,11,26,2.4
37,Mstar-1sigma_fgas-4sigma,12.375,12.5,ok,False,0.4044,10000,9999,10000,0,0,15,34,2.4
37,Mstar-1sigma_fgas-4sigma,12.5,12.625,ok,False,0.3679,10000,10000,10000,0,0,20,44,2.5
37,Mstar-1sigma_fgas-4sigma,12.625,12.75,ok,False,0.3342,10000,10000,10000,0,0,27,58,2.5
37,Mstar-1sigma_fgas-4sigma,12.75,12.875,ok,False,0.3035,10000,10000,10000,0,0,35,76,2.6
37,Mstar-1sigma_fgas-4sigma,12.875,13.0,ok,True,0.2762,10000,10000,10000,0,0,47,101,2.7
37,Mstar-1sigma_fgas-4sigma,13.0,13.125,ok,True,0.2509,8966,8966,8966,0,0,62,134,2.6
37,Mstar-1sigma_fgas-4sigma,13.125,13.25,ok,True,0.2280,5510,5510,5510,0,0,81,176,2.2
37,Mstar-1sigma_fgas-4sigma,13.25,13.375,ok,True,0.2072,3102,3102,3102,0,0,108,234,1.8
37,Mstar-1sigma_fgas-4sigma,13.375,13.5,ok,True,0.1883,1818,1818,1818,0,0,144,310,1.6
37,Mstar-1sigma_fgas-4sigma,13.5,13.625,ok,True,0.1713,912,912,912,0,0,190,409,1.2
37,Mstar-1sigma_fgas-4sigma,13.625,13.75,ok,True,0.1558,439,439,439,0,0,247,537,0.8
37,Mstar-1sigma_fgas-4sigma,13.75,13.875,ok,True,0.1419,208,208,208,0,0,334,722,0.5
37,Mstar-1sigma_fgas-4sigma,13.875,14.0,ok,True,0.1289,78,78,78,0,0,434,947,0.3
37,Mstar-1sigma_fgas-4sigma,14.0,14.125,ok,True,0.1178,33,33,33,0,0,565,1289,0.2
37,Mstar-1sigma_fgas-4sigma,14.125,14.25,ok,True,0.1052,9,9,9,0,0,635,1416,0.1
37,Mstar-1sigma_fgas-4sigma,14.25,14.375,ok,True,0.0962,3,3,3,0,0,818,1716,0.1
37,Mstar-1sigma_fgas-4sigma,14.375,14.5,no_halos,False,nan,0,0,0,0,0,0,0,0.1
37,Mstar-1sigma_fgas-4sigma,14.5,14.625,no_halos,False,nan,0,0,0,0,0,0,0,0.1
37,Mstar-1sigma_fgas-4sigma,14.625,14.75,no_halos,False,nan,0,0,0,0,0,0,0,0.1
37,Mstar-1sigma_fgas-4sigma,14.75,14.875,no_halos,False,nan,0,0,0,0,0,0,0,0.1
37,Mstar-1sigma_fgas-4sigma,14.875,15.0,no_halos,False,nan,0,0,0,0,0,0,0,0.1
47,Mstar-1sigma_fgas-4sigma,10.0,10.125,ok,False,2.0698,461,168,428,25,0,0,3,1.1
47,Mstar-1sigma_fgas-4sigma,10.125,10.25,ok,False,1.8648,262,93,244,41,8,0,2,0.7
47,Mstar-1sigma_fgas-4sigma,10.25,10.375,ok,False,1.7687,2488,1011,2304,0,0,0,3,1.7
47,Mstar-1sigma_fgas-4sigma,10.375,10.5,ok,False,1.6013,5964,2704,5544,0,0,0,3,2.0
47,Mstar-1sigma_fgas-4sigma,10.5,10.625,ok,False,1.4253,10000,4761,9229,0,0,0,3,2.4
47,Mstar-1sigma_fgas-4sigma,10.625,10.75,ok,False,1.2956,10000,5239,9188,0,0,1,3,2.3
47,Mstar-1sigma_fgas-4sigma,10.75,10.875,ok,False,1.1803,10000,5549,9294,0,0,1,3,2.4
47,Mstar-1sigma_fgas-4sigma,10.875,11.0,ok,False,1.0690,10000,5967,9247,0,0,1,3,2.4
47,Mstar-1sigma_fgas-4sigma,11.0,11.125,ok,False,0.9712,10000,6348,9250,0,0,1,3,2.5
47,Mstar-1sigma_fgas-4sigma,11.125,11.25,ok,False,0.8830,10000,6630,9234,0,0,1,3,2.4
47,Mstar-1sigma_fgas-4sigma,11.25,11.375,ok,False,0.8095,10000,6886,9489,0,0,1,3,2.4
47,Mstar-1sigma_fgas-4sigma,11.375,11.5,ok,False,0.7398,10000,7730,9948,0,0,1,4,2.5
47,Mstar-1sigma_fgas-4sigma,11.5,11.625,ok,False,0.6717,10000,8575,9999,0,0,2,5,2.5
47,Mstar-1sigma_fgas-4sigma,11.625,11.75,ok,False,0.6099,10000,9182,10000,0,0,3,7,2.5
47,Mstar-1sigma_fgas-4sigma,11.75,11.875,ok,False,0.5548,10000,9575,10000,0,0,4,9,2.6
47,Mstar-1sigma_fgas-4sigma,11.875,12.0,ok,False,0.5040,10000,9826,10000,0,0,5,11,2.6
47,Mstar-1sigma_fgas-4sigma,12.0,12.125,ok,False,0.4574,10000,9965,10000,0,0,6,15,2.6
47,Mstar-1sigma_fgas-4sigma,12.125,12.25,ok,False,0.4157,10000,9991,10000,0,0,8,19,2.7
47,Mstar-1sigma_fgas-4sigma,12.25,12.375,ok,False,0.3775,10000,9996,10000,0,0,11,24,2.7
47,Mstar-1sigma_fgas-4sigma,12.375,12.5,ok,False,0.3433,10000,10000,10000,0,0,14,32,2.7
47,Mstar-1sigma_fgas-4sigma,12.5,12.625,ok,False,0.3118,10000,10000,10000,0,0,19,41,2.7
47,Mstar-1sigma_fgas-4sigma,12.625,12.75,ok,True,0.2833,10000,10000,10000,0,0,26,54,2.7
47,Mstar-1sigma_fgas-4sigma,12.75,12.875,ok,True,0.2574,10000,10000,10000,0,0,34,72,2.8
47,Mstar-1sigma_fgas-4sigma,12.875,13.0,ok,True,0.2342,10000,10000,10000,0,0,45,94,2.9
47,Mstar-1sigma_fgas-4sigma,13.0,13.125,ok,True,0.2127,10000,10000,10000,0,0,60,126,3.0
47,Mstar-1sigma_fgas-4sigma,13.125,13.25,ok,True,0.1933,10000,10000,10000,0,0,79,167,3.1
47,Mstar-1sigma_fgas-4sigma,13.25,13.375,ok,True,0.1756,6844,6844,6844,0,0,104,222,2.7
47,Mstar-1sigma_fgas-4sigma,13.375,13.5,ok,True,0.1598,4179,4179,4179,0,0,138,297,2.3
47,Mstar-1sigma_fgas-4sigma,13.5,13.625,ok,True,0.1449,2493,2493,2493,0,0,183,396,2.0
47,Mstar-1sigma_fgas-4sigma,13.625,13.75,ok,True,0.1319,1519,1519,1519,0,0,242,523,1.7
47,Mstar-1sigma_fgas-4sigma,13.75,13.875,ok,True,0.1198,768,768,768,0,0,321,703,1.3
47,Mstar-1sigma_fgas-4sigma,13.875,14.0,ok,True,0.1092,387,387,387,0,0,418,922,0.9
47,Mstar-1sigma_fgas-4sigma,14.0,14.125,ok,True,0.0993,202,202,202,0,0,549,1212,0.6
47,Mstar-1sigma_fgas-4sigma,14.125,14.25,ok,True,0.0899,81,81,81,0,0,706,1552,0.4
47,Mstar-1sigma_fgas-4sigma,14.25,14.375,ok,True,0.0827,25,25,25,0,0,897,2019,0.2
47,Mstar-1sigma_fgas-4sigma,14.375,14.5,ok,True,0.0731,9,9,9,0,0,1204,2642,0.2
47,Mstar-1sigma_fgas-4sigma,14.5,14.625,ok,True,0.0652,2,2,2,0,0,2100,4816,0.1
47,Mstar-1sigma_fgas-4sigma,14.625,14.75,ok,False,0.0626,2,2,2,2,0,1984,4532,0.1
47,Mstar-1sigma_fgas-4sigma,14.75,14.875,no_halos,False,nan,0,0,0,0,0,0,0,0.1
47,Mstar-1sigma_fgas-4sigma,14.875,15.0,no_halos,False,nan,0,0,0,0,0,0,0,0.1
57,Mstar-1sigma_fgas-4sigma,10.0,10.125,ok,False,1.7199,193,75,179,44,9,0,3,0.8
57,Mstar-1sigma_fgas-4sigma,10.125,10.25,ok,False,1.5411,131,59,119,53,13,0,3,0.6
57,Mstar-1sigma_fgas-4sigma,10.25,10.375,ok,False,1.4684,1423,576,1279,1,0,0,2,1.6
57,Mstar-1sigma_fgas-4sigma,10.375,10.5,ok,False,1.3284,3392,1408,3038,0,0,0,3,1.8
57,Mstar-1sigma_fgas-4sigma,10.5,10.625,ok,False,1.1851,7847,3675,7100,0,0,0,3,2.2
57,Mstar-1sigma_fgas-4sigma,10.625,10.75,ok,False,1.0771,10000,5035,9052,0,0,1,2,2.5
57,Mstar-1sigma_fgas-4sigma,10.75,10.875,ok,False,0.9799,10000,5411,8984,0,0,1,3,2.5
57,Mstar-1sigma_fgas-4sigma,10.875,11.0,ok,False,0.8877,10000,5647,8991,0,0,1,3,2.5
57,Mstar-1sigma_fgas-4sigma,11.0,11.125,ok,False,0.8065,10000,5988,9080,0,0,1,3,2.5
57,Mstar-1sigma_fgas-4sigma,11.125,11.25,ok,False,0.7330,10000,6207,9009,0,0,1,3,2.5
57,Mstar-1sigma_fgas-4sigma,11.25,11.375,ok,False,0.6738,10000,6646,9331,0,0,1,3,2.5
57,Mstar-1sigma_fgas-4sigma,11.375,11.5,ok,False,0.6136,10000,7519,9927,0,0,1,4,2.5
57,Mstar-1sigma_fgas-4sigma,11.5,11.625,ok,False,0.5579,10000,8282,9999,0,0,2,5,2.5
57,Mstar-1sigma_fgas-4sigma,11.625,11.75,ok,False,0.5070,10000,8946,10000,0,0,2,6,2.6
57,Mstar-1sigma_fgas-4sigma,11.75,11.875,ok,False,0.4605,10000,9466,10000,0,0,3,8,2.6
57,Mstar-1sigma_fgas-4sigma,11.875,12.0,ok,False,0.4184,10000,9799,10000,0,0,4,10,2.6
57,Mstar-1sigma_fgas-4sigma,12.0,12.125,ok,False,0.3802,10000,9913,10000,0,0,6,13,2.7
57,Mstar-1sigma_fgas-4sigma,12.125,12.25,ok,False,0.3454,10000,9982,10000,0,0,8,17,2.7
57,Mstar-1sigma_fgas-4sigma,12.25,12.375,ok,False,0.3138,10000,9999,10000,0,0,10,22,2.7
57,Mstar-1sigma_fgas-4sigma,12.375,12.5,ok,True,0.2851,10000,10000,10000,0,0,13,28,2.8
57,Mstar-1sigma_fgas-4sigma,12.5,12.625,ok,True,0.2588,10000,10000,10000,0,0,18,37,2.8
57,Mstar-1sigma_fgas-4sigma,12.625,12.75,ok,True,0.2354,10000,10000,10000,0,0,24,49,2.8
57,Mstar-1sigma_fgas-4sigma,12.75,12.875,ok,True,0.2138,10000,10000,10000,0,0,32,64,2.8
57,Mstar-1sigma_fgas-4sigma,12.875,13.0,ok,True,0.1942,10000,10000,10000,0,0,42,85,2.9
57,Mstar-1sigma_fgas-4sigma,13.0,13.125,ok,True,0.1763,10000,10000,10000,0,0,56,114,3.1
57,Mstar-1sigma_fgas-4sigma,13.125,13.25,ok,True,0.1604,10000,10000,10000,0,0,74,152,3.1
57,Mstar-1sigma_fgas-4sigma,13.25,13.375,ok,True,0.1457,10000,10000,10000,0,0,99,206,3.2
57,Mstar-1sigma_fgas-4sigma,13.375,13.5,ok,True,0.1325,7877,7877,7877,0,0,131,275,3.1
57,Mstar-1sigma_fgas-4sigma,13.5,13.625,ok,True,0.1203,5225,5225,5225,0,0,173,367,2.6
57,Mstar-1sigma_fgas-4sigma,13.625,13.75,ok,True,0.1093,3278,3278,3278,0,0,228,489,2.3
57,Mstar-1sigma_fgas-4sigma,13.75,13.875,ok,True,0.0996,2074,2074,2074,0,0,302,648,2.0
57,Mstar-1sigma_fgas-4sigma,13.875,14.0,ok,True,0.0905,1258,1258,1258,0,0,398,870,1.8
57,Mstar-1sigma_fgas-4sigma,14.0,14.125,ok,True,0.0820,686,686,686,0,0,542,1184,1.4
57,Mstar-1sigma_fgas-4sigma,14.125,14.25,ok,True,0.0746,364,364,364,0,0,702,1532,1.0
57,Mstar-1sigma_fgas-4sigma,14.25,14.375,ok,True,0.0677,192,192,192,0,0,912,2021,0.7
57,Mstar-1sigma_fgas-4sigma,14.375,14.5,ok,True,0.0615,81,81,81,0,0,1204,2661,0.4
57,Mstar-1sigma_fgas-4sigma,14.5,14.625,ok,True,0.0561,33,33,33,0,0,1548,3435,0.3
57,Mstar-1sigma_fgas-4sigma,14.625,14.75,ok,True,0.0502,9,9,9,0,0,2262,4915,0.2
57,Mstar-1sigma_fgas-4sigma,14.75,14.875,ok,True,0.0455,5,5,5,0,0,3037,6750,0.2
57,Mstar-1sigma_fgas-4sigma,14.875,15.0,no_halos,False,nan,0,0,0,0,0,0,0,0.1
62,Mstar-1sigma_fgas-4sigma,10.0,10.125,ok,False,1.5476,96,33,90,68,29,0,2,0.5
62,Mstar-1sigma_fgas-4sigma,10.125,10.25,ok,False,1.3921,56,13,51,87,33,0,2,0.4
62,Mstar-1sigma_fgas-4sigma,10.25,10.375,ok,False,1.3330,915,347,808,5,0,0,2,1.4
62,Mstar-1sigma_fgas-4sigma,10.375,10.5,ok,False,1.2035,2315,957,2062,0,0,0,2,1.7
62,Mstar-1sigma_fgas-4sigma,10.5,10.625,ok,False,1.0724,5281,2383,4655,0,0,0,2,2.0
62,Mstar-1sigma_fgas-4sigma,10.625,10.75,ok,False,0.9740,10000,4816,8796,0,0,0,2,2.4
62,Mstar-1sigma_fgas-4sigma,10.75,10.875,ok,False,0.8872,10000,5080,8868,0,0,1,2,2.4
62,Mstar-1sigma_fgas-4sigma,10.875,11.0,ok,False,0.8035,10000,5442,8868,0,0,1,2,2.4
62,Mstar-1sigma_fgas-4sigma,11.0,11.125,ok,False,0.7296,10000,5814,8908,0,0,1,2,2.5
62,Mstar-1sigma_fgas-4sigma,11.125,11.25,ok,False,0.6633,10000,5955,8858,0,0,1,2,2.4
62,Mstar-1sigma_fgas-4sigma,11.25,11.375,ok,False,0.6098,10000,6379,9220,0,0,1,3,2.6
62,Mstar-1sigma_fgas-4sigma,11.375,11.5,ok,False,0.5559,10000,7182,9915,0,0,1,4,2.5
62,Mstar-1sigma_fgas-4sigma,11.5,11.625,ok,False,0.5050,10000,8022,9999,0,0,2,4,2.5
62,Mstar-1sigma_fgas-4sigma,11.625,11.75,ok,False,0.4591,10000,8874,10000,0,0,2,6,2.6
62,Mstar-1sigma_fgas-4sigma,11.75,11.875,ok,False,0.4173,10000,9377,10000,0,0,3,7,2.6
62,Mstar-1sigma_fgas-4sigma,11.875,12.0,ok,False,0.3790,10000,9756,10000,0,0,4,9,2.7
62,Mstar-1sigma_fgas-4sigma,12.0,12.125,ok,False,0.3439,10000,9900,10000,0,0,5,12,2.7
62,Mstar-1sigma_fgas-4sigma,12.125,12.25,ok,False,0.3128,10000,9977,10000,0,0,7,16,2.6
62,Mstar-1sigma_fgas-4sigma,12.25,12.375,ok,True,0.2841,10000,9994,10000,0,0,10,20,2.7
62,Mstar-1sigma_fgas-4sigma,12.375,12.5,ok,True,0.2579,10000,9998,10000,0,0,13,26,2.7
62,Mstar-1sigma_fgas-4sigma,12.5,12.625,ok,True,0.2345,10000,10000,10000,0,0,17,33,2.6
62,Mstar-1sigma_fgas-4sigma,12.625,12.75,ok,True,0.2130,10000,10000,10000,0,0,23,44,2.8
62,Mstar-1sigma_fgas-4sigma,12.75,12.875,ok,True,0.1938,10000,10000,10000,0,0,30,59,2.8
62,Mstar-1sigma_fgas-4sigma,12.875,13.0,ok,True,0.1758,10000,10000,10000,0,0,40,79,2.8
62,Mstar-1sigma_fgas-4sigma,13.0,13.125,ok,True,0.1598,10000,10000,10000,0,0,53,106,3.0
62,Mstar-1sigma_fgas-4sigma,13.125,13.25,ok,True,0.1453,10000,10000,10000,0,0,70,142,3.0
62,Mstar-1sigma_fgas-4sigma,13.25,13.375,ok,True,0.1320,10000,10000,10000,0,0,94,193,3.1
62,Mstar-1sigma_fgas-4sigma,13.375,13.5,ok,True,0.1199,9427,9427,9427,0,0,125,259,3.4
62,Mstar-1sigma_fgas-4sigma,13.5,13.625,ok,True,0.1090,6580,6580,6580,0,0,165,349,2.9
62,Mstar-1sigma_fgas-4sigma,13.625,13.75,ok,True,0.0990,4457,4457,4457,0,0,221,469,2.5
62,Mstar-1sigma_fgas-4sigma,13.75,13.875,ok,True,0.0899,2843,2843,2843,0,0,290,621,2.3
62,Mstar-1sigma_fgas-4sigma,13.875,14.0,ok,True,0.0818,1841,1841,1841,0,0,391,840,2.0
62,Mstar-1sigma_fgas-4sigma,14.0,14.125,ok,True,0.0744,1132,1132,1132,0,0,505,1098,1.7
62,Mstar-1sigma_fgas-4sigma,14.125,14.25,ok,True,0.0676,638,638,638,0,0,686,1500,1.5
62,Mstar-1sigma_fgas-4sigma,14.25,14.375,ok,True,0.0614,363,363,363,0,0,870,1920,1.0
62,Mstar-1sigma_fgas-4sigma,14.375,14.5,ok,True,0.0557,184,184,184,0,0,1184,2586,0.7
62,Mstar-1sigma_fgas-4sigma,14.5,14.625,ok,True,0.0505,77,77,77,0,0,1515,3410,0.4
62,Mstar-1sigma_fgas-4sigma,14.625,14.75,ok,True,0.0465,32,32,32,0,0,1976,4424,0.3
62,Mstar-1sigma_fgas-4sigma,14.75,14.875,ok,True,0.0421,10,10,10,0,0,2724,6027,0.2
62,Mstar-1sigma_fgas-4sigma,14.875,15.0,ok,False,0.0376,4,4,4,1,0,3944,8548,0.2
67,Mstar-1sigma_fgas-4sigma,10.0,10.125,ok,False,1.4193,52,14,43,83,58,0,2,0.4
67,Mstar-1sigma_fgas-4sigma,10.125,10.25,ok,False,1.2666,47,11,44,86,49,0,2,0.3
67,Mstar-1sigma_fgas-4sigma,10.25,10.375,ok,False,1.2035,520,177,433,15,1,0,2,1.2
67,Mstar-1sigma_fgas-4sigma,10.375,10.5,ok,False,1.0876,1404,556,1210,0,0,0,2,1.5
67,Mstar-1sigma_fgas-4sigma,10.5,10.625,ok,False,0.9701,3543,1500,3019,0,0,0,2,1.8
67,Mstar-1sigma_fgas-4sigma,10.625,10.75,ok,False,0.8821,7533,3379,6432,1,0,0,2,2.1
67,Mstar-1sigma_fgas-4sigma,10.75,10.875,ok,False,0.8023,10000,4858,8555,0,0,0,2,2.4
67,Mstar-1sigma_fgas-4sigma,10.875,11.0,ok,False,0.7258,10000,5185,8590,0,0,1,2,2.5
67,Mstar-1sigma_fgas-4sigma,11.0,11.125,ok,False,0.6595,10000,5410,8541,0,0,1,2,2.3
67,Mstar-1sigma_fgas-4sigma,11.125,11.25,ok,False,0.5997,10000,5495,8511,0,0,1,2,2.3
67,Mstar-1sigma_fgas-4sigma,11.25,11.375,ok,False,0.5515,10000,5945,8996,0,0,1,2,2.4
67,Mstar-1sigma_fgas-4sigma,11.375,11.5,ok,False,0.5025,10000,6898,9879,0,0,1,3,2.5
67,Mstar-1sigma_fgas-4sigma,11.5,11.625,ok,False,0.4572,10000,7861,9998,0,0,1,4,2.5
67,Mstar-1sigma_fgas-4sigma,11.625,11.75,ok,False,0.4149,10000,8676,10000,0,0,2,5,2.4
67,Mstar-1sigma_fgas-4sigma,11.75,11.875,ok,False,0.3770,10000,9234,10000,0,0,3,6,2.5
67,Mstar-1sigma_fgas-4sigma,11.875,12.0,ok,False,0.3427,10000,9644,10000,0,0,4,8,2.6
67,Mstar-1sigma_fgas-4sigma,12.0,12.125,ok,False,0.3110,10000,9888,10000,0,0,5,11,2.5
67,Mstar-1sigma_fgas-4sigma,12.125,12.25,ok,True,0.2824,10000,9951,10000,0,0,7,14,2.6
67,Mstar-1sigma_fgas-4sigma,12.25,12.375,ok,True,0.2571,10000,9991,10000,0,0,9,18,2.6
67,Mstar-1sigma_fgas-4sigma,12.375,12.5,ok,True,0.2335,10000,9999,10000,0,0,12,23,2.7
67,Mstar-1sigma_fgas-4sigma,12.5,12.625,ok,True,0.2122,10000,10000,10000,0,0,16,30,2.7
67,Mstar-1sigma_fgas-4sigma,12.625,12.75,ok,True,0.1926,10000,10000,10000,0,0,21,40,2.6
67,Mstar-1sigma_fgas-4sigma,12.75,12.875,ok,True,0.1749,10000,10000,10000,0,0,28,53,2.8
67,Mstar-1sigma_fgas-4sigma,12.875,13.0,ok,True,0.1592,10000,10000,10000,0,0,37,71,2.8
67,Mstar-1sigma_fgas-4sigma,13.0,13.125,ok,True,0.1445,10000,10000,10000,0,0,49,95,2.9
67,Mstar-1sigma_fgas-4sigma,13.125,13.25,ok,True,0.1313,10000,10000,10000,0,0,66,129,3.0
67,Mstar-1sigma_fgas-4sigma,13.25,13.375,ok,True,0.1193,10000,10000,10000,0,0,88,177,3.2
67,Mstar-1sigma_fgas-4sigma,13.375,13.5,ok,True,0.1084,10000,10000,10000,0,0,117,240,3.2
67,Mstar-1sigma_fgas-4sigma,13.5,13.625,ok,True,0.0986,7470,7470,7470,0,0,155,324,3.0
67,Mstar-1sigma_fgas-4sigma,13.625,13.75,ok,True,0.0895,5253,5253,5253,0,0,209,440,2.7
67,Mstar-1sigma_fgas-4sigma,13.75,13.875,ok,True,0.0814,3642,3642,3642,0,0,274,588,2.4
67,Mstar-1sigma_fgas-4sigma,13.875,14.0,ok,True,0.0738,2443,2443,2443,0,0,370,795,2.2
67,Mstar-1sigma_fgas-4sigma,14.0,14.125,ok,True,0.0670,1551,1551,1551,0,0,488,1048,2.0
67,Mstar-1sigma_fgas-4sigma,14.125,14.25,ok,True,0.0611,983,983,983,0,0,646,1415,1.7
67,Mstar-1sigma_fgas-4sigma,14.25,14.375,ok,True,0.0552,563,563,563,0,0,880,1932,1.3
67,Mstar-1sigma_fgas-4sigma,14.375,14.5,ok,True,0.0507,301,301,301,0,0,1096,2415,0.9
67,Mstar-1sigma_fgas-4sigma,14.5,14.625,ok,True,0.0459,162,162,162,0,0,1478,3249,0.6
67,Mstar-1sigma_fgas-4sigma,14.625,14.75,ok,True,0.0417,82,82,82,0,0,2083,4468,0.4
67,Mstar-1sigma_fgas-4sigma,14.75,14.875,ok,True,0.0378,20,20,20,0,0,2578,5802,0.2
67,Mstar-1sigma_fgas-4sigma,14.875,15.0,ok,True,0.0349,13,13,13,0,0,3282,7303,0.2
69,Mstar-1sigma_fgas-4sigma,10.0,10.125,ok,False,1.3549,55,14,46,85,41,0,2,0.4
69,Mstar-1sigma_fgas-4sigma,10.125,10.25,ok,False,1.2151,39,20,32,78,58,1,2,0.3
69,Mstar-1sigma_fgas-4sigma,10.25,10.375,ok,False,1.1570,473,167,400,16,1,0,2,1.2
69,Mstar-1sigma_fgas-4sigma,10.375,10.5,ok,False,1.0460,1177,442,972,2,0,0,2,1.5
69,Mstar-1sigma_fgas-4sigma,10.5,10.625,ok,False,0.9312,2791,1196,2316,2,0,0,2,1.7
69,Mstar-1sigma_fgas-4sigma,10.625,10.75,ok,False,0.8479,6290,2728,5151,0,0,0,2,2.0
69,Mstar-1sigma_fgas-4sigma,10.75,10.875,ok,False,0.7709,10000,4792,8333,0,0,0,2,2.3
69,Mstar-1sigma_fgas-4sigma,10.875,11.0,ok,False,0.6977,10000,5017,8346,0,0,1,2,2.4
69,Mstar-1sigma_fgas-4sigma,11.0,11.125,ok,False,0.6335,10000,5196,8382,0,0,1,2,2.4
69,Mstar-1sigma_fgas-4sigma,11.125,11.25,ok,False,0.5765,10000,5290,8353,0,0,1,2,2.4
69,Mstar-1sigma_fgas-4sigma,11.25,11.375,ok,False,0.5298,10000,5691,8889,0,0,1,2,2.3
69,Mstar-1sigma_fgas-4sigma,11.375,11.5,ok,False,0.4828,10000,6652,9882,0,0,1,3,2.4
69,Mstar-1sigma_fgas-4sigma,11.5,11.625,ok,False,0.4387,10000,7666,9999,0,0,1,4,2.4
69,Mstar-1sigma_fgas-4sigma,11.625,11.75,ok,False,0.3986,10000,8481,10000,0,0,2,5,2.5
69,Mstar-1sigma_fgas-4sigma,11.75,11.875,ok,False,0.3624,10000,9218,10000,0,0,3,6,2.5
69,Mstar-1sigma_fgas-4sigma,11.875,12.0,ok,False,0.3292,10000,9636,10000,0,0,3,8,2.5
69,Mstar-1sigma_fgas-4sigma,12.0,12.125,ok,True,0.2993,10000,9857,10000,0,0,5,10,2.5
69,Mstar-1sigma_fgas-4sigma,12.125,12.25,ok,True,0.2715,10000,9956,10000,0,0,6,13,2.6
69,Mstar-1sigma_fgas-4sigma,12.25,12.375,ok,True,0.2469,10000,9996,10000,0,0,8,17,2.5
69,Mstar-1sigma_fgas-4sigma,12.375,12.5,ok,True,0.2245,10000,9999,10000,0,0,11,22,2.7
69,Mstar-1sigma_fgas-4sigma,12.5,12.625,ok,True,0.2040,10000,10000,10000,0,0,15,29,2.7
69,Mstar-1sigma_fgas-4sigma,12.625,12.75,ok,True,0.1851,10000,10000,10000,0,0,20,38,2.7
69,Mstar-1sigma_fgas-4sigma,12.75,12.875,ok,True,0.1683,10000,10000,10000,0,0,27,50,2.8
69,Mstar-1sigma_fgas-4sigma,12.875,13.0,ok,True,0.1530,10000,10000,10000,0,0,36,67,2.7
69,Mstar-1sigma_fgas-4sigma,13.0,13.125,ok,True,0.1390,10000,10000,10000,0,0,48,91,2.8
69,Mstar-1sigma_fgas-4sigma,13.125,13.25,ok,True,0.1261,10000,10000,10000,0,0,64,125,2.9
69,Mstar-1sigma_fgas-4sigma,13.25,13.375,ok,True,0.1148,10000,10000,10000,0,0,85,169,3.1
69,Mstar-1sigma_fgas-4sigma,13.375,13.5,ok,True,0.1042,10000,10000,10000,0,0,112,229,3.2
69,Mstar-1sigma_fgas-4sigma,13.5,13.625,ok,True,0.0947,7576,7576,7576,0,0,151,313,2.9
69,Mstar-1sigma_fgas-4sigma,13.625,13.75,ok,True,0.0860,5337,5337,5337,0,0,203,427,2.6
69,Mstar-1sigma_fgas-4sigma,13.75,13.875,ok,True,0.0783,3891,3891,3891,0,0,269,569,2.4
69,Mstar-1sigma_fgas-4sigma,13.875,14.0,ok,True,0.0711,2540,2540,2540,0,0,361,775,2.2
69,Mstar-1sigma_fgas-4sigma,14.0,14.125,ok,True,0.0645,1683,1683,1683,0,0,473,1027,2.0
69,Mstar-1sigma_fgas-4sigma,14.125,14.25,ok,True,0.0585,1084,1084,1084,0,0,634,1374,1.8
69,Mstar-1sigma_fgas-4sigma,14.25,14.375,ok,True,0.0533,607,607,607,0,0,842,1843,1.3
69,Mstar-1sigma_fgas-4sigma,14.375,14.5,ok,True,0.0488,376,376,376,0,0,1118,2458,1.1
69,Mstar-1sigma_fgas-4sigma,14.5,14.625,ok,True,0.0441,176,176,176,0,0,1408,3051,0.6
69,Mstar-1sigma_fgas-4sigma,14.625,14.75,ok,True,0.0399,101,101,101,0,0,1922,4287,0.5
69,Mstar-1sigma_fgas-4sigma,14.75,14.875,ok,True,0.0364,36,36,36,0,0,2640,5886,0.3
69,Mstar-1sigma_fgas-4sigma,14.875,15.0,ok,True,0.0335,16,16,16,0,0,3108,6832,0.2
71,Mstar-1sigma_fgas-4sigma,10.0,10.125,ok,False,1.2902,28,8,25,92,55,0,3,0.3
71,Mstar-1sigma_fgas-4sigma,10.125,10.25,ok,False,1.1787,23,9,14,91,77,0,1,0.2
71,Mstar-1sigma_fgas-4sigma,10.25,10.375,ok,False,1.1138,368,131,297,21,5,0,2,1.0
71,Mstar-1sigma_fgas-4sigma,10.375,10.5,ok,False,1.0067,1024,415,839,2,1,0,2,1.4
71,Mstar-1sigma_fgas-4sigma,10.5,10.625,ok,False,0.8980,2315,913,1860,3,0,0,2,1.6
71,Mstar-1sigma_fgas-4sigma,10.625,10.75,ok,False,0.8159,5223,2274,4165,0,0,0,2,1.8
71,Mstar-1sigma_fgas-4sigma,10.75,10.875,ok,False,0.7421,10000,4555,8126,0,0,0,2,2.2
71,Mstar-1sigma_fgas-4sigma,10.875,11.0,ok,False,0.6715,10000,4837,8170,0,0,0,2,2.3
71,Mstar-1sigma_fgas-4sigma,11.0,11.125,ok,False,0.6101,10000,4998,8194,0,0,0,2,2.2
71,Mstar-1sigma_fgas-4sigma,11.125,11.25,ok,False,0.5549,10000,5211,8190,0,0,1,2,2.2
71,Mstar-1sigma_fgas-4sigma,11.25,11.375,ok,False,0.5101,10000,5542,8834,0,0,1,2,2.3
71,Mstar-1sigma_fgas-4sigma,11.375,11.5,ok,False,0.4648,10000,6498,9853,0,0,1,3,2.4
71,Mstar-1sigma_fgas-4sigma,11.5,11.625,ok,False,0.4227,10000,7555,9999,0,0,1,4,2.4
71,Mstar-1sigma_fgas-4sigma,11.625,11.75,ok,False,0.3842,10000,8398,10000,0,0,2,4,2.4
71,Mstar-1sigma_fgas-4sigma,11.75,11.875,ok,False,0.3489,10000,9030,10000,0,0,2,6,2.4
71,Mstar-1sigma_fgas-4sigma,11.875,12.0,ok,False,0.3168,10000,9538,10000,0,0,3,7,2.5
71,Mstar-1sigma_fgas-4sigma,12.0,12.125,ok,True,0.2880,10000,9833,10000,0,0,4,10,2.5
71,Mstar-1sigma_fgas-4sigma,12.125,12.25,ok,True,0.2612,10000,9950,10000,0,0,6,12,2.5
71,Mstar-1sigma_fgas-4sigma,12.25,12.375,ok,True,0.2379,10000,9994,10000,0,0,8,16,2.6
71,Mstar-1sigma_fgas-4sigma,12.375,12.5,ok,True,0.2156,10000,10000,10000,0,0,11,21,2.5
71,Mstar-1sigma_fgas-4sigma,12.5,12.625,ok,True,0.1961,10000,10000,10000,0,0,14,27,2.7
71,Mstar-1sigma_fgas-4sigma,12.625,12.75,ok,True,0.1781,10000,10000,10000,0,0,19,35,2.6
71,Mstar-1sigma_fgas-4sigma,12.75,12.875,ok,True,0.1618,10000,10000,10000,0,0,26,48,2.7
71,Mstar-1sigma_fgas-4sigma,12.875,13.0,ok,True,0.1471,10000,10000,10000,0,0,35,64,2.7
71,Mstar-1sigma_fgas-4sigma,13.0,13.125,ok,True,0.1336,10000,10000,10000,0,0,46,86,2.8
71,Mstar-1sigma_fgas-4sigma,13.125,13.25,ok,True,0.1214,10000,10000,10000,0,0,61,118,2.8
71,Mstar-1sigma_fgas-4sigma,13.25,13.375,ok,True,0.1103,10000,10000,10000,0,0,82,161,3.0
71,Mstar-1sigma_fgas-4sigma,13.375,13.5,ok,True,0.1002,10000,10000,10000,0,0,109,221,3.1
71,Mstar-1sigma_fgas-4sigma,13.5,13.625,ok,True,0.0911,7542,7542,7542,0,0,145,299,2.9
71,Mstar-1sigma_fgas-4sigma,13.625,13.75,ok,True,0.0828,5404,5404,5404,0,0,194,407,2.6
71,Mstar-1sigma_fgas-4sigma,13.75,13.875,ok,True,0.0753,4014,4014,4014,0,0,261,551,2.4
71,Mstar-1sigma_fgas-4sigma,13.875,14.0,ok,True,0.0685,2612,2612,2612,0,0,344,734,2.2
71,Mstar-1sigma_fgas-4sigma,14.0,14.125,ok,True,0.0621,1842,1842,1842,0,0,461,993,2.0
71,Mstar-1sigma_fgas-4sigma,14.125,14.25,ok,True,0.0565,1096,1096,1096,0,0,607,1328,1.7
71,Mstar-1sigma_fgas-4sigma,14.25,14.375,ok,True,0.0513,701,701,701,0,0,815,1777,1.4
71,Mstar-1sigma_fgas-4sigma,14.375,14.5,ok,True,0.0468,437,437,437,0,0,1086,2381,1.2
71,Mstar-1sigma_fgas-4sigma,14.5,14.625,ok,True,0.0425,217,217,217,0,0,1408,3073,0.7
71,Mstar-1sigma_fgas-4sigma,14.625,14.75,ok,True,0.0386,115,115,115,0,0,1853,4000,0.5
71,Mstar-1sigma_fgas-4sigma,14.75,14.875,ok,True,0.0346,52,52,52,0,0,2636,5850,0.3
71,Mstar-1sigma_fgas-4sigma,14.875,15.0,ok,True,0.0319,20,20,20,0,0,3178,7274,0.2
73,Mstar-1sigma_fgas-4sigma,10.0,10.125,ok,False,1.2592,17,4,15,96,74,0,2,0.2
73,Mstar-1sigma_fgas-4sigma,10.125,10.25,ok,False,1.1263,28,8,20,91,74,0,2,0.3
73,Mstar-1sigma_fgas-4sigma,10.25,10.375,ok,False,1.0714,292,97,241,36,7,0,2,0.8
73,Mstar-1sigma_fgas-4sigma,10.375,10.5,ok,False,0.9711,809,290,633,7,1,0,1,1.2
73,Mstar-1sigma_fgas-4sigma,10.5,10.625,ok,False,0.8647,2000,746,1562,1,0,0,1,1.5
73,Mstar-1sigma_fgas-4sigma,10.625,10.75,ok,False,0.7859,4192,1772,3312,0,0,0,1,1.7
73,Mstar-1sigma_fgas-4sigma,10.75,10.875,ok,False,0.7147,10000,4342,7860,0,0,0,2,2.3
73,Mstar-1sigma_fgas-4sigma,10.875,11.0,ok,False,0.6463,10000,4654,7917,0,0,0,2,2.2
73,Mstar-1sigma_fgas-4sigma,11.0,11.125,ok,False,0.5874,10000,4817,7982,0,0,0,2,2.2
73,Mstar-1sigma_fgas-4sigma,11.125,11.25,ok,False,0.5347,10000,4947,7961,0,0,0,2,2.2
73,Mstar-1sigma_fgas-4sigma,11.25,11.375,ok,False,0.4915,10000,5415,8670,0,0,1,2,2.3
73,Mstar-1sigma_fgas-4sigma,11.375,11.5,ok,False,0.4483,10000,6379,9834,0,0,1,3,2.4
73,Mstar-1sigma_fgas-4sigma,11.5,11.625,ok,False,0.4072,10000,7273,10000,0,0,1,3,2.4
73,Mstar-1sigma_fgas-4sigma,11.625,11.75,ok,False,0.3696,10000,8289,10000,0,0,2,4,2.3
73,Mstar-1sigma_fgas-4sigma,11.75,11.875,ok,False,0.3359,10000,8979,10000,0,0,2,5,2.4
73,Mstar-1sigma_fgas-4sigma,11.875,12.0,ok,False,0.3052,10000,9493,10000,0,0,3,7,2.4
73,Mstar-1sigma_fgas-4sigma,12.0,12.125,ok,True,0.2771,10000,9833,10000,0,0,4,9,2.4
73,Mstar-1sigma_fgas-4sigma,12.125,12.25,ok,True,0.2519,10000,9925,10000,0,0,6,12,2.5
73,Mstar-1sigma_fgas-4sigma,12.25,12.375,ok,True,0.2289,10000,9986,10000,0,0,8,15,2.5
73,Mstar-1sigma_fgas-4sigma,12.375,12.5,ok,True,0.2078,10000,9999,10000,0,0,10,19,2.5
73,Mstar-1sigma_fgas-4sigma,12.5,12.625,ok,True,0.1890,10000,10000,10000,0,0,14,25,2.5
73,Mstar-1sigma_fgas-4sigma,12.625,12.75,ok,True,0.1717,10000,10000,10000,0,0,19,33,2.5
73,Mstar-1sigma_fgas-4sigma,12.75,12.875,ok,True,0.1560,10000,10000,10000,0,0,25,44,2.6
73,Mstar-1sigma_fgas-4sigma,12.875,13.0,ok,True,0.1418,10000,10000,10000,0,0,33,60,2.6
73,Mstar-1sigma_fgas-4sigma,13.0,13.125,ok,True,0.1288,10000,10000,10000,0,0,44,82,2.7
73,Mstar-1sigma_fgas-4sigma,13.125,13.25,ok,True,0.1169,10000,10000,10000,0,0,58,111,2.8
73,Mstar-1sigma_fgas-4sigma,13.25,13.375,ok,True,0.1063,10000,10000,10000,0,0,78,153,2.9
73,Mstar-1sigma_fgas-4sigma,13.375,13.5,ok,True,0.0965,9479,9479,9479,0,0,105,211,3.0
73,Mstar-1sigma_fgas-4sigma,13.5,13.625,ok,True,0.0878,7356,7356,7356,0,0,140,288,2.7
73,Mstar-1sigma_fgas-4sigma,13.625,13.75,ok,True,0.0798,5349,5349,5349,0,0,187,390,2.5
73,Mstar-1sigma_fgas-4sigma,13.75,13.875,ok,True,0.0724,3896,3896,3896,0,0,250,528,2.3
73,Mstar-1sigma_fgas-4sigma,13.875,14.0,ok,True,0.0658,2676,2676,2676,0,0,333,717,2.1
73,Mstar-1sigma_fgas-4sigma,14.0,14.125,ok,True,0.0599,1890,1890,1890,0,0,448,971,2.0
73,Mstar-1sigma_fgas-4sigma,14.125,14.25,ok,True,0.0544,1192,1192,1192,0,0,595,1290,1.7
73,Mstar-1sigma_fgas-4sigma,14.25,14.375,ok,True,0.0496,773,773,773,0,0,773,1700,1.5
73,Mstar-1sigma_fgas-4sigma,14.375,14.5,ok,True,0.0449,481,481,481,0,0,1058,2334,1.1
73,Mstar-1sigma_fgas-4sigma,14.5,14.625,ok,True,0.0410,262,262,262,0,0,1370,3024,0.8
73,Mstar-1sigma_fgas-4sigma,14.625,14.75,ok,True,0.0370,126,126,126,0,0,1780,3940,0.5
73,Mstar-1sigma_fgas-4sigma,14.75,14.875,ok,True,0.0339,60,60,60,0,0,2553,5667,0.3
73,Mstar-1sigma_fgas-4sigma,14.875,15.0,ok,True,0.0307,19,19,19,0,0,3006,6866,0.2
75,Mstar-1sigma_fgas-4sigma,10.0,10.125,ok,False,1.2303,21,5,15,95,84,0,2,0.2
75,Mstar-1sigma_fgas-4sigma,10.125,10.25,ok,False,1.0882,22,5,19,93,72,0,2,0.2
75,Mstar-1sigma_fgas-4sigma,10.25,10.375,ok,False,1.0356,236,73,162,49,14,0,1,0.7
75,Mstar-1sigma_fgas-4sigma,10.375,10.5,ok,False,0.9356,675,226,504,15,3,0,1,1.1
75,Mstar-1sigma_fgas-4sigma,10.5,10.625,ok,False,0.8352,1582,580,1196,4,0,0,1,1.4
75,Mstar-1sigma_fgas-4sigma,10.625,10.75,ok,False,0.7598,3544,1426,2728,0,0,0,1,1.6
75,Mstar-1sigma_fgas-4sigma,10.75,10.875,ok,False,0.6913,8702,3622,6630,0,0,0,1,2.1
75,Mstar-1sigma_fgas-4sigma,10.875,11.0,ok,False,0.6249,10000,4406,7668,0,0,0,1,2.1
75,Mstar-1sigma_fgas-4sigma,11.0,11.125,ok,False,0.5669,10000,4636,7681,0,0,0,1,2.1
75,Mstar-1sigma_fgas-4sigma,11.125,11.25,ok,False,0.5157,10000,4671,7749,0,0,0,1,2.2
75,Mstar-1sigma_fgas-4sigma,11.25,11.375,ok,False,0.4747,10000,5105,8607,0,0,1,2,2.2
75,Mstar-1sigma_fgas-4sigma,11.375,11.5,ok,False,0.4331,10000,6142,9803,0,0,1,3,2.3
75,Mstar-1sigma_fgas-4sigma,11.5,11.625,ok,False,0.3927,10000,7187,9999,0,0,1,3,2.3
75,Mstar-1sigma_fgas-4sigma,11.625,11.75,ok,False,0.3567,10000,8155,10000,0,0,2,4,2.3
75,Mstar-1sigma_fgas-4sigma,11.75,11.875,ok,False,0.3247,10000,8910,10000,0,0,2,5,2.3
75,Mstar-1sigma_fgas-4sigma,11.875,12.0,ok,True,0.2949,10000,9419,10000,0,0,3,6,2.3
75,Mstar-1sigma_fgas-4sigma,12.0,12.125,ok,True,0.2678,10000,9774,10000,0,0,4,8,2.3
75,Mstar-1sigma_fgas-4sigma,12.125,12.25,ok,True,0.2437,10000,9933,10000,0,0,5,11,2.4
75,Mstar-1sigma_fgas-4sigma,12.25,12.375,ok,True,0.2210,10000,9984,10000,0,0,7,14,2.4
75,Mstar-1sigma_fgas-4sigma,12.375,12.5,ok,True,0.2010,10000,9998,10000,0,0,10,18,2.4
75,Mstar-1sigma_fgas-4sigma,12.5,12.625,ok,True,0.1824,10000,10000,10000,0,0,13,23,2.5
75,Mstar-1sigma_fgas-4sigma,12.625,12.75,ok,True,0.1657,10000,9999,10000,0,0,18,31,2.5
75,Mstar-1sigma_fgas-4sigma,12.75,12.875,ok,True,0.1506,10000,10000,10000,0,0,24,41,2.5
75,Mstar-1sigma_fgas-4sigma,12.875,13.0,ok,True,0.1368,10000,10000,10000,0,0,32,55,2.5
75,Mstar-1sigma_fgas-4sigma,13.0,13.125,ok,True,0.1242,10000,10000,10000,0,0,42,77,2.6
75,Mstar-1sigma_fgas-4sigma,13.125,13.25,ok,True,0.1128,10000,10000,10000,0,0,56,105,2.7
75,Mstar-1sigma_fgas-4sigma,13.25,13.375,ok,True,0.1026,10000,10000,10000,0,0,75,144,2.8
75,Mstar-1sigma_fgas-4sigma,13.375,13.5,ok,True,0.0932,8646,8646,8646,0,0,101,200,2.8
75,Mstar-1sigma_fgas-4sigma,13.5,13.625,ok,True,0.0848,6831,6831,6831,0,0,134,273,2.6
75,Mstar-1sigma_fgas-4sigma,13.625,13.75,ok,True,0.0770,5064,5064,5064,0,0,180,373,2.4
75,Mstar-1sigma_fgas-4sigma,13.75,13.875,ok,True,0.0699,3764,3764,3764,0,0,242,508,2.2
75,Mstar-1sigma_fgas-4sigma,13.875,14.0,ok,True,0.0637,2640,2640,2640,0,0,320,683,2.0
75,Mstar-1sigma_fgas-4sigma,14.0,14.125,ok,True,0.0577,1891,1891,1891,0,0,433,933,1.9
75,Mstar-1sigma_fgas-4sigma,14.125,14.25,ok,True,0.0525,1189,1189,1189,0,0,575,1243,1.6
75,Mstar-1sigma_fgas-4sigma,14.25,14.375,ok,True,0.0478,788,788,788,0,0,772,1694,1.4
75,Mstar-1sigma_fgas-4sigma,14.375,14.5,ok,True,0.0433,526,526,526,0,0,1022,2238,1.2
75,Mstar-1sigma_fgas-4sigma,14.5,14.625,ok,True,0.0394,306,306,306,0,0,1317,2970,0.9
75,Mstar-1sigma_fgas-4sigma,14.625,14.75,ok,True,0.0359,124,124,124,0,0,1824,4028,0.5
75,Mstar-1sigma_fgas-4sigma,14.75,14.875,ok,True,0.0328,74,74,74,0,0,2367,5224,0.4
75,Mstar-1sigma_fgas-4sigma,14.875,15.0,ok,True,0.0297,28,28,28,0,0,3120,7014,0.2
77,Mstar-1sigma_fgas-4sigma,10.0,10.125,ok,False,1.1762,153,35,118,65,21,0,1,0.6
77,Mstar-1sigma_fgas-4sigma,10.125,10.25,ok,False,1.0552,530,138,406,34,4,0,1,1.2
77,Mstar-1sigma_fgas-4sigma,10.25,10.375,ok,False,1.0020,4024,1193,3018,1,0,0,1,1.9
77,Mstar-1sigma_fgas-4sigma,10.375,10.5,ok,False,0.9049,10000,3308,7604,0,0,0,1,2.3
77,Mstar-1sigma_fgas-4sigma,10.5,10.625,ok,False,0.8107,10000,3508,7647,0,0,0,1,2.4
77,Mstar-1sigma_fgas-4sigma,10.625,10.75,ok,False,0.7377,10000,3808,7670,0,0,0,1,2.3
77,Mstar-1sigma_fgas-4sigma,10.75,10.875,ok,False,0.6699,10000,4132,7862,0,0,0,1,2.4
77,Mstar-1sigma_fgas-4sigma,10.875,11.0,ok,False,0.6072,10000,4404,7967,0,0,0,2,2.4
77,Mstar-1sigma_fgas-4sigma,11.0,11.125,ok,False,0.5513,10000,4775,7987,0,0,0,2,2.4
77,Mstar-1sigma_fgas-4sigma,11.125,11.25,ok,False,0.5021,10000,5069,8037,0,0,1,2,2.4
77,Mstar-1sigma_fgas-4sigma,11.25,11.375,ok,False,0.4605,10000,5529,8848,0,0,1,2,2.4
77,Mstar-1sigma_fgas-4sigma,11.375,11.5,ok,False,0.4192,10000,6384,9843,0,0,1,3,2.4
77,Mstar-1sigma_fgas-4sigma,11.5,11.625,ok,False,0.3809,10000,7228,9996,0,0,1,3,2.5
77,Mstar-1sigma_fgas-4sigma,11.625,11.75,ok,False,0.3459,10000,8307,10000,0,0,2,4,2.5
77,Mstar-1sigma_fgas-4sigma,11.75,11.875,ok,False,0.3138,10000,8984,10000,0,0,2,5,2.6
77,Mstar-1sigma_fgas-4sigma,11.875,12.0,ok,True,0.2854,10000,9484,10000,0,0,3,6,2.6
77,Mstar-1sigma_fgas-4sigma,12.0,12.125,ok,True,0.2594,10000,9777,10000,0,0,4,8,2.6
77,Mstar-1sigma_fgas-4sigma,12.125,12.25,ok,True,0.2356,10000,9928,10000,0,0,6,10,2.6
77,Mstar-1sigma_fgas-4sigma,12.25,12.375,ok,True,0.2142,10000,9984,10000,0,0,7,13,2.7
77,Mstar-1sigma_fgas-4sigma,12.375,12.5,ok,True,0.1946,10000,9996,10000,0,0,10,17,2.6
77,Mstar-1sigma_fgas-4sigma,12.5,12.625,ok,True,0.1766,10000,10000,10000,0,0,13,23,2.7
77,Mstar-1sigma_fgas-4sigma,12.625,12.75,ok,True,0.1606,10000,10000,10000,0,0,18,30,2.7
77,Mstar-1sigma_fgas-4sigma,12.75,12.875,ok,True,0.1461,10000,10000,10000,0,0,23,40,2.7
77,Mstar-1sigma_fgas-4sigma,12.875,13.0,ok,True,0.1325,10000,10000,10000,0,0,31,54,2.8
77,Mstar-1sigma_fgas-4sigma,13.0,13.125,ok,True,0.1205,10000,10000,10000,0,0,42,75,2.9
77,Mstar-1sigma_fgas-4sigma,13.125,13.25,ok,True,0.1095,10000,10000,10000,0,0,56,102,2.9
77,Mstar-1sigma_fgas-4sigma,13.25,13.375,ok,True,0.0996,10000,10000,10000,0,0,74,139,3.0
77,Mstar-1sigma_fgas-4sigma,13.375,13.5,ok,True,0.0904,10000,10000,10000,0,0,100,193,3.2
77,Mstar-1sigma_fgas-4sigma,13.5,13.625,ok,True,0.0821,10000,10000,10000,0,0,132,265,3.3
77,Mstar-1sigma_fgas-4sigma,13.625,13.75,ok,True,0.0746,9585,9585,9585,0,0,176,361,3.5
77,Mstar-1sigma_fgas-4sigma,13.75,13.875,ok,True,0.0677,7046,7046,7046,0,0,236,494,3.2
77,Mstar-1sigma_fgas-4sigma,13.875,14.0,ok,True,0.0616,4929,4929,4929,0,0,316,670,2.9
77,Mstar-1sigma_fgas-4sigma,14.0,14.125,ok,True,0.0559,3689,3689,3689,0,0,425,911,2.7
77,Mstar-1sigma_fgas-4sigma,14.125,14.25,ok,True,0.0508,2404,2404,2404,0,0,559,1214,2.4
77,Mstar-1sigma_fgas-4sigma,14.25,14.375,ok,True,0.0463,1588,1588,1588,0,0,750,1655,2.2
77,Mstar-1sigma_fgas-4sigma,14.375,14.5,ok,True,0.0419,1045,1045,1045,0,0,1011,2234,1.9
77,Mstar-1sigma_fgas-4sigma,14.5,14.625,ok,True,0.0382,647,647,647,0,0,1310,2891,1.6
77,Mstar-1sigma_fgas-4sigma,14.625,14.75,ok,True,0.0348,370,370,370,0,0,1736,3861,1.2
77,Mstar-1sigma_fgas-4sigma,14.75,14.875,ok,True,0.0315,191,191,191,0,0,2316,5229,0.8
77,Mstar-1sigma_fgas-4sigma,14.875,15.0,ok,True,0.0286,102,102,102,0,0,3154,7187,0.6
9,Jet,10.0,10.125,ok,False,3.1016,259,97,243,61,4,0,3,0.2
9,Jet,10.125,10.25,ok,False,2.8192,108,39,99,73,19,0,3,0.1
9,Jet,10.25,10.375,ok,False,2.6591,764,309,694,14,0,0,3,0.2
9,Jet,10.375,10.5,ok,False,2.4069,1460,649,1311,2,0,0,3,0.3
9,Jet,10.5,10.625,ok,False,2.1416,3198,1513,2943,0,0,0,3,0.4
9,Jet,10.625,10.75,ok,False,1.9455,6379,3319,5891,0,0,1,3,0.6
9,Jet,10.75,10.875,ok,False,1.7736,10000,5740,9261,0,0,1,3,0.8
9,Jet,10.875,11.0,ok,False,1.6053,10000,6024,9327,0,0,1,3,0.9
9,Jet,11.0,11.125,ok,False,1.4615,10000,6582,9469,0,0,1,3,0.9
9,Jet,11.125,11.25,ok,False,1.3296,10000,7113,9593,0,0,1,3,0.9
9,Jet,11.25,11.375,ok,False,1.2146,10000,7543,9690,0,0,1,4,0.9
9,Jet,11.375,11.5,ok,False,1.1112,10000,8272,9959,0,0,2,5,1.0
9,Jet,11.5,11.625,ok,False,1.0104,10000,9021,10000,0,0,2,6,0.9
9,Jet,11.625,11.75,ok,False,0.9180,10000,9547,10000,0,0,3,8,1.0
9,Jet,11.75,11.875,ok,False,0.8349,10000,9794,10000,0,0,4,10,1.0
9,Jet,11.875,12.0,ok,False,0.7586,10000,9926,10000,0,0,5,13,1.0
9,Jet,12.0,12.125,ok,False,0.6899,10000,9980,10000,0,0,7,17,1.1
9,Jet,12.125,12.25,ok,False,0.6273,5240,5239,5240,0,0,9,22,0.6
9,Jet,12.25,12.375,ok,False,0.5702,2598,2598,2598,0,0,12,29,0.4
9,Jet,12.375,12.5,ok,False,0.5178,1212,1212,1212,0,0,16,38,0.3
9,Jet,12.5,12.625,ok,False,0.4723,464,464,464,0,0,21,50,0.2
9,Jet,12.625,12.75,ok,False,0.4280,170,170,170,0,0,28,66,0.2
9,Jet,12.75,12.875,ok,False,0.3917,67,67,67,0,0,38,85,0.1
9,Jet,12.875,13.0,ok,False,0.3562,21,21,21,3,0,49,107,0.0
9,Jet,13.0,13.125,ok,False,0.3196,2,2,2,33,16,84,170,0.0
9,Jet,13.125,13.25,ok,False,0.2962,1,1,1,49,32,104,188,0.0
9,Jet,13.25,13.375,ok,False,0.2570,2,2,2,24,5,110,272,0.0
9,Jet,13.375,13.5,no_halos,False,nan,0,0,0,0,0,0,0,0.0
9,Jet,13.5,13.625,no_halos,False,nan,0,0,0,0,0,0,0,0.0
9,Jet,13.625,13.75,no_halos,False,nan,0,0,0,0,0,0,0,0.0
9,Jet,13.75,13.875,no_halos,False,nan,0,0,0,0,0,0,0,0.0
9,Jet,13.875,14.0,no_halos,False,nan,0,0,0,0,0,0,0,0.0
9,Jet,14.0,14.125,no_halos,False,nan,0,0,0,0,0,0,0,0.0
9,Jet,14.125,14.25,no_halos,False,nan,0,0,0,0,0,0,0,0.0
9,Jet,14.25,14.375,no_halos,False,nan,0,0,0,0,0,0,0,0.0
9,Jet,14.375,14.5,no_halos,False,nan,0,0,0,0,0,0,0,0.0
9,Jet,14.5,14.625,no_halos,False,nan,0,0,0,0,0,0,0,0.0
9,Jet,14.625,14.75,no_halos,False,nan,0,0,0,0,0,0,0,0.0
9,Jet,14.75,14.875,no_halos,False,nan,0,0,0,0,0,0,0,0.0
9,Jet,14.875,15.0,no_halos,False,nan,0,0,0,0,0,0,0,0.0
13,Jet,10.0,10.125,ok,False,3.1174,632,221,586,28,0,0,3,0.4
13,Jet,10.125,10.25,ok,False,2.8499,286,110,265,44,0,0,3,0.3
13,Jet,10.25,10.375,ok,False,2.6630,1754,773,1647,1,0,0,3,0.5
13,Jet,10.375,10.5,ok,False,2.4100,3628,1667,3423,0,0,0,3,0.7
13,Jet,10.5,10.625,ok,False,2.1467,7653,3751,7157,0,0,0,3,1.0
13,Jet,10.625,10.75,ok,False,1.9517,10000,5299,9364,0,0,1,3,1.2
13,Jet,10.75,10.875,ok,False,1.7771,10000,5758,9363,0,0,1,3,1.1
13,Jet,10.875,11.0,ok,False,1.6109,10000,6172,9389,0,0,1,3,1.2
13,Jet,11.0,11.125,ok,False,1.4661,10000,6635,9493,0,0,1,3,1.2
13,Jet,11.125,11.25,ok,False,1.3315,10000,7057,9566,0,0,1,3,1.2
13,Jet,11.25,11.375,ok,False,1.2163,10000,7509,9686,0,0,1,4,1.2
13,Jet,11.375,11.5,ok,False,1.1139,10000,8271,9956,0,0,2,5,1.2
13,Jet,11.5,11.625,ok,False,1.0126,10000,8991,10000,0,0,2,6,1.3
13,Jet,11.625,11.75,ok,False,0.9208,10000,9433,10000,0,0,3,8,1.3
13,Jet,11.75,11.875,ok,False,0.8365,10000,9768,10000,0,0,4,10,1.3
13,Jet,11.875,12.0,ok,False,0.7599,10000,9930,10000,0,0,5,13,1.4
13,Jet,12.0,12.125,ok,False,0.6899,10000,9979,10000,0,0,7,17,1.4
13,Jet,12.125,12.25,ok,False,0.6273,10000,9999,10000,0,0,9,22,1.4
13,Jet,12.25,12.375,ok,False,0.5702,10000,10000,10000,0,0,12,29,1.4
13,Jet,12.375,12.5,ok,False,0.5184,7291,7291,7291,0,0,16,38,1.2
13,Jet,12.5,12.625,ok,False,0.4708,3917,3917,3917,0,0,22,50,0.8
13,Jet,12.625,12.75,ok,False,0.4284,1925,1925,1925,0,0,28,64,0.6
13,Jet,12.75,12.875,ok,False,0.3897,857,857,857,0,0,38,86,0.5
13,Jet,12.875,13.0,ok,False,0.3535,360,360,360,0,0,50,112,0.3
13,Jet,13.0,13.125,ok,False,0.3221,125,125,125,0,0,64,141,0.2
13,Jet,13.125,13.25,ok,True,0.2958,55,55,55,0,0,83,194,0.1
13,Jet,13.25,13.375,ok,True,0.2625,15,15,15,0,0,118,257,0.1
13,Jet,13.375,13.5,ok,False,0.2448,3,3,3,13,1,149,344,0.0
13,Jet,13.5,13.625,ok,False,0.2234,2,2,2,15,4,183,350,0.0
13,Jet,13.625,13.75,no_halos,False,nan,0,0,0,0,0,0,0,0.0
13,Jet,13.75,13.875,no_halos,False,nan,0,0,0,0,0,0,0,0.0
13,Jet,13.875,14.0,no_halos,False,nan,0,0,0,0,0,0,0,0.0
13,Jet,14.0,14.125,no_halos,False,nan,0,0,0,0,0,0,0,0.0
13,Jet,14.125,14.25,no_halos,False,nan,0,0,0,0,0,0,0,0.0
13,Jet,14.25,14.375,no_halos,False,nan,0,0,0,0,0,0,0,0.0
13,Jet,14.375,14.5,no_halos,False,nan,0,0,0,0,0,0,0,0.0
13,Jet,14.5,14.625,no_halos,False,nan,0,0,0,0,0,0,0,0.0
13,Jet,14.625,14.75,no_halos,False,nan,0,0,0,0,0,0,0,0.0
13,Jet,14.75,14.875,no_halos,False,nan,0,0,0,0,0,0,0,0.0
13,Jet,14.875,15.0,no_halos,False,nan,0,0,0,0,0,0,0,0.0
17,Jet,10.0,10.125,ok,False,3.1335,1003,399,955,10,0,0,3,0.9
17,Jet,10.125,10.25,ok,False,2.8455,485,198,463,28,0,0,3,0.7
17,Jet,10.25,10.375,ok,False,2.6786,2832,1180,2688,0,0,0,3,1.0
17,Jet,10.375,10.5,ok,False,2.4228,5904,2730,5583,0,0,0,3,1.3
17,Jet,10.5,10.625,ok,False,2.1594,10000,5047,9441,0,0,1,3,1.6
17,Jet,10.625,10.75,ok,False,1.9622,10000,5355,9452,0,0,1,3,1.6
17,Jet,10.75,10.875,ok,False,1.7875,10000,5856,9446,0,0,1,3,1.6
17,Jet,10.875,11.0,ok,False,1.6195,10000,6186,9467,0,0,1,3,1.6
17,Jet,11.0,11.125,ok,False,1.4709,10000,6534,9460,0,0,1,3,1.6
17,Jet,11.125,11.25,ok,False,1.3373,10000,6985,9500,0,0,1,3,1.6
17,Jet,11.25,11.375,ok,False,1.2261,10000,7402,9657,0,0,1,4,1.6
17,Jet,11.375,11.5,ok,False,1.1194,10000,8119,9956,0,0,2,5,1.7
17,Jet,11.5,11.625,ok,False,1.0172,10000,8899,10000,0,0,2,6,1.7
17,Jet,11.625,11.75,ok,False,0.9236,10000,9428,10000,0,0,3,8,1.7
17,Jet,11.75,11.875,ok,False,0.8395,10000,9745,10000,0,0,4,10,1.8
17,Jet,11.875,12.0,ok,False,0.7624,10000,9912,10000,0,0,5,13,1.8
17,Jet,12.0,12.125,ok,False,0.6930,10000,9973,10000,0,0,7,17,1.8
17,Jet,12.125,12.25,ok,False,0.6299,10000,9994,10000,0,0,9,22,1.7
17,Jet,12.25,12.375,ok,False,0.5723,10000,9999,10000,0,0,12,28,1.9
17,Jet,12.375,12.5,ok,False,0.5208,10000,10000,10000,0,0,16,37,1.9
17,Jet,12.5,12.625,ok,False,0.4733,10000,10000,10000,0,0,21,48,1.9
17,Jet,12.625,12.75,ok,False,0.4300,10000,10000,10000,0,0,28,64,2.0
17,Jet,12.75,12.875,ok,False,0.3910,5790,5790,5790,0,0,37,84,1.5
17,Jet,12.875,13.0,ok,False,0.3551,3171,3171,3171,0,0,49,110,1.2
17,Jet,13.0,13.125,ok,False,0.3230,1626,1626,1626,0,0,64,147,1.0
17,Jet,13.125,13.25,ok,True,0.2939,789,789,789,0,0,84,189,0.8
17,Jet,13.25,13.375,ok,True,0.2668,297,297,297,0,0,112,249,0.6
17,Jet,13.375,13.5,ok,True,0.2432,158,158,158,0,0,147,324,0.4
17,Jet,13.5,13.625,ok,True,0.2208,46,46,46,0,0,189,420,0.2
17,Jet,13.625,13.75,ok,True,0.1996,13,13,13,0,0,268,609,0.1
17,Jet,13.75,13.875,ok,False,0.1814,2,2,2,3,0,330,694,0.1
17,Jet,13.875,14.0,no_halos,False,nan,0,0,0,0,0,0,0,0.1
17,Jet,14.0,14.125,no_halos,False,nan,0,0,0,0,0,0,0,0.1
17,Jet,14.125,14.25,no_halos,False,nan,0,0,0,0,0,0,0,0.1
17,Jet,14.25,14.375,no_halos,False,nan,0,0,0,0,0,0,0,0.1
17,Jet,14.375,14.5,no_halos,False,nan,0,0,0,0,0,0,0,0.1
17,Jet,14.5,14.625,no_halos,False,nan,0,0,0,0,0,0,0,0.1
17,Jet,14.625,14.75,no_halos,False,nan,0,0,0,0,0,0,0,0.1
17,Jet,14.75,14.875,no_halos,False,nan,0,0,0,0,0,0,0,0.1
17,Jet,14.875,15.0,no_halos,False,nan,0,0,0,0,0,0,0,0.1
37,Jet,10.0,10.125,ok,False,2.4362,822,303,760,12,0,0,3,1.2
37,Jet,10.125,10.25,ok,False,2.2095,459,176,430,33,0,0,3,0.8
37,Jet,10.25,10.375,ok,False,2.0846,3518,1440,3302,0,0,0,3,1.6
37,Jet,10.375,10.5,ok,False,1.8854,7866,3546,7386,0,0,0,3,2.0
37,Jet,10.5,10.625,ok,False,1.6797,10000,4962,9355,0,0,0,3,2.2
37,Jet,10.625,10.75,ok,False,1.5293,10000,5349,9382,0,0,1,3,2.2
37,Jet,10.75,10.875,ok,False,1.3911,10000,5792,9326,0,0,1,3,2.2
37,Jet,10.875,11.0,ok,False,1.2620,10000,6084,9344,0,0,1,3,2.3
37,Jet,11.0,11.125,ok,False,1.1463,10000,6508,9340,0,0,1,3,2.3
37,Jet,11.125,11.25,ok,False,1.0423,10000,6700,9366,0,0,1,3,2.3
37,Jet,11.25,11.375,ok,False,0.9542,10000,7104,9527,0,0,1,3,2.2
37,Jet,11.375,11.5,ok,False,0.8712,10000,7951,9960,0,0,2,4,2.3
37,Jet,11.5,11.625,ok,False,0.7914,10000,8699,10000,0,0,2,6,2.4
37,Jet,11.625,11.75,ok,False,0.7191,10000,9305,10000,0,0,3,7,2.3
37,Jet,11.75,11.875,ok,False,0.6534,10000,9660,10000,0,0,4,9,2.4
37,Jet,11.875,12.0,ok,False,0.5936,10000,9889,10000,0,0,5,12,2.4
37,Jet,12.0,12.125,ok,False,0.5388,10000,9972,10000,0,0,7,16,2.6
37,Jet,12.125,12.25,ok,False,0.4898,10000,9989,10000,0,0,9,20,2.4
37,Jet,12.25,12.375,ok,False,0.4450,10000,9998,10000,0,0,11,26,2.4
37,Jet,12.375,12.5,ok,False,0.4049,10000,10000,10000,0,0,15,34,2.6
37,Jet,12.5,12.625,ok,False,0.3679,10000,10000,10000,0,0,20,46,2.5
37,Jet,12.625,12.75,ok,False,0.3342,10000,10000,10000,0,0,27,60,2.6
37,Jet,12.75,12.875,ok,False,0.3035,10000,10000,10000,0,0,36,80,2.6
37,Jet,12.875,13.0,ok,True,0.2762,10000,10000,10000,0,0,47,104,2.8
37,Jet,13.0,13.125,ok,True,0.2509,9109,9109,9109,0,0,62,138,2.6
37,Jet,13.125,13.25,ok,True,0.2280,5615,5615,5615,0,0,82,181,2.2
37,Jet,13.25,13.375,ok,True,0.2075,3068,3068,3068,0,0,108,238,1.8
37,Jet,13.375,13.5,ok,True,0.1883,1800,1800,1800,0,0,144,316,1.6
37,Jet,13.5,13.625,ok,True,0.1713,924,924,924,0,0,191,415,1.3
37,Jet,13.625,13.75,ok,True,0.1559,440,440,440,0,0,248,542,0.8
37,Jet,13.75,13.875,ok,True,0.1420,218,218,218,0,0,330,708,0.6
37,Jet,13.875,14.0,ok,True,0.1282,76,76,76,0,0,430,925,0.3
37,Jet,14.0,14.125,ok,True,0.1154,31,31,31,0,0,565,1231,0.2
37,Jet,14.125,14.25,ok,True,0.1052,9,9,9,0,0,687,1450,0.1
37,Jet,14.25,14.375,ok,False,0.0962,2,2,2,1,0,922,1859,0.1
37,Jet,14.375,14.5,no_halos,False,nan,0,0,0,0,0,0,0,0.1
37,Jet,14.5,14.625,no_halos,False,nan,0,0,0,0,0,0,0,0.1
37,Jet,14.625,14.75,no_halos,False,nan,0,0,0,0,0,0,0,0.1
37,Jet,14.75,14.875,no_halos,False,nan,0,0,0,0,0,0,0,0.1
37,Jet,14.875,15.0,no_halos,False,nan,0,0,0,0,0,0,0,0.1
47,Jet,10.0,10.125,ok,False,2.0698,463,173,422,23,0,0,3,1.1
47,Jet,10.125,10.25,ok,False,1.8648,263,103,233,40,3,0,2,0.7
47,Jet,10.25,10.375,ok,False,1.7687,2528,1018,2354,0,0,0,3,1.7
47,Jet,10.375,10.5,ok,False,1.6013,6009,2699,5585,0,0,0,3,2.0
47,Jet,10.5,10.625,ok,False,1.4253,10000,4730,9234,0,0,0,3,2.4
47,Jet,10.625,10.75,ok,False,1.2956,10000,5240,9243,0,0,1,3,2.4
47,Jet,10.75,10.875,ok,False,1.1803,10000,5478,9202,0,0,1,3,2.3
47,Jet,10.875,11.0,ok,False,1.0690,10000,6003,9190,0,0,1,3,2.5
47,Jet,11.0,11.125,ok,False,0.9712,10000,6299,9256,0,0,1,3,2.5
47,Jet,11.125,11.25,ok,False,0.8830,10000,6673,9231,0,0,1,3,2.6
47,Jet,11.25,11.375,ok,False,0.8095,10000,6987,9379,0,0,1,3,2.4
47,Jet,11.375,11.5,ok,False,0.7388,10000,7705,9932,0,0,1,4,2.6
47,Jet,11.5,11.625,ok,False,0.6717,10000,8595,10000,0,0,2,5,2.6
47,Jet,11.625,11.75,ok,False,0.6105,10000,9170,10000,0,0,3,7,2.5
47,Jet,11.75,11.875,ok,False,0.5548,10000,9604,10000,0,0,4,9,2.6
47,Jet,11.875,12.0,ok,False,0.5032,10000,9814,10000,0,0,5,11,2.5
47,Jet,12.0,12.125,ok,False,0.4574,10000,9961,10000,0,0,6,15,2.7
47,Jet,12.125,12.25,ok,False,0.4151,10000,9987,10000,0,0,8,19,2.6
47,Jet,12.25,12.375,ok,False,0.3775,10000,9998,10000,0,0,11,25,2.7
47,Jet,12.375,12.5,ok,False,0.3437,10000,10000,10000,0,0,15,33,2.7
47,Jet,12.5,12.625,ok,False,0.3121,10000,10000,10000,0,0,19,43,2.7
47,Jet,12.625,12.75,ok,True,0.2833,10000,10000,10000,0,0,26,57,2.8
47,Jet,12.75,12.875,ok,True,0.2574,10000,10000,10000,0,0,34,75,2.9
47,Jet,12.875,13.0,ok,True,0.2338,10000,10000,10000,0,0,45,100,2.9
47,Jet,13.0,13.125,ok,True,0.2124,10000,10000,10000,0,0,60,132,3.0
47,Jet,13.125,13.25,ok,True,0.1933,10000,10000,10000,0,0,79,174,3.1
47,Jet,13.25,13.375,ok,True,0.1756,6761,6761,6761,0,0,105,230,2.7
47,Jet,13.375,13.5,ok,True,0.1596,4081,4081,4081,0,0,139,303,2.2
47,Jet,13.5,13.625,ok,True,0.1449,2457,2457,2457,0,0,184,403,2.0
47,Jet,13.625,13.75,ok,True,0.1319,1489,1489,1489,0,0,243,526,1.7
47,Jet,13.75,13.875,ok,True,0.1202,746,746,746,0,0,320,698,1.3
47,Jet,13.875,14.0,ok,True,0.1092,384,384,384,0,0,420,918,0.9
47,Jet,14.0,14.125,ok,True,0.0987,187,187,187,0,0,550,1204,0.6
47,Jet,14.125,14.25,ok,True,0.0899,78,78,78,0,0,714,1580,0.4
47,Jet,14.25,14.375,ok,True,0.0823,27,27,27,0,0,938,2096,0.2
47,Jet,14.375,14.5,ok,True,0.0731,7,7,7,0,0,1226,2580,0.2
47,Jet,14.5,14.625,ok,False,0.0638,1,1,1,4,3,2038,4659,0.1
47,Jet,14.625,14.75,ok,False,0.0625,1,1,1,3,0,1754,3865,0.1
47,Jet,14.75,14.875,no_halos,False,nan,0,0,0,0,0,0,0,0.1
47,Jet,14.875,15.0,no_halos,False,nan,0,0,0,0,0,0,0,0.1
57,Jet,10.0,10.125,ok,False,1.7199,199,79,177,45,4,0,3,0.8
57,Jet,10.125,10.25,ok,False,1.5436,130,52,120,57,18,0,3,0.5
57,Jet,10.25,10.375,ok,False,1.4684,1482,593,1356,2,0,0,3,1.6
57,Jet,10.375,10.5,ok,False,1.3284,3489,1482,3136,0,0,0,3,1.9
57,Jet,10.5,10.625,ok,False,1.1851,8011,3741,7193,0,0,0,3,2.3
57,Jet,10.625,10.75,ok,False,1.0771,10000,5024,8981,0,0,1,2,2.4
57,Jet,10.75,10.875,ok,False,0.9799,10000,5324,9017,0,0,1,3,2.5
57,Jet,10.875,11.0,ok,False,0.8877,10000,5770,8933,0,0,1,3,2.5
57,Jet,11.0,11.125,ok,False,0.8065,10000,6069,9013,0,0,1,3,2.5
57,Jet,11.125,11.25,ok,False,0.7330,10000,6360,8999,0,0,1,3,2.5
57,Jet,11.25,11.375,ok,False,0.6728,10000,6546,9256,0,0,1,3,2.5
57,Jet,11.375,11.5,ok,False,0.6136,10000,7437,9898,0,0,1,4,2.6
57,Jet,11.5,11.625,ok,False,0.5579,10000,8268,10000,0,0,2,5,2.6
57,Jet,11.625,11.75,ok,False,0.5064,10000,9022,10000,0,0,2,6,2.6
57,Jet,11.75,11.875,ok,False,0.4605,10000,9440,10000,0,0,3,8,2.6
57,Jet,11.875,12.0,ok,False,0.4184,10000,9801,10000,0,0,4,10,2.7
57,Jet,12.0,12.125,ok,False,0.3802,10000,9920,10000,0,0,6,13,2.7
57,Jet,12.125,12.25,ok,False,0.3454,10000,9986,10000,0,0,8,17,2.6
57,Jet,12.25,12.375,ok,False,0.3138,10000,9995,10000,0,0,10,23,2.8
57,Jet,12.375,12.5,ok,True,0.2851,10000,10000,10000,0,0,13,29,2.7
57,Jet,12.5,12.625,ok,True,0.2588,10000,10000,10000,0,0,18,39,2.8
57,Jet,12.625,12.75,ok,True,0.2354,10000,10000,10000,0,0,24,52,2.8
57,Jet,12.75,12.875,ok,True,0.2138,10000,10000,10000,0,0,32,69,2.9
57,Jet,12.875,13.0,ok,True,0.1942,10000,10000,10000,0,0,42,93,2.9
57,Jet,13.0,13.125,ok,True,0.1766,10000,10000,10000,0,0,56,122,3.0
57,Jet,13.125,13.25,ok,True,0.1606,10000,10000,10000,0,0,74,161,3.1
57,Jet,13.25,13.375,ok,True,0.1457,10000,10000,10000,0,0,98,215,3.2
57,Jet,13.375,13.5,ok,True,0.1327,7361,7361,7361,0,0,131,284,3.0
57,Jet,13.5,13.625,ok,True,0.1203,4787,4787,4787,0,0,173,375,2.5
57,Jet,13.625,13.75,ok,True,0.1093,3056,3056,3056,0,0,228,496,2.2
57,Jet,13.75,13.875,ok,True,0.0996,1916,1916,1916,0,0,301,651,2.0
57,Jet,13.875,14.0,ok,True,0.0904,1118,1118,1118,0,0,399,869,1.7
57,Jet,14.0,14.125,ok,True,0.0820,641,641,641,0,0,544,1183,1.3
57,Jet,14.125,14.25,ok,True,0.0747,360,360,360,0,0,699,1522,1.0
57,Jet,14.25,14.375,ok,True,0.0682,174,174,174,0,0,928,2004,0.6
57,Jet,14.375,14.5,ok,True,0.0616,71,71,71,0,0,1163,2565,0.4
57,Jet,14.5,14.625,ok,True,0.0562,34,34,34,0,0,1574,3382,0.3
57,Jet,14.625,14.75,ok,True,0.0502,7,7,7,0,0,2294,5013,0.2
57,Jet,14.75,14.875,ok,True,0.0467,3,3,3,0,0,3025,6761,0.2
57,Jet,14.875,15.0,ok,False,0.0438,1,1,1,1,1,3321,7090,0.2
62,Jet,10.0,10.125,ok,False,1.5506,105,37,96,64,19,0,3,0.5
62,Jet,10.125,10.25,ok,False,1.3968,70,16,65,82,29,0,2,0.4
62,Jet,10.25,10.375,ok,False,1.3330,938,361,828,2,0,0,2,1.5
62,Jet,10.375,10.5,ok,False,1.2035,2347,948,2083,0,0,0,2,1.7
62,Jet,10.5,10.625,ok,False,1.0724,5459,2457,4828,0,0,0,2,2.1
62,Jet,10.625,10.75,ok,False,0.9751,10000,4838,8770,0,0,0,2,2.4
62,Jet,10.75,10.875,ok,False,0.8872,10000,5191,8800,0,0,1,2,2.5
62,Jet,10.875,11.0,ok,False,0.8027,10000,5460,8890,0,0,1,2,2.4
62,Jet,11.0,11.125,ok,False,0.7309,10000,5842,8809,0,0,1,2,2.4
62,Jet,11.125,11.25,ok,False,0.6633,10000,5941,8742,0,0,1,2,2.5
62,Jet,11.25,11.375,ok,False,0.6089,10000,6312,9116,0,0,1,3,2.5
62,Jet,11.375,11.5,ok,False,0.5551,10000,7242,9865,0,0,1,4,2.6
62,Jet,11.5,11.625,ok,False,0.5050,10000,8163,10000,0,0,2,5,2.6
62,Jet,11.625,11.75,ok,False,0.4586,10000,8800,10000,0,0,2,6,2.6
62,Jet,11.75,11.875,ok,False,0.4165,10000,9406,10000,0,0,3,7,2.6
62,Jet,11.875,12.0,ok,False,0.3790,10000,9743,10000,0,0,4,10,2.6
62,Jet,12.0,12.125,ok,False,0.3439,10000,9897,10000,0,0,5,12,2.6
62,Jet,12.125,12.25,ok,False,0.3124,10000,9966,10000,0,0,7,16,2.6
62,Jet,12.25,12.375,ok,True,0.2841,10000,9999,10000,0,0,10,21,2.7
62,Jet,12.375,12.5,ok,True,0.2583,10000,9999,10000,0,0,13,27,2.8
62,Jet,12.5,12.625,ok,True,0.2345,10000,10000,10000,0,0,17,36,2.8
62,Jet,12.625,12.75,ok,True,0.2132,10000,10000,10000,0,0,23,49,2.8
62,Jet,12.75,12.875,ok,True,0.1938,10000,10000,10000,0,0,30,65,2.9
62,Jet,12.875,13.0,ok,True,0.1758,10000,10000,10000,0,0,40,86,2.9
62,Jet,13.0,13.125,ok,True,0.1598,10000,10000,10000,0,0,53,115,3.0
62,Jet,13.125,13.25,ok,True,0.1455,10000,10000,10000,0,0,71,153,3.1
62,Jet,13.25,13.375,ok,True,0.1321,10000,10000,10000,0,0,94,203,3.2
62,Jet,13.375,13.5,ok,True,0.1200,8412,8412,8412,0,0,125,270,3.2
62,Jet,13.5,13.625,ok,True,0.1089,5654,5654,5654,0,0,166,358,2.7
62,Jet,13.625,13.75,ok,True,0.0990,3764,3764,3764,0,0,220,475,2.6
62,Jet,13.75,13.875,ok,True,0.0898,2424,2424,2424,0,0,291,625,2.2
62,Jet,13.875,14.0,ok,True,0.0818,1548,1548,1548,0,0,388,837,1.9
62,Jet,14.0,14.125,ok,True,0.0743,984,984,984,0,0,506,1100,1.7
62,Jet,14.125,14.25,ok,True,0.0676,561,561,561,0,0,676,1484,1.3
62,Jet,14.25,14.375,ok,True,0.0614,309,309,309,0,0,878,1909,0.9
62,Jet,14.375,14.5,ok,True,0.0556,150,150,150,0,0,1142,2492,0.6
62,Jet,14.5,14.625,ok,True,0.0505,71,71,71,0,0,1521,3380,0.4
62,Jet,14.625,14.75,ok,True,0.0468,26,26,26,0,0,2030,4486,0.2
62,Jet,14.75,14.875,ok,True,0.0419,12,12,12,0,0,2734,5990,0.2
62,Jet,14.875,15.0,ok,False,0.0380,1,1,1,5,0,4185,9355,0.2
67,Jet,10.0,10.125,ok,False,1.4150,65,15,54,80,50,0,2,0.4
67,Jet,10.125,10.25,ok,False,1.2654,46,12,41,85,51,0,2,0.3
67,Jet,10.25,10.375,ok,False,1.2014,537,197,455,19,0,0,2,1.2
67,Jet,10.375,10.5,ok,False,1.0893,1475,587,1274,0,0,0,2,1.6
67,Jet,10.5,10.625,ok,False,0.9701,3670,1538,3120,0,0,0,2,1.8
67,Jet,10.625,10.75,ok,False,0.8821,7962,3585,6783,0,0,0,2,2.2
67,Jet,10.75,10.875,ok,False,0.8023,10000,4826,8515,0,0,0,2,2.4
67,Jet,10.875,11.0,ok,False,0.7251,10000,5190,8509,0,0,1,2,2.5
67,Jet,11.0,11.125,ok,False,0.6595,10000,5538,8493,0,0,1,2,2.4
67,Jet,11.125,11.25,ok,False,0.5997,10000,5613,8464,0,0,1,2,2.5
67,Jet,11.25,11.375,ok,False,0.5515,10000,5941,8798,0,0,1,2,2.4
67,Jet,11.375,11.5,ok,False,0.5025,10000,6957,9834,0,0,1,3,2.5
67,Jet,11.5,11.625,ok,False,0.4566,10000,7862,9999,0,0,1,4,2.5
67,Jet,11.625,11.75,ok,False,0.4149,10000,8647,10000,0,0,2,5,2.7
67,Jet,11.75,11.875,ok,False,0.3770,10000,9255,10000,0,0,3,7,2.6
67,Jet,11.875,12.0,ok,False,0.3423,10000,9635,10000,0,0,4,9,2.6
67,Jet,12.0,12.125,ok,False,0.3116,10000,9876,10000,0,0,5,11,2.6
67,Jet,12.125,12.25,ok,True,0.2829,10000,9974,10000,0,0,7,14,2.7
67,Jet,12.25,12.375,ok,True,0.2571,10000,9995,10000,0,0,9,19,2.7
67,Jet,12.375,12.5,ok,True,0.2335,10000,9999,10000,0,0,12,25,2.7
67,Jet,12.5,12.625,ok,True,0.2120,10000,10000,10000,0,0,16,33,2.7
67,Jet,12.625,12.75,ok,True,0.1926,10000,10000,10000,0,0,21,44,2.8
67,Jet,12.75,12.875,ok,True,0.1751,10000,10000,10000,0,0,28,59,2.8
67,Jet,12.875,13.0,ok,True,0.1592,10000,10000,10000,0,0,37,79,2.8
67,Jet,13.0,13.125,ok,True,0.1445,10000,10000,10000,0,0,50,106,3.0
67,Jet,13.125,13.25,ok,True,0.1315,10000,10000,10000,0,0,65,141,3.0
67,Jet,13.25,13.375,ok,True,0.1194,10000,10000,10000,0,0,88,189,3.2
67,Jet,13.375,13.5,ok,True,0.1085,8617,8617,8617,0,0,117,250,3.1
67,Jet,13.5,13.625,ok,True,0.0987,5769,5769,5769,0,0,155,336,2.7
67,Jet,13.625,13.75,ok,True,0.0894,3912,3912,3912,0,0,208,448,2.4
67,Jet,13.75,13.875,ok,True,0.0815,2729,2729,2729,0,0,275,596,2.3
67,Jet,13.875,14.0,ok,True,0.0738,1822,1822,1822,0,0,368,799,2.0
67,Jet,14.0,14.125,ok,True,0.0672,1193,1193,1193,0,0,483,1047,1.8
67,Jet,14.125,14.25,ok,True,0.0611,763,763,763,0,0,638,1398,1.5
67,Jet,14.25,14.375,ok,True,0.0552,450,450,450,0,0,870,1886,1.1
67,Jet,14.375,14.5,ok,True,0.0506,260,260,260,0,0,1086,2358,0.8
67,Jet,14.5,14.625,ok,True,0.0458,130,130,130,0,0,1480,3241,0.6
67,Jet,14.625,14.75,ok,True,0.0417,64,64,64,0,0,1994,4352,0.4
67,Jet,14.75,14.875,ok,True,0.0377,15,15,15,0,0,2719,5967,0.2
67,Jet,14.875,15.0,ok,True,0.0349,10,10,10,0,0,3299,7126,0.2
69,Jet,10.0,10.125,ok,False,1.3493,51,9,43,92,47,0,2,0.4
69,Jet,10.125,10.25,ok,False,1.2151,37,18,32,80,55,0,2,0.3
69,Jet,10.25,10.375,ok,False,1.1570,496,172,407,21,3,0,2,1.1
69,Jet,10.375,10.5,ok,False,1.0460,1255,493,1051,1,0,0,2,1.5
69,Jet,10.5,10.625,ok,False,0.9312,2984,1273,2478,1,0,0,2,1.7
69,Jet,10.625,10.75,ok,False,0.8468,6649,2893,5514,0,0,0,2,2.1
69,Jet,10.75,10.875,ok,False,0.7718,10000,4782,8350,0,0,0,2,2.4
69,Jet,10.875,11.0,ok,False,0.6977,10000,5063,8343,0,0,1,2,2.4
69,Jet,11.0,11.125,ok,False,0.6335,10000,5363,8356,0,0,1,2,2.4
69,Jet,11.125,11.25,ok,False,0.5765,10000,5480,8289,0,0,1,2,2.3
69,Jet,11.25,11.375,ok,False,0.5298,10000,5835,8751,0,0,1,2,2.4
69,Jet,11.375,11.5,ok,False,0.4835,10000,6802,9817,0,0,1,3,2.4
69,Jet,11.5,11.625,ok,False,0.4393,10000,7741,10000,0,0,1,4,2.5
69,Jet,11.625,11.75,ok,False,0.3986,10000,8593,10000,0,0,2,5,2.5
69,Jet,11.75,11.875,ok,False,0.3624,10000,9199,10000,0,0,3,6,2.5
69,Jet,11.875,12.0,ok,False,0.3295,10000,9593,10000,0,0,3,8,2.6
69,Jet,12.0,12.125,ok,True,0.2988,10000,9865,10000,0,0,5,11,2.6
69,Jet,12.125,12.25,ok,True,0.2719,10000,9967,10000,0,0,6,14,2.5
69,Jet,12.25,12.375,ok,True,0.2469,10000,9984,10000,0,0,8,18,2.7
69,Jet,12.375,12.5,ok,True,0.2242,10000,9998,10000,0,0,11,24,2.6
69,Jet,12.5,12.625,ok,True,0.2038,10000,10000,10000,0,0,15,32,2.7
69,Jet,12.625,12.75,ok,True,0.1849,10000,10000,10000,0,0,20,42,2.7
69,Jet,12.75,12.875,ok,True,0.1683,10000,10000,10000,0,0,27,57,2.7
69,Jet,12.875,13.0,ok,True,0.1530,10000,10000,10000,0,0,36,76,2.8
69,Jet,13.0,13.125,ok,True,0.1390,10000,10000,10000,0,0,48,102,2.9
69,Jet,13.125,13.25,ok,True,0.1265,10000,10000,10000,0,0,64,136,3.0
69,Jet,13.25,13.375,ok,True,0.1149,10000,10000,10000,0,0,85,181,3.2
69,Jet,13.375,13.5,ok,True,0.1044,8181,8181,8181,0,0,113,242,3.0
69,Jet,13.5,13.625,ok,True,0.0948,5569,5569,5569,0,0,151,324,2.6
69,Jet,13.625,13.75,ok,True,0.0860,3657,3657,3657,0,0,202,435,2.3
69,Jet,13.75,13.875,ok,True,0.0781,2676,2676,2676,0,0,270,584,2.2
69,Jet,13.875,14.0,ok,True,0.0711,1800,1800,1800,0,0,357,770,1.9
69,Jet,14.0,14.125,ok,True,0.0645,1197,1197,1197,0,0,469,1022,1.7
69,Jet,14.125,14.25,ok,True,0.0585,756,756,756,0,0,625,1363,1.4
69,Jet,14.25,14.375,ok,True,0.0533,489,489,489,0,0,837,1842,1.2
69,Jet,14.375,14.5,ok,True,0.0488,290,290,290,0,0,1080,2334,0.9
69,Jet,14.5,14.625,ok,True,0.0440,145,145,145,0,0,1408,3092,0.6
69,Jet,14.625,14.75,ok,True,0.0403,68,68,68,0,0,1902,4124,0.4
69,Jet,14.75,14.875,ok,True,0.0365,26,26,26,0,0,2671,5710,0.2
69,Jet,14.875,15.0,ok,True,0.0336,15,15,15,0,0,3110,7167,0.2
71,Jet,10.0,10.125,ok,False,1.2943,28,9,23,91,62,0,2,0.3
71,Jet,10.125,10.25,ok,False,1.1651,24,8,18,90,73,0,1,0.2
71,Jet,10.25,10.375,ok,False,1.1138,422,143,331,22,4,0,2,1.0
71,Jet,10.375,10.5,ok,False,1.0067,1082,415,898,1,0,0,2,1.4
71,Jet,10.5,10.625,ok,False,0.8966,2465,979,2017,3,0,0,2,1.6
71,Jet,10.625,10.75,ok,False,0.8159,5527,2379,4523,0,0,0,2,1.9
71,Jet,10.75,10.875,ok,False,0.7421,10000,4590,8181,0,0,0,2,2.3
71,Jet,10.875,11.0,ok,False,0.6707,10000,4895,8208,0,0,0,2,2.3
71,Jet,11.0,11.125,ok,False,0.6101,10000,5109,8173,0,0,1,2,2.3
71,Jet,11.125,11.25,ok,False,0.5549,10000,5249,8032,0,0,1,2,2.4
71,Jet,11.25,11.375,ok,False,0.5101,10000,5631,8547,0,0,1,2,2.4
71,Jet,11.375,11.5,ok,False,0.4648,10000,6566,9801,0,0,1,3,2.4
71,Jet,11.5,11.625,ok,False,0.4221,10000,7521,10000,0,0,1,4,2.4
71,Jet,11.625,11.75,ok,False,0.3837,10000,8408,10000,0,0,2,5,2.5
71,Jet,11.75,11.875,ok,False,0.3485,10000,9131,10000,0,0,2,6,2.5
71,Jet,11.875,12.0,ok,False,0.3168,10000,9573,10000,0,0,3,8,2.5
71,Jet,12.0,12.125,ok,True,0.2880,10000,9851,10000,0,0,5,10,2.5
71,Jet,12.125,12.25,ok,True,0.2616,10000,9957,10000,0,0,6,13,2.5
71,Jet,12.25,12.375,ok,True,0.2379,10000,9986,10000,0,0,8,17,2.6
71,Jet,12.375,12.5,ok,True,0.2156,10000,9999,10000,0,0,11,23,2.6
71,Jet,12.5,12.625,ok,True,0.1961,10000,10000,10000,0,0,15,30,2.6
71,Jet,12.625,12.75,ok,True,0.1779,10000,10000,10000,0,0,19,40,2.7
71,Jet,12.75,12.875,ok,True,0.1618,10000,10000,10000,0,0,26,54,2.6
71,Jet,12.875,13.0,ok,True,0.1471,10000,10000,10000,0,0,35,73,2.8
71,Jet,13.0,13.125,ok,True,0.1338,10000,10000,10000,0,0,46,97,2.8
71,Jet,13.125,13.25,ok,True,0.1218,10000,10000,10000,0,0,61,130,2.9
71,Jet,13.25,13.375,ok,True,0.1104,10000,10000,10000,0,0,82,176,3.1
71,Jet,13.375,13.5,ok,True,0.1004,7558,7558,7558,0,0,110,234,2.8
71,Jet,13.5,13.625,ok,True,0.0912,5081,5081,5081,0,0,145,309,2.5
71,Jet,13.625,13.75,ok,True,0.0829,3408,3408,3408,0,0,194,417,2.2
71,Jet,13.75,13.875,ok,True,0.0752,2428,2428,2428,0,0,262,559,2.0
71,Jet,13.875,14.0,ok,True,0.0684,1750,1750,1750,0,0,344,747,1.9
71,Jet,14.0,14.125,ok,True,0.0620,1168,1168,1168,0,0,456,996,1.7
71,Jet,14.125,14.25,ok,True,0.0565,765,765,765,0,0,604,1329,1.5
71,Jet,14.25,14.375,ok,True,0.0515,482,482,482,0,0,820,1785,1.2
71,Jet,14.375,14.5,ok,True,0.0470,313,313,313,0,0,1078,2345,0.9
71,Jet,14.5,14.625,ok,True,0.0423,143,143,143,0,0,1426,3069,0.6
71,Jet,14.625,14.75,ok,True,0.0386,79,79,79,0,0,1885,4106,0.4
71,Jet,14.75,14.875,ok,True,0.0348,38,38,38,0,0,2581,5736,0.3
71,Jet,14.875,15.0,ok,True,0.0319,13,13,13,0,0,3012,6715,0.2
73,Jet,10.0,10.125,ok,False,1.2578,20,2,19,98,72,0,2,0.2
73,Jet,10.125,10.25,ok,False,1.1212,22,7,20,90,75,0,2,0.2
73,Jet,10.25,10.375,ok,False,1.0714,327,103,257,37,8,0,1,0.9
73,Jet,10.375,10.5,ok,False,0.9703,860,312,696,8,0,0,2,1.3
73,Jet,10.5,10.625,ok,False,0.8647,2053,805,1607,4,0,0,1,1.5
73,Jet,10.625,10.75,ok,False,0.7859,4487,1914,3517,0,0,0,2,1.8
73,Jet,10.75,10.875,ok,False,0.7147,10000,4415,7885,0,0,0,2,2.3
73,Jet,10.875,11.0,ok,False,0.6463,10000,4638,7936,0,0,0,2,2.3
73,Jet,11.0,11.125,ok,False,0.5874,10000,4933,8011,0,0,0,2,2.3
73,Jet,11.125,11.25,ok,False,0.5347,10000,5082,7845,0,0,1,1,2.3
73,Jet,11.25,11.375,ok,False,0.4924,10000,5505,8551,0,0,1,2,2.3
73,Jet,11.375,11.5,ok,False,0.4483,10000,6387,9792,0,0,1,3,2.4
73,Jet,11.5,11.625,ok,False,0.4066,10000,7392,10000,0,0,1,3,2.4
73,Jet,11.625,11.75,ok,False,0.3696,10000,8275,10000,0,0,2,4,2.4
73,Jet,11.75,11.875,ok,False,0.3359,10000,9020,10000,0,0,2,6,2.5
73,Jet,11.875,12.0,ok,False,0.3055,10000,9478,10000,0,0,3,7,2.5
73,Jet,12.0,12.125,ok,True,0.2774,10000,9814,10000,0,0,4,9,2.4
73,Jet,12.125,12.25,ok,True,0.2519,10000,9941,10000,0,0,6,12,2.5
73,Jet,12.25,12.375,ok,True,0.2289,10000,9987,10000,0,0,8,16,2.5
73,Jet,12.375,12.5,ok,True,0.2078,10000,9999,10000,0,0,10,22,2.6
73,Jet,12.5,12.625,ok,True,0.1890,10000,10000,10000,0,0,14,29,2.6
73,Jet,12.625,12.75,ok,True,0.1715,10000,10000,10000,0,0,19,38,2.6
73,Jet,12.75,12.875,ok,True,0.1560,10000,10000,10000,0,0,25,51,2.6
73,Jet,12.875,13.0,ok,True,0.1416,10000,10000,10000,0,0,33,69,2.8
73,Jet,13.0,13.125,ok,True,0.1288,10000,10000,10000,0,0,44,93,2.8
73,Jet,13.125,13.25,ok,True,0.1171,10000,10000,10000,0,0,59,125,2.9
73,Jet,13.25,13.375,ok,True,0.1064,10000,10000,10000,0,0,79,167,3.0
73,Jet,13.375,13.5,ok,True,0.0967,6783,6783,6783,0,0,105,225,2.6
73,Jet,13.5,13.625,ok,True,0.0878,4595,4595,4595,0,0,140,300,2.3
73,Jet,13.625,13.75,ok,True,0.0797,3085,3085,3085,0,0,187,402,2.0
73,Jet,13.75,13.875,ok,True,0.0723,2183,2183,2183,0,0,251,539,1.9
73,Jet,13.875,14.0,ok,True,0.0657,1555,1555,1555,0,0,333,723,1.7
73,Jet,14.0,14.125,ok,True,0.0599,1135,1135,1135,0,0,446,972,1.6
73,Jet,14.125,14.25,ok,True,0.0544,753,753,753,0,0,584,1285,1.4
73,Jet,14.25,14.375,ok,True,0.0495,511,511,511,0,0,790,1736,1.2
73,Jet,14.375,14.5,ok,True,0.0449,328,328,328,0,0,1064,2352,0.9
73,Jet,14.5,14.625,ok,True,0.0408,164,164,164,0,0,1372,2948,0.6
73,Jet,14.625,14.75,ok,True,0.0370,89,89,89,0,0,1816,4051,0.4
73,Jet,14.75,14.875,ok,True,0.0338,42,42,42,0,0,2517,5630,0.3
73,Jet,14.875,15.0,ok,True,0.0301,13,13,13,0,0,3019,6641,0.2
75,Jet,10.0,10.125,ok,False,1.2244,25,6,21,93,71,0,2,0.2
75,Jet,10.125,10.25,ok,False,1.0813,24,6,18,94,69,0,2,0.2
75,Jet,10.25,10.375,ok,False,1.0345,274,85,218,37,8,0,1,0.8
75,Jet,10.375,10.5,ok,False,0.9373,739,232,549,11,1,0,1,1.2
75,Jet,10.5,10.625,ok,False,0.8352,1751,639,1301,5,0,0,1,1.4
75,Jet,10.625,10.75,ok,False,0.7598,3763,1535,2871,0,0,0,1,1.7
75,Jet,10.75,10.875,ok,False,0.6904,9439,3984,7205,0,0,0,1,2.2
75,Jet,10.875,11.0,ok,False,0.6249,10000,4415,7680,0,0,0,1,2.2
75,Jet,11.0,11.125,ok,False,0.5676,10000,4747,7657,0,0,0,1,2.2
75,Jet,11.125,11.25,ok,False,0.5162,10000,4730,7616,0,0,0,1,2.2
75,Jet,11.25,11.375,ok,False,0.4747,10000,5237,8479,0,0,1,2,2.3
75,Jet,11.375,11.5,ok,False,0.4324,10000,6267,9772,0,0,1,3,2.3
75,Jet,11.5,11.625,ok,False,0.3927,10000,7247,10000,0,0,1,3,2.4
75,Jet,11.625,11.75,ok,False,0.3567,10000,8168,10000,0,0,2,4,2.3
75,Jet,11.75,11.875,ok,False,0.3247,10000,8923,10000,0,0,2,5,2.4
75,Jet,11.875,12.0,ok,True,0.2949,10000,9434,10000,0,0,3,7,2.4
75,Jet,12.0,12.125,ok,True,0.2681,10000,9771,10000,0,0,4,9,2.4
75,Jet,12.125,12.25,ok,True,0.2437,10000,9932,10000,0,0,5,12,2.4
75,Jet,12.25,12.375,ok,True,0.2214,10000,9990,10000,0,0,7,15,2.5
75,Jet,12.375,12.5,ok,True,0.2010,10000,9998,10000,0,0,10,20,2.4
75,Jet,12.5,12.625,ok,True,0.1824,10000,10000,10000,0,0,13,27,2.5
75,Jet,12.625,12.75,ok,True,0.1655,10000,10000,10000,0,0,18,36,2.5
75,Jet,12.75,12.875,ok,True,0.1505,10000,10000,10000,0,0,24,48,2.6
75,Jet,12.875,13.0,ok,True,0.1369,10000,10000,10000,0,0,32,65,2.7
75,Jet,13.0,13.125,ok,True,0.1244,10000,10000,10000,0,0,43,88,2.7
75,Jet,13.125,13.25,ok,True,0.1132,10000,10000,10000,0,0,57,118,2.8
75,Jet,13.25,13.375,ok,True,0.1029,9742,9742,9742,0,0,75,159,2.9
75,Jet,13.375,13.5,ok,True,0.0933,6135,6135,6135,0,0,101,215,2.4
75,Jet,13.5,13.625,ok,True,0.0848,4008,4008,4008,0,0,136,290,2.1
75,Jet,13.625,13.75,ok,True,0.0769,2645,2645,2645,0,0,182,391,1.9
75,Jet,13.75,13.875,ok,True,0.0700,1914,1914,1914,0,0,244,518,1.7
75,Jet,13.875,14.0,ok,True,0.0636,1377,1377,1377,0,0,326,699,1.6
75,Jet,14.0,14.125,ok,True,0.0578,1040,1040,1040,0,0,432,939,1.5
75,Jet,14.125,14.25,ok,True,0.0525,680,680,680,0,0,562,1222,1.2
75,Jet,14.25,14.375,ok,True,0.0480,503,503,503,0,0,761,1675,1.1
75,Jet,14.375,14.5,ok,True,0.0433,309,309,309,0,0,1031,2263,0.8
75,Jet,14.5,14.625,ok,True,0.0393,195,195,195,0,0,1358,2953,0.7
75,Jet,14.625,14.75,ok,True,0.0360,90,90,90,0,0,1737,3809,0.4
75,Jet,14.75,14.875,ok,True,0.0326,47,47,47,0,0,2393,5283,0.3
75,Jet,14.875,15.0,ok,True,0.0297,18,18,18,0,0,3443,7576,0.2
77,Jet,10.0,10.125,ok,False,1.1762,149,32,106,68,39,0,1,0.7
77,Jet,10.125,10.25,ok,False,1.0540,535,134,418,38,8,0,1,1.2
77,Jet,10.25,10.375,ok,False,1.0020,4153,1239,3186,1,0,0,1,1.9
77,Jet,10.375,10.5,ok,False,0.9049,10000,3277,7599,0,0,0,1,2.4
77,Jet,10.5,10.625,ok,False,0.8107,10000,3535,7652,1,0,0,1,2.4
77,Jet,10.625,10.75,ok,False,0.7365,10000,3842,7670,0,0,0,1,2.4
77,Jet,10.75,10.875,ok,False,0.6699,10000,4157,7751,0,0,0,1,2.4
77,Jet,10.875,11.0,ok,False,0.6064,10000,4506,7900,0,0,0,2,2.4
77,Jet,11.0,11.125,ok,False,0.5513,10000,4812,7956,0,0,0,2,2.4
77,Jet,11.125,11.25,ok,False,0.5016,10000,5082,7897,0,0,1,2,2.4
77,Jet,11.25,11.375,ok,False,0.4605,10000,5477,8588,0,0,1,2,2.4
77,Jet,11.375,11.5,ok,False,0.4184,10000,6279,9815,0,0,1,3,2.5
77,Jet,11.5,11.625,ok,False,0.3809,10000,7377,9995,0,0,1,3,2.5
77,Jet,11.625,11.75,ok,False,0.3464,10000,8269,10000,0,0,2,4,2.5
77,Jet,11.75,11.875,ok,False,0.3147,10000,8957,10000,0,0,2,5,2.6
77,Jet,11.875,12.0,ok,True,0.2854,10000,9481,10000,0,0,3,7,2.6
77,Jet,12.0,12.125,ok,True,0.2594,10000,9780,10000,0,0,4,9,2.6
77,Jet,12.125,12.25,ok,True,0.2358,10000,9908,10000,0,0,6,11,2.6
77,Jet,12.25,12.375,ok,True,0.2142,10000,9988,10000,0,0,7,15,2.6
77,Jet,12.375,12.5,ok,True,0.1946,10000,9998,10000,0,0,10,20,2.7
77,Jet,12.5,12.625,ok,True,0.1769,10000,10000,10000,0,0,13,26,2.6
77,Jet,12.625,12.75,ok,True,0.1606,10000,10000,10000,0,0,18,35,2.8
77,Jet,12.75,12.875,ok,True,0.1459,10000,10000,10000,0,0,24,47,2.7
77,Jet,12.875,13.0,ok,True,0.1325,10000,10000,10000,0,0,31,63,2.9
77,Jet,13.0,13.125,ok,True,0.1205,10000,10000,10000,0,0,42,86,2.9
77,Jet,13.125,13.25,ok,True,0.1093,10000,10000,10000,0,0,56,116,3.0
77,Jet,13.25,13.375,ok,True,0.0994,10000,10000,10000,0,0,74,155,3.0
77,Jet,13.375,13.5,ok,True,0.0904,10000,10000,10000,0,0,100,210,3.3
77,Jet,13.5,13.625,ok,True,0.0821,10000,10000,10000,0,0,132,281,3.3
77,Jet,13.625,13.75,ok,True,0.0746,9600,9600,9600,0,0,177,375,3.5
77,Jet,13.75,13.875,ok,True,0.0677,7052,7052,7052,0,0,236,504,3.2
77,Jet,13.875,14.0,ok,True,0.0616,4939,4939,4939,0,0,316,682,2.9
77,Jet,14.0,14.125,ok,True,0.0559,3691,3691,3691,0,0,425,916,2.7
77,Jet,14.125,14.25,ok,True,0.0508,2406,2406,2406,0,0,559,1214,2.6
77,Jet,14.25,14.375,ok,True,0.0463,1587,1587,1587,0,0,750,1645,2.2
77,Jet,14.375,14.5,ok,True,0.0419,1046,1046,1046,0,0,1011,2224,2.0
77,Jet,14.5,14.625,ok,True,0.0382,648,648,648,0,0,1310,2866,1.6
77,Jet,14.625,14.75,ok,True,0.0348,370,370,370,0,0,1736,3827,1.1
77,Jet,14.75,14.875,ok,True,0.0315,191,191,191,0,0,2316,5168,0.7
77,Jet,14.875,15.0,ok,True,0.0286,102,102,102,0,0,3154,7018,0.6
9,Jet_fgas-4sigma,10.0,10.125,ok,False,3.1016,259,97,240,61,4,0,3,0.2
9,Jet_fgas-4sigma,10.125,10.25,ok,False,2.8192,108,39,95,73,20,0,3,0.1
9,Jet_fgas-4sigma,10.25,10.375,ok,False,2.6591,764,308,699,14,0,0,3,0.2
9,Jet_fgas-4sigma,10.375,10.5,ok,False,2.4069,1459,649,1330,2,0,0,2,0.3
9,Jet_fgas-4sigma,10.5,10.625,ok,False,2.1416,3198,1513,2959,0,0,0,3,0.4
9,Jet_fgas-4sigma,10.625,10.75,ok,False,1.9455,6381,3318,5877,0,0,1,3,0.6
9,Jet_fgas-4sigma,10.75,10.875,ok,False,1.7736,10000,5728,9235,0,0,1,3,0.9
9,Jet_fgas-4sigma,10.875,11.0,ok,False,1.6053,10000,6108,9309,0,0,1,3,0.9
9,Jet_fgas-4sigma,11.0,11.125,ok,False,1.4615,10000,6597,9476,0,0,1,3,1.0
9,Jet_fgas-4sigma,11.125,11.25,ok,False,1.3296,10000,6995,9567,0,0,1,3,0.9
9,Jet_fgas-4sigma,11.25,11.375,ok,False,1.2130,10000,7628,9691,0,0,1,4,0.9
9,Jet_fgas-4sigma,11.375,11.5,ok,False,1.1126,10000,8309,9961,0,0,2,5,0.9
9,Jet_fgas-4sigma,11.5,11.625,ok,False,1.0104,10000,9004,10000,0,0,2,6,1.0
9,Jet_fgas-4sigma,11.625,11.75,ok,False,0.9189,10000,9534,10000,0,0,3,8,1.0
9,Jet_fgas-4sigma,11.75,11.875,ok,False,0.8349,10000,9795,10000,0,0,4,10,1.0
9,Jet_fgas-4sigma,11.875,12.0,ok,False,0.7586,10000,9939,10000,0,0,5,13,1.0
9,Jet_fgas-4sigma,12.0,12.125,ok,False,0.6899,10000,9980,10000,0,0,7,17,1.1
9,Jet_fgas-4sigma,12.125,12.25,ok,False,0.6273,5249,5248,5249,0,0,9,22,0.6
9,Jet_fgas-4sigma,12.25,12.375,ok,False,0.5702,2600,2600,2600,0,0,12,29,0.4
9,Jet_fgas-4sigma,12.375,12.5,ok,False,0.5178,1225,1225,1225,0,0,16,38,0.3
9,Jet_fgas-4sigma,12.5,12.625,ok,False,0.4718,451,451,451,0,0,22,49,0.2
9,Jet_fgas-4sigma,12.625,12.75,ok,False,0.4276,169,169,169,0,0,28,65,0.2
9,Jet_fgas-4sigma,12.75,12.875,ok,False,0.3910,75,75,75,0,0,36,83,0.1
9,Jet_fgas-4sigma,12.875,13.0,ok,False,0.3562,20,20,20,3,0,49,104,0.0
9,Jet_fgas-4sigma,13.0,13.125,ok,False,0.3196,2,2,2,33,18,84,161,0.0
9,Jet_fgas-4sigma,13.125,13.25,ok,False,0.2950,2,2,2,27,16,93,168,0.0
9,Jet_fgas-4sigma,13.25,13.375,ok,False,0.2570,2,2,2,24,10,110,256,0.0
9,Jet_fgas-4sigma,13.375,13.5,no_halos,False,nan,0,0,0,0,0,0,0,0.0
9,Jet_fgas-4sigma,13.5,13.625,no_halos,False,nan,0,0,0,0,0,0,0,0.0
9,Jet_fgas-4sigma,13.625,13.75,no_halos,False,nan,0,0,0,0,0,0,0,0.0
9,Jet_fgas-4sigma,13.75,13.875,no_halos,False,nan,0,0,0,0,0,0,0,0.0
9,Jet_fgas-4sigma,13.875,14.0,no_halos,False,nan,0,0,0,0,0,0,0,0.0
9,Jet_fgas-4sigma,14.0,14.125,no_halos,False,nan,0,0,0,0,0,0,0,0.0
9,Jet_fgas-4sigma,14.125,14.25,no_halos,False,nan,0,0,0,0,0,0,0,0.0
9,Jet_fgas-4sigma,14.25,14.375,no_halos,False,nan,0,0,0,0,0,0,0,0.0
9,Jet_fgas-4sigma,14.375,14.5,no_halos,False,nan,0,0,0,0,0,0,0,0.0
9,Jet_fgas-4sigma,14.5,14.625,no_halos,False,nan,0,0,0,0,0,0,0,0.0
9,Jet_fgas-4sigma,14.625,14.75,no_halos,False,nan,0,0,0,0,0,0,0,0.0
9,Jet_fgas-4sigma,14.75,14.875,no_halos,False,nan,0,0,0,0,0,0,0,0.0
9,Jet_fgas-4sigma,14.875,15.0,no_halos,False,nan,0,0,0,0,0,0,0,0.0
13,Jet_fgas-4sigma,10.0,10.125,ok,False,3.1174,632,221,591,28,0,0,3,0.4
13,Jet_fgas-4sigma,10.125,10.25,ok,False,2.8499,286,110,261,44,3,0,3,0.3
13,Jet_fgas-4sigma,10.25,10.375,ok,False,2.6630,1752,772,1631,1,0,0,3,0.5
13,Jet_fgas-4sigma,10.375,10.5,ok,False,2.4100,3632,1667,3419,0,0,0,3,0.7
13,Jet_fgas-4sigma,10.5,10.625,ok,False,2.1467,7641,3744,7113,0,0,0,3,1.0
13,Jet_fgas-4sigma,10.625,10.75,ok,False,1.9517,10000,5327,9330,0,0,1,3,1.2
13,Jet_fgas-4sigma,10.75,10.875,ok,False,1.7771,10000,5770,9404,0,0,1,3,1.2
13,Jet_fgas-4sigma,10.875,11.0,ok,False,1.6109,10000,6212,9414,0,0,1,3,1.2
13,Jet_fgas-4sigma,11.0,11.125,ok,False,1.4661,10000,6584,9482,0,0,1,3,1.2
13,Jet_fgas-4sigma,11.125,11.25,ok,False,1.3315,10000,6994,9554,0,0,1,3,1.2
13,Jet_fgas-4sigma,11.25,11.375,ok,False,1.2179,10000,7585,9693,0,0,1,4,1.3
13,Jet_fgas-4sigma,11.375,11.5,ok,False,1.1139,10000,8232,9959,0,0,2,5,1.3
13,Jet_fgas-4sigma,11.5,11.625,ok,False,1.0126,10000,8988,10000,0,0,2,6,1.3
13,Jet_fgas-4sigma,11.625,11.75,ok,False,0.9198,10000,9452,10000,0,0,3,8,1.4
13,Jet_fgas-4sigma,11.75,11.875,ok,False,0.8349,10000,9797,10000,0,0,4,10,1.4
13,Jet_fgas-4sigma,11.875,12.0,ok,False,0.7599,10000,9941,10000,0,0,5,13,1.3
13,Jet_fgas-4sigma,12.0,12.125,ok,False,0.6899,10000,9983,10000,0,0,7,17,1.4
13,Jet_fgas-4sigma,12.125,12.25,ok,False,0.6273,10000,9999,10000,0,0,9,22,1.3
13,Jet_fgas-4sigma,12.25,12.375,ok,False,0.5702,10000,10000,10000,0,0,12,28,1.4
13,Jet_fgas-4sigma,12.375,12.5,ok,False,0.5190,7344,7344,7344,0,0,16,37,1.1
13,Jet_fgas-4sigma,12.5,12.625,ok,False,0.4708,3948,3948,3948,0,0,22,48,0.8
13,Jet_fgas-4sigma,12.625,12.75,ok,False,0.4284,1940,1940,1940,0,0,28,64,0.6
13,Jet_fgas-4sigma,12.75,12.875,ok,False,0.3897,843,843,843,0,0,37,84,0.5
13,Jet_fgas-4sigma,12.875,13.0,ok,False,0.3535,359,359,359,0,0,50,109,0.3
13,Jet_fgas-4sigma,13.0,13.125,ok,False,0.3207,124,124,124,0,0,64,142,0.2
13,Jet_fgas-4sigma,13.125,13.25,ok,True,0.2958,52,52,52,0,0,84,194,0.1
13,Jet_fgas-4sigma,13.25,13.375,ok,True,0.2634,16,16,16,0,0,116,251,0.1
13,Jet_fgas-4sigma,13.375,13.5,ok,False,0.2424,1,1,1,37,14,149,371,0.0
13,Jet_fgas-4sigma,13.5,13.625,ok,False,0.2234,2,2,2,15,3,183,386,0.0
13,Jet_fgas-4sigma,13.625,13.75,ok,False,0.2021,1,1,1,27,11,222,490,0.0
13,Jet_fgas-4sigma,13.75,13.875,no_halos,False,nan,0,0,0,0,0,0,0,0.0
13,Jet_fgas-4sigma,13.875,14.0,no_halos,False,nan,0,0,0,0,0,0,0,0.0
13,Jet_fgas-4sigma,14.0,14.125,no_halos,False,nan,0,0,0,0,0,0,0,0.0
13,Jet_fgas-4sigma,14.125,14.25,no_halos,False,nan,0,0,0,0,0,0,0,0.0
13,Jet_fgas-4sigma,14.25,14.375,no_halos,False,nan,0,0,0,0,0,0,0,0.0
13,Jet_fgas-4sigma,14.375,14.5,no_halos,False,nan,0,0,0,0,0,0,0,0.0
13,Jet_fgas-4sigma,14.5,14.625,no_halos,False,nan,0,0,0,0,0,0,0,0.0
13,Jet_fgas-4sigma,14.625,14.75,no_halos,False,nan,0,0,0,0,0,0,0,0.0
13,Jet_fgas-4sigma,14.75,14.875,no_halos,False,nan,0,0,0,0,0,0,0,0.0
13,Jet_fgas-4sigma,14.875,15.0,no_halos,False,nan,0,0,0,0,0,0,0,0.0
17,Jet_fgas-4sigma,10.0,10.125,ok,False,3.1335,1002,399,956,11,0,0,3,0.9
17,Jet_fgas-4sigma,10.125,10.25,ok,False,2.8455,486,202,457,26,0,0,3,0.7
17,Jet_fgas-4sigma,10.25,10.375,ok,False,2.6786,2827,1181,2676,0,0,0,3,1.0
17,Jet_fgas-4sigma,10.375,10.5,ok,False,2.4228,5892,2719,5552,0,0,0,3,1.3
17,Jet_fgas-4sigma,10.5,10.625,ok,False,2.1594,10000,5027,9422,0,0,1,3,1.6
17,Jet_fgas-4sigma,10.625,10.75,ok,False,1.9622,10000,5302,9416,0,0,1,3,1.6
17,Jet_fgas-4sigma,10.75,10.875,ok,False,1.7875,10000,5819,9442,0,0,1,3,1.6
17,Jet_fgas-4sigma,10.875,11.0,ok,False,1.6195,10000,6215,9445,0,0,1,3,1.6
17,Jet_fgas-4sigma,11.0,11.125,ok,False,1.4709,10000,6593,9499,0,0,1,3,1.6
17,Jet_fgas-4sigma,11.125,11.25,ok,False,1.3373,10000,7007,9517,0,0,1,3,1.7
17,Jet_fgas-4sigma,11.25,11.375,ok,False,1.2236,10000,7406,9708,0,0,1,4,1.7
17,Jet_fgas-4sigma,11.375,11.5,ok,False,1.1194,10000,8158,9949,0,0,2,5,1.7
17,Jet_fgas-4sigma,11.5,11.625,ok,False,1.0172,10000,8819,10000,0,0,2,6,1.7
17,Jet_fgas-4sigma,11.625,11.75,ok,False,0.9236,10000,9382,10000,0,0,3,8,1.7
17,Jet_fgas-4sigma,11.75,11.875,ok,False,0.8395,10000,9720,10000,0,0,4,10,1.8
17,Jet_fgas-4sigma,11.875,12.0,ok,False,0.7624,10000,9918,10000,0,0,5,13,1.8
17,Jet_fgas-4sigma,12.0,12.125,ok,False,0.6930,10000,9971,10000,0,0,7,16,1.7
17,Jet_fgas-4sigma,12.125,12.25,ok,False,0.6299,10000,9998,10000,0,0,9,21,1.8
17,Jet_fgas-4sigma,12.25,12.375,ok,False,0.5730,10000,10000,10000,0,0,12,28,1.8
17,Jet_fgas-4sigma,12.375,12.5,ok,False,0.5202,10000,10000,10000,0,0,16,36,1.9
17,Jet_fgas-4sigma,12.5,12.625,ok,False,0.4733,10000,10000,10000,0,0,21,46,2.0
17,Jet_fgas-4sigma,12.625,12.75,ok,False,0.4300,10000,10000,10000,0,0,28,61,2.0
17,Jet_fgas-4sigma,12.75,12.875,ok,False,0.3910,5721,5721,5721,0,0,37,80,1.5
17,Jet_fgas-4sigma,12.875,13.0,ok,False,0.3551,3111,3111,3111,0,0,49,106,1.2
17,Jet_fgas-4sigma,13.0,13.125,ok,False,0.3230,1568,1568,1568,0,0,64,140,1.0
17,Jet_fgas-4sigma,13.125,13.25,ok,True,0.2939,787,787,787,0,0,85,184,0.8
17,Jet_fgas-4sigma,13.25,13.375,ok,True,0.2668,288,288,288,0,0,112,242,0.5
17,Jet_fgas-4sigma,13.375,13.5,ok,True,0.2429,155,155,155,0,0,147,329,0.4
17,Jet_fgas-4sigma,13.5,13.625,ok,True,0.2208,50,50,50,0,0,187,420,0.2
17,Jet_fgas-4sigma,13.625,13.75,ok,True,0.1984,16,16,16,0,0,280,624,0.1
17,Jet_fgas-4sigma,13.75,13.875,ok,False,0.1805,2,2,2,5,0,329,760,0.1
17,Jet_fgas-4sigma,13.875,14.0,no_halos,False,nan,0,0,0,0,0,0,0,0.1
17,Jet_fgas-4sigma,14.0,14.125,no_halos,False,nan,0,0,0,0,0,0,0,0.1
17,Jet_fgas-4sigma,14.125,14.25,no_halos,False,nan,0,0,0,0,0,0,0,0.1
17,Jet_fgas-4sigma,14.25,14.375,no_halos,False,nan,0,0,0,0,0,0,0,0.1
17,Jet_fgas-4sigma,14.375,14.5,no_halos,False,nan,0,0,0,0,0,0,0,0.1
17,Jet_fgas-4sigma,14.5,14.625,no_halos,False,nan,0,0,0,0,0,0,0,0.1
17,Jet_fgas-4sigma,14.625,14.75,no_halos,False,nan,0,0,0,0,0,0,0,0.1
17,Jet_fgas-4sigma,14.75,14.875,no_halos,False,nan,0,0,0,0,0,0,0,0.1
17,Jet_fgas-4sigma,14.875,15.0,no_halos,False,nan,0,0,0,0,0,0,0,0.1
37,Jet_fgas-4sigma,10.0,10.125,ok,False,2.4362,809,301,756,12,0,0,3,1.2
37,Jet_fgas-4sigma,10.125,10.25,ok,False,2.2095,452,174,429,31,0,0,3,0.8
37,Jet_fgas-4sigma,10.25,10.375,ok,False,2.0846,3472,1426,3262,0,0,0,3,1.6
37,Jet_fgas-4sigma,10.375,10.5,ok,False,1.8854,7760,3494,7247,0,0,0,3,2.0
37,Jet_fgas-4sigma,10.5,10.625,ok,False,1.6797,10000,4923,9389,0,0,0,3,2.2
37,Jet_fgas-4sigma,10.625,10.75,ok,False,1.5276,10000,5320,9304,0,0,1,3,2.2
37,Jet_fgas-4sigma,10.75,10.875,ok,False,1.3911,10000,5662,9298,0,0,1,3,2.2
37,Jet_fgas-4sigma,10.875,11.0,ok,False,1.2597,10000,6067,9365,0,0,1,3,2.4
37,Jet_fgas-4sigma,11.0,11.125,ok,False,1.1463,10000,6539,9376,0,0,1,3,2.3
37,Jet_fgas-4sigma,11.125,11.25,ok,False,1.0423,10000,6795,9398,0,0,1,3,2.3
37,Jet_fgas-4sigma,11.25,11.375,ok,False,0.9542,10000,7163,9525,0,0,1,3,2.3
37,Jet_fgas-4sigma,11.375,11.5,ok,False,0.8701,10000,7994,9947,0,0,2,4,2.3
37,Jet_fgas-4sigma,11.5,11.625,ok,False,0.7914,10000,8689,10000,0,0,2,6,2.4
37,Jet_fgas-4sigma,11.625,11.75,ok,False,0.7184,10000,9271,10000,0,0,3,7,2.4
37,Jet_fgas-4sigma,11.75,11.875,ok,False,0.6534,10000,9654,10000,0,0,4,9,2.4
37,Jet_fgas-4sigma,11.875,12.0,ok,False,0.5936,10000,9877,10000,0,0,5,12,2.4
37,Jet_fgas-4sigma,12.0,12.125,ok,False,0.5388,10000,9973,10000,0,0,7,16,2.4
37,Jet_fgas-4sigma,12.125,12.25,ok,False,0.4898,10000,9993,10000,0,0,9,20,2.4
37,Jet_fgas-4sigma,12.25,12.375,ok,False,0.4450,10000,9998,10000,0,0,11,26,2.4
37,Jet_fgas-4sigma,12.375,12.5,ok,False,0.4049,10000,10000,10000,0,0,15,33,2.5
37,Jet_fgas-4sigma,12.5,12.625,ok,False,0.3679,10000,10000,10000,0,0,20,43,2.5
37,Jet_fgas-4sigma,12.625,12.75,ok,False,0.3342,10000,10000,10000,0,0,27,56,2.6
37,Jet_fgas-4sigma,12.75,12.875,ok,False,0.3035,10000,10000,10000,0,0,35,74,2.6
37,Jet_fgas-4sigma,12.875,13.0,ok,True,0.2762,10000,10000,10000,0,0,47,98,2.7
37,Jet_fgas-4sigma,13.0,13.125,ok,True,0.2509,8842,8842,8842,0,0,62,130,2.6
37,Jet_fgas-4sigma,13.125,13.25,ok,True,0.2280,5344,5344,5344,0,0,82,172,2.2
37,Jet_fgas-4sigma,13.25,13.375,ok,True,0.2072,3039,3039,3039,0,0,107,228,1.8
37,Jet_fgas-4sigma,13.375,13.5,ok,True,0.1881,1786,1786,1786,0,0,144,304,1.6
37,Jet_fgas-4sigma,13.5,13.625,ok,True,0.1715,891,891,891,0,0,189,403,1.2
37,Jet_fgas-4sigma,13.625,13.75,ok,True,0.1558,440,440,440,0,0,246,534,0.8
37,Jet_fgas-4sigma,13.75,13.875,ok,True,0.1418,202,202,202,0,0,338,714,0.5
37,Jet_fgas-4sigma,13.875,14.0,ok,True,0.1293,91,91,91,0,0,433,934,0.3
37,Jet_fgas-4sigma,14.0,14.125,ok,True,0.1177,33,33,33,0,0,586,1259,0.2
37,Jet_fgas-4sigma,14.125,14.25,ok,True,0.1056,12,12,12,0,0,664,1462,0.2
37,Jet_fgas-4sigma,14.25,14.375,ok,False,0.0962,2,2,2,1,3,922,1937,0.1
37,Jet_fgas-4sigma,14.375,14.5,no_halos,False,nan,0,0,0,0,0,0,0,0.1
37,Jet_fgas-4sigma,14.5,14.625,no_halos,False,nan,0,0,0,0,0,0,0,0.1
37,Jet_fgas-4sigma,14.625,14.75,no_halos,False,nan,0,0,0,0,0,0,0,0.1
37,Jet_fgas-4sigma,14.75,14.875,no_halos,False,nan,0,0,0,0,0,0,0,0.1
37,Jet_fgas-4sigma,14.875,15.0,no_halos,False,nan,0,0,0,0,0,0,0,0.1
47,Jet_fgas-4sigma,10.0,10.125,ok,False,2.0661,443,169,402,25,0,0,3,1.1
47,Jet_fgas-4sigma,10.125,10.25,ok,False,1.8648,265,98,244,44,2,0,3,0.7
47,Jet_fgas-4sigma,10.25,10.375,ok,False,1.7687,2436,995,2263,0,0,0,3,1.7
47,Jet_fgas-4sigma,10.375,10.5,ok,False,1.6013,5832,2625,5386,0,0,0,3,2.0
47,Jet_fgas-4sigma,10.5,10.625,ok,False,1.4253,10000,4753,9291,0,0,0,3,2.3
47,Jet_fgas-4sigma,10.625,10.75,ok,False,1.2956,10000,5237,9243,0,0,1,3,2.4
47,Jet_fgas-4sigma,10.75,10.875,ok,False,1.1803,10000,5539,9212,0,0,1,3,2.4
47,Jet_fgas-4sigma,10.875,11.0,ok,False,1.0710,10000,6004,9191,0,0,1,3,2.4
47,Jet_fgas-4sigma,11.0,11.125,ok,False,0.9728,10000,6407,9204,0,0,1,3,2.4
47,Jet_fgas-4sigma,11.125,11.25,ok,False,0.8830,10000,6505,9216,0,0,1,3,2.5
47,Jet_fgas-4sigma,11.25,11.375,ok,False,0.8107,10000,6972,9416,0,0,1,3,2.4
47,Jet_fgas-4sigma,11.375,11.5,ok,False,0.7388,10000,7751,9914,0,0,1,4,2.5
47,Jet_fgas-4sigma,11.5,11.625,ok,False,0.6709,10000,8507,10000,0,0,2,5,2.4
47,Jet_fgas-4sigma,11.625,11.75,ok,False,0.6099,10000,9142,10000,0,0,3,7,2.6
47,Jet_fgas-4sigma,11.75,11.875,ok,False,0.5538,10000,9587,10000,0,0,3,9,2.6
47,Jet_fgas-4sigma,11.875,12.0,ok,False,0.5040,10000,9819,10000,0,0,5,11,2.6
47,Jet_fgas-4sigma,12.0,12.125,ok,False,0.4581,10000,9952,10000,0,0,6,15,2.5
47,Jet_fgas-4sigma,12.125,12.25,ok,False,0.4151,10000,9991,10000,0,0,8,19,2.6
47,Jet_fgas-4sigma,12.25,12.375,ok,False,0.3775,10000,9999,10000,0,0,11,24,2.6
47,Jet_fgas-4sigma,12.375,12.5,ok,False,0.3433,10000,10000,10000,0,0,15,31,2.6
47,Jet_fgas-4sigma,12.5,12.625,ok,False,0.3121,10000,10000,10000,0,0,19,40,2.6
47,Jet_fgas-4sigma,12.625,12.75,ok,True,0.2833,10000,10000,10000,0,0,26,52,2.7
47,Jet_fgas-4sigma,12.75,12.875,ok,True,0.2574,10000,10000,10000,0,0,34,69,2.8
47,Jet_fgas-4sigma,12.875,13.0,ok,True,0.2338,10000,10000,10000,0,0,45,91,2.9
47,Jet_fgas-4sigma,13.0,13.125,ok,True,0.2127,10000,10000,10000,0,0,60,121,3.0
47,Jet_fgas-4sigma,13.125,13.25,ok,True,0.1933,10000,10000,10000,0,0,79,162,3.1
47,Jet_fgas-4sigma,13.25,13.375,ok,True,0.1756,6612,6612,6612,0,0,104,217,2.7
47,Jet_fgas-4sigma,13.375,13.5,ok,True,0.1596,4035,4035,4035,0,0,138,290,2.3
47,Jet_fgas-4sigma,13.5,13.625,ok,True,0.1450,2471,2471,2471,0,0,184,388,1.9
47,Jet_fgas-4sigma,13.625,13.75,ok,True,0.1319,1479,1479,1479,0,0,242,513,1.7
47,Jet_fgas-4sigma,13.75,13.875,ok,True,0.1198,747,747,747,0,0,321,686,1.3
47,Jet_fgas-4sigma,13.875,14.0,ok,True,0.1089,394,394,394,0,0,422,906,0.9
47,Jet_fgas-4sigma,14.0,14.125,ok,True,0.0993,194,194,194,0,0,552,1184,0.6
47,Jet_fgas-4sigma,14.125,14.25,ok,True,0.0900,82,82,82,0,0,698,1550,0.4
47,Jet_fgas-4sigma,14.25,14.375,ok,True,0.0827,28,28,28,0,0,930,1994,0.2
47,Jet_fgas-4sigma,14.375,14.5,ok,True,0.0728,10,10,10,0,0,1215,2630,0.2
47,Jet_fgas-4sigma,14.5,14.625,ok,True,0.0652,2,2,2,0,0,2100,4632,0.1
47,Jet_fgas-4sigma,14.625,14.75,ok,False,0.0625,1,1,1,3,0,1754,3995,0.1
47,Jet_fgas-4sigma,14.75,14.875,no_halos,False,nan,0,0,0,0,0,0,0,0.1
47,Jet_fgas-4sigma,14.875,15.0,no_halos,False,nan,0,0,0,0,0,0,0,0.1
57,Jet_fgas-4sigma,10.0,10.125,ok,False,1.7199,171,68,154,52,14,0,3,0.7
57,Jet_fgas-4sigma,10.125,10.25,ok,False,1.5423,120,52,113,55,15,0,3,0.5
57,Jet_fgas-4sigma,10.25,10.375,ok,False,1.4684,1402,542,1251,1,0,0,2,1.6
57,Jet_fgas-4sigma,10.375,10.5,ok,False,1.3303,3299,1390,2985,0,0,0,3,1.8
57,Jet_fgas-4sigma,10.5,10.625,ok,False,1.1851,7631,3581,6880,0,0,0,3,2.3
57,Jet_fgas-4sigma,10.625,10.75,ok,False,1.0771,10000,5016,8934,0,0,1,2,2.4
57,Jet_fgas-4sigma,10.75,10.875,ok,False,0.9799,10000,5352,9007,0,0,1,2,2.5
57,Jet_fgas-4sigma,10.875,11.0,ok,False,0.8877,10000,5727,8983,0,0,1,2,2.4
57,Jet_fgas-4sigma,11.0,11.125,ok,False,0.8065,10000,5960,8999,0,0,1,2,2.5
57,Jet_fgas-4sigma,11.125,11.25,ok,False,0.7330,10000,6233,8916,0,0,1,2,2.5
57,Jet_fgas-4sigma,11.25,11.375,ok,False,0.6728,10000,6587,9235,0,0,1,3,2.5
57,Jet_fgas-4sigma,11.375,11.5,ok,False,0.6144,10000,7540,9878,0,0,1,4,2.6
57,Jet_fgas-4sigma,11.5,11.625,ok,False,0.5579,10000,8290,10000,0,0,2,5,2.6
57,Jet_fgas-4sigma,11.625,11.75,ok,False,0.5064,10000,8954,10000,0,0,2,6,2.7
57,Jet_fgas-4sigma,11.75,11.875,ok,False,0.4605,10000,9504,10000,0,0,3,8,2.6
57,Jet_fgas-4sigma,11.875,12.0,ok,False,0.4177,10000,9760,10000,0,0,4,10,2.7
57,Jet_fgas-4sigma,12.0,12.125,ok,False,0.3802,10000,9925,10000,0,0,6,13,2.7
57,Jet_fgas-4sigma,12.125,12.25,ok,False,0.3454,10000,9976,10000,0,0,8,17,2.6
57,Jet_fgas-4sigma,12.25,12.375,ok,False,0.3138,10000,9997,10000,0,0,10,21,2.7
57,Jet_fgas-4sigma,12.375,12.5,ok,True,0.2854,10000,10000,10000,0,0,13,27,2.7
57,Jet_fgas-4sigma,12.5,12.625,ok,True,0.2588,10000,10000,10000,0,0,18,35,2.7
57,Jet_fgas-4sigma,12.625,12.75,ok,True,0.2354,10000,10000,10000,0,0,24,47,2.8
57,Jet_fgas-4sigma,12.75,12.875,ok,True,0.2138,10000,10000,10000,0,0,32,62,2.8
57,Jet_fgas-4sigma,12.875,13.0,ok,True,0.1942,10000,10000,10000,0,0,42,82,3.0
57,Jet_fgas-4sigma,13.0,13.125,ok,True,0.1766,10000,10000,10000,0,0,56,110,3.0
57,Jet_fgas-4sigma,13.125,13.25,ok,True,0.1606,10000,10000,10000,0,0,75,147,3.1
57,Jet_fgas-4sigma,13.25,13.375,ok,True,0.1457,10000,10000,10000,0,0,98,198,3.3
57,Jet_fgas-4sigma,13.375,13.5,ok,True,0.1325,7361,7361,7361,0,0,131,264,2.9
57,Jet_fgas-4sigma,13.5,13.625,ok,True,0.1205,4908,4908,4908,0,0,173,357,2.6
57,Jet_fgas-4sigma,13.625,13.75,ok,True,0.1093,3110,3110,3110,0,0,228,476,2.2
57,Jet_fgas-4sigma,13.75,13.875,ok,True,0.0996,1969,1969,1969,0,0,301,633,2.0
57,Jet_fgas-4sigma,13.875,14.0,ok,True,0.0905,1189,1189,1189,0,0,398,850,1.7
57,Jet_fgas-4sigma,14.0,14.125,ok,True,0.0822,677,677,677,0,0,543,1161,1.4
57,Jet_fgas-4sigma,14.125,14.25,ok,True,0.0747,380,380,380,0,0,700,1522,1.0
57,Jet_fgas-4sigma,14.25,14.375,ok,True,0.0682,199,199,199,0,0,890,1954,0.7
57,Jet_fgas-4sigma,14.375,14.5,ok,True,0.0614,72,72,72,0,0,1204,2636,0.4
57,Jet_fgas-4sigma,14.5,14.625,ok,True,0.0557,33,33,33,0,0,1600,3392,0.3
57,Jet_fgas-4sigma,14.625,14.75,ok,True,0.0500,10,10,10,0,0,2269,4893,0.2
57,Jet_fgas-4sigma,14.75,14.875,ok,True,0.0461,6,6,6,0,0,3031,6673,0.2
57,Jet_fgas-4sigma,14.875,15.0,no_halos,False,nan,0,0,0,0,0,0,0,0.1
62,Jet_fgas-4sigma,10.0,10.125,ok,False,1.5506,90,33,80,66,32,0,2,0.5
62,Jet_fgas-4sigma,10.125,10.25,ok,False,1.3980,62,12,55,87,28,0,2,0.4
62,Jet_fgas-4sigma,10.25,10.375,ok,False,1.3309,903,340,789,4,0,0,2,1.4
62,Jet_fgas-4sigma,10.375,10.5,ok,False,1.2035,2159,887,1897,0,0,0,2,1.7
62,Jet_fgas-4sigma,10.5,10.625,ok,False,1.0724,5084,2260,4467,0,0,0,2,2.0
62,Jet_fgas-4sigma,10.625,10.75,ok,False,0.9751,10000,4809,8792,0,0,0,2,2.5
62,Jet_fgas-4sigma,10.75,10.875,ok,False,0.8872,10000,5053,8733,0,0,1,2,2.5
62,Jet_fgas-4sigma,10.875,11.0,ok,False,0.8027,10000,5505,8795,0,0,1,2,2.4
62,Jet_fgas-4sigma,11.0,11.125,ok,False,0.7296,10000,5690,8757,0,0,1,2,2.5
62,Jet_fgas-4sigma,11.125,11.25,ok,False,0.6633,10000,5942,8706,0,0,1,2,2.4
62,Jet_fgas-4sigma,11.25,11.375,ok,False,0.6098,10000,6306,9056,0,0,1,2,2.5
62,Jet_fgas-4sigma,11.375,11.5,ok,False,0.5559,10000,7157,9861,0,0,1,3,2.5
62,Jet_fgas-4sigma,11.5,11.625,ok,False,0.5050,10000,8055,10000,0,0,2,4,2.6
62,Jet_fgas-4sigma,11.625,11.75,ok,False,0.4586,10000,8857,10000,0,0,2,6,2.6
62,Jet_fgas-4sigma,11.75,11.875,ok,False,0.4169,10000,9394,10000,0,0,3,7,2.6
62,Jet_fgas-4sigma,11.875,12.0,ok,False,0.3783,10000,9746,10000,0,0,4,9,2.6
62,Jet_fgas-4sigma,12.0,12.125,ok,False,0.3439,10000,9915,10000,0,0,5,12,2.6
62,Jet_fgas-4sigma,12.125,12.25,ok,False,0.3128,10000,9975,10000,0,0,7,15,2.6
62,Jet_fgas-4sigma,12.25,12.375,ok,True,0.2837,10000,9995,10000,0,0,10,20,2.6
62,Jet_fgas-4sigma,12.375,12.5,ok,True,0.2583,10000,10000,10000,0,0,13,25,2.7
62,Jet_fgas-4sigma,12.5,12.625,ok,True,0.2345,10000,10000,10000,0,0,17,33,2.7
62,Jet_fgas-4sigma,12.625,12.75,ok,True,0.2132,10000,10000,10000,0,0,23,43,2.8
62,Jet_fgas-4sigma,12.75,12.875,ok,True,0.1938,10000,10000,10000,0,0,30,57,2.8
62,Jet_fgas-4sigma,12.875,13.0,ok,True,0.1758,10000,10000,10000,0,0,39,76,2.9
62,Jet_fgas-4sigma,13.0,13.125,ok,True,0.1598,10000,10000,10000,0,0,53,102,3.0
62,Jet_fgas-4sigma,13.125,13.25,ok,True,0.1453,10000,10000,10000,0,0,70,137,3.0
62,Jet_fgas-4sigma,13.25,13.375,ok,True,0.1321,10000,10000,10000,0,0,94,185,3.2
62,Jet_fgas-4sigma,13.375,13.5,ok,True,0.1199,8643,8643,8643,0,0,125,248,3.1
62,Jet_fgas-4sigma,13.5,13.625,ok,True,0.1090,5988,5988,5988,0,0,165,336,2.7
62,Jet_fgas-4sigma,13.625,13.75,ok,True,0.0990,4083,4083,4083,0,0,222,460,2.5
62,Jet_fgas-4sigma,13.75,13.875,ok,True,0.0898,2639,2639,2639,0,0,290,607,2.3
62,Jet_fgas-4sigma,13.875,14.0,ok,True,0.0818,1723,1723,1723,0,0,387,816,2.0
62,Jet_fgas-4sigma,14.0,14.125,ok,True,0.0744,1058,1058,1058,0,0,505,1084,1.7
62,Jet_fgas-4sigma,14.125,14.25,ok,True,0.0676,595,595,595,0,0,683,1468,1.4
62,Jet_fgas-4sigma,14.25,14.375,ok,True,0.0614,348,348,348,0,0,872,1906,1.0
62,Jet_fgas-4sigma,14.375,14.5,ok,True,0.0557,168,168,168,0,0,1168,2528,0.6
62,Jet_fgas-4sigma,14.5,14.625,ok,True,0.0505,76,76,76,0,0,1516,3374,0.4
62,Jet_fgas-4sigma,14.625,14.75,ok,True,0.0465,26,26,26,0,0,2030,4476,0.2
62,Jet_fgas-4sigma,14.75,14.875,ok,True,0.0419,13,13,13,0,0,2861,6254,0.2
62,Jet_fgas-4sigma,14.875,15.0,ok,True,0.0380,3,3,3,0,0,4138,8998,0.2
67,Jet_fgas-4sigma,10.0,10.125,ok,False,1.4072,56,18,44,78,58,0,2,0.4
67,Jet_fgas-4sigma,10.125,10.25,ok,False,1.2597,42,10,34,89,50,0,2,0.3
67,Jet_fgas-4sigma,10.25,10.375,ok,False,1.2035,508,186,434,18,1,0,2,1.1
67,Jet_fgas-4sigma,10.375,10.5,ok,False,1.0876,1352,531,1128,2,0,0,2,1.5
67,Jet_fgas-4sigma,10.5,10.625,ok,False,0.9701,3328,1398,2810,0,0,0,2,1.8
67,Jet_fgas-4sigma,10.625,10.75,ok,False,0.8821,7210,3213,6094,0,0,0,2,2.1
67,Jet_fgas-4sigma,10.75,10.875,ok,False,0.8023,10000,4861,8426,0,0,0,2,2.4
67,Jet_fgas-4sigma,10.875,11.0,ok,False,0.7258,10000,5162,8443,0,0,1,2,2.4
67,Jet_fgas-4sigma,11.0,11.125,ok,False,0.6595,10000,5415,8453,0,0,1,2,2.4
67,Jet_fgas-4sigma,11.125,11.25,ok,False,0.5997,10000,5608,8380,0,0,1,2,2.4
67,Jet_fgas-4sigma,11.25,11.375,ok,False,0.5515,10000,5992,8761,0,0,1,2,2.5
67,Jet_fgas-4sigma,11.375,11.5,ok,False,0.5025,10000,6893,9827,0,0,1,3,2.5
67,Jet_fgas-4sigma,11.5,11.625,ok,False,0.4566,10000,7761,9998,0,0,1,4,2.5
67,Jet_fgas-4sigma,11.625,11.75,ok,False,0.4144,10000,8625,10000,0,0,2,5,2.5
67,Jet_fgas-4sigma,11.75,11.875,ok,False,0.3774,10000,9246,10000,0,0,3,7,2.6
67,Jet_fgas-4sigma,11.875,12.0,ok,False,0.3427,10000,9644,10000,0,0,4,8,2.6
67,Jet_fgas-4sigma,12.0,12.125,ok,False,0.3110,10000,9869,10000,0,0,5,11,2.6
67,Jet_fgas-4sigma,12.125,12.25,ok,True,0.2829,10000,9964,10000,0,0,7,13,2.6
67,Jet_fgas-4sigma,12.25,12.375,ok,True,0.2571,10000,9993,10000,0,0,9,17,2.7
67,Jet_fgas-4sigma,12.375,12.5,ok,True,0.2335,10000,9999,10000,0,0,12,22,2.7
67,Jet_fgas-4sigma,12.5,12.625,ok,True,0.2122,10000,10000,10000,0,0,16,30,2.8
67,Jet_fgas-4sigma,12.625,12.75,ok,True,0.1926,10000,10000,10000,0,0,21,39,2.7
67,Jet_fgas-4sigma,12.75,12.875,ok,True,0.1751,10000,10000,10000,0,0,28,51,2.8
67,Jet_fgas-4sigma,12.875,13.0,ok,True,0.1592,10000,10000,10000,0,0,37,69,2.8
67,Jet_fgas-4sigma,13.0,13.125,ok,True,0.1447,10000,10000,10000,0,0,49,93,2.9
67,Jet_fgas-4sigma,13.125,13.25,ok,True,0.1313,10000,10000,10000,0,0,65,124,3.0
67,Jet_fgas-4sigma,13.25,13.375,ok,True,0.1193,10000,10000,10000,0,0,87,170,3.3
67,Jet_fgas-4sigma,13.375,13.5,ok,True,0.1085,9275,9275,9275,0,0,116,229,3.2
67,Jet_fgas-4sigma,13.5,13.625,ok,True,0.0986,6570,6570,6570,0,0,154,312,2.8
67,Jet_fgas-4sigma,13.625,13.75,ok,True,0.0894,4535,4535,4535,0,0,208,426,2.5
67,Jet_fgas-4sigma,13.75,13.875,ok,True,0.0815,3174,3174,3174,0,0,274,572,2.3
67,Jet_fgas-4sigma,13.875,14.0,ok,True,0.0738,2131,2131,2131,0,0,369,782,2.1
67,Jet_fgas-4sigma,14.0,14.125,ok,True,0.0671,1412,1412,1412,0,0,490,1035,1.9
67,Jet_fgas-4sigma,14.125,14.25,ok,True,0.0611,867,867,867,0,0,645,1392,1.6
67,Jet_fgas-4sigma,14.25,14.375,ok,True,0.0553,510,510,510,0,0,876,1880,1.2
67,Jet_fgas-4sigma,14.375,14.5,ok,True,0.0507,287,287,287,0,0,1109,2424,0.9
67,Jet_fgas-4sigma,14.5,14.625,ok,True,0.0456,153,153,153,0,0,1489,3245,0.6
67,Jet_fgas-4sigma,14.625,14.75,ok,True,0.0417,74,74,74,0,0,2084,4594,0.4
67,Jet_fgas-4sigma,14.75,14.875,ok,True,0.0379,19,19,19,0,0,2501,5704,0.2
67,Jet_fgas-4sigma,14.875,15.0,ok,True,0.0345,16,16,16,0,0,3512,7555,0.2
69,Jet_fgas-4sigma,10.0,10.125,ok,False,1.3514,38,11,36,88,48,0,2,0.3
69,Jet_fgas-4sigma,10.125,10.25,ok,False,1.2151,30,10,24,88,59,0,2,0.3
69,Jet_fgas-4sigma,10.25,10.375,ok,False,1.1550,433,150,353,16,5,0,2,1.2
69,Jet_fgas-4sigma,10.375,10.5,ok,False,1.0476,1142,447,934,3,0,0,2,1.4
69,Jet_fgas-4sigma,10.5,10.625,ok,False,0.9312,2628,1087,2177,2,0,0,2,1.7
69,Jet_fgas-4sigma,10.625,10.75,ok,False,0.8468,5903,2569,4847,0,0,0,2,2.0
69,Jet_fgas-4sigma,10.75,10.875,ok,False,0.7709,10000,4776,8194,0,0,0,2,2.4
69,Jet_fgas-4sigma,10.875,11.0,ok,False,0.6977,10000,4990,8270,0,0,0,2,2.3
69,Jet_fgas-4sigma,11.0,11.125,ok,False,0.6347,10000,5268,8221,0,0,1,2,2.4
69,Jet_fgas-4sigma,11.125,11.25,ok,False,0.5765,10000,5283,8156,0,0,1,2,2.3
69,Jet_fgas-4sigma,11.25,11.375,ok,False,0.5306,10000,5697,8703,0,0,1,2,2.4
69,Jet_fgas-4sigma,11.375,11.5,ok,False,0.4828,10000,6699,9795,0,0,1,3,2.5
69,Jet_fgas-4sigma,11.5,11.625,ok,False,0.4382,10000,7624,9999,0,0,1,4,2.4
69,Jet_fgas-4sigma,11.625,11.75,ok,False,0.3986,10000,8527,10000,0,0,2,5,2.5
69,Jet_fgas-4sigma,11.75,11.875,ok,False,0.3624,10000,9149,10000,0,0,3,6,2.5
69,Jet_fgas-4sigma,11.875,12.0,ok,False,0.3292,10000,9618,10000,0,0,3,8,2.4
69,Jet_fgas-4sigma,12.0,12.125,ok,True,0.2988,10000,9854,10000,0,0,5,10,2.5
69,Jet_fgas-4sigma,12.125,12.25,ok,True,0.2719,10000,9955,10000,0,0,6,13,2.6
69,Jet_fgas-4sigma,12.25,12.375,ok,True,0.2469,10000,9987,10000,0,0,8,17,2.5
69,Jet_fgas-4sigma,12.375,12.5,ok,True,0.2245,10000,9999,10000,0,0,11,21,2.6
69,Jet_fgas-4sigma,12.5,12.625,ok,True,0.2040,10000,10000,10000,0,0,15,28,2.6
69,Jet_fgas-4sigma,12.625,12.75,ok,True,0.1853,10000,10000,10000,0,0,20,37,2.7
69,Jet_fgas-4sigma,12.75,12.875,ok,True,0.1685,10000,10000,10000,0,0,27,49,2.7
69,Jet_fgas-4sigma,12.875,13.0,ok,True,0.1530,10000,10000,10000,0,0,36,66,2.8
69,Jet_fgas-4sigma,13.0,13.125,ok,True,0.1390,10000,10000,10000,0,0,47,89,2.7
69,Jet_fgas-4sigma,13.125,13.25,ok,True,0.1263,10000,10000,10000,0,0,63,119,2.9
69,Jet_fgas-4sigma,13.25,13.375,ok,True,0.1148,10000,10000,10000,0,0,84,161,3.1
69,Jet_fgas-4sigma,13.375,13.5,ok,True,0.1042,8793,8793,8793,0,0,111,219,3.0
69,Jet_fgas-4sigma,13.5,13.625,ok,True,0.0947,6512,6512,6512,0,0,150,300,2.8
69,Jet_fgas-4sigma,13.625,13.75,ok,True,0.0860,4512,4512,4512,0,0,203,414,2.5
69,Jet_fgas-4sigma,13.75,13.875,ok,True,0.0781,3345,3345,3345,0,0,268,555,2.3
69,Jet_fgas-4sigma,13.875,14.0,ok,True,0.0711,2226,2226,2226,0,0,358,751,2.1
69,Jet_fgas-4sigma,14.0,14.125,ok,True,0.0645,1501,1501,1501,0,0,468,1001,1.9
69,Jet_fgas-4sigma,14.125,14.25,ok,True,0.0585,970,970,970,0,0,637,1368,1.7
69,Jet_fgas-4sigma,14.25,14.375,ok,True,0.0533,562,562,562,0,0,843,1822,1.3
69,Jet_fgas-4sigma,14.375,14.5,ok,True,0.0487,359,359,359,0,0,1101,2390,1.0
69,Jet_fgas-4sigma,14.5,14.625,ok,True,0.0440,168,168,168,0,0,1407,3092,0.6
69,Jet_fgas-4sigma,14.625,14.75,ok,True,0.0402,96,96,96,0,0,1922,4282,0.5
69,Jet_fgas-4sigma,14.75,14.875,ok,True,0.0364,30,30,30,0,0,2696,5980,0.3
69,Jet_fgas-4sigma,14.875,15.0,ok,True,0.0335,17,17,17,0,0,3110,7058,0.2
71,Jet_fgas-4sigma,10.0,10.125,ok,False,1.2985,26,11,19,89,73,0,2,0.3
71,Jet_fgas-4sigma,10.125,10.25,ok,False,1.1719,31,10,24,92,63,0,2,0.3
71,Jet_fgas-4sigma,10.25,10.375,ok,False,1.1118,369,143,302,19,9,0,2,1.0
71,Jet_fgas-4sigma,10.375,10.5,ok,False,1.0084,958,368,771,5,0,0,2,1.3
71,Jet_fgas-4sigma,10.5,10.625,ok,False,0.8980,2230,890,1782,4,0,0,2,1.6
71,Jet_fgas-4sigma,10.625,10.75,ok,False,0.8159,4925,2100,3919,0,0,0,2,1.8
71,Jet_fgas-4sigma,10.75,10.875,ok,False,0.7421,10000,4425,7969,0,0,0,2,2.3
71,Jet_fgas-4sigma,10.875,11.0,ok,False,0.6715,10000,4800,8027,0,0,0,2,2.3
71,Jet_fgas-4sigma,11.0,11.125,ok,False,0.6101,10000,4944,7994,0,0,0,2,2.2
71,Jet_fgas-4sigma,11.125,11.25,ok,False,0.5539,10000,5076,7997,0,0,1,2,2.3
71,Jet_fgas-4sigma,11.25,11.375,ok,False,0.5101,10000,5529,8573,0,0,1,2,2.2
71,Jet_fgas-4sigma,11.375,11.5,ok,False,0.4641,10000,6570,9804,0,0,1,3,2.4
71,Jet_fgas-4sigma,11.5,11.625,ok,False,0.4224,10000,7582,9996,0,0,1,4,2.4
71,Jet_fgas-4sigma,11.625,11.75,ok,False,0.3837,10000,8324,10000,0,0,2,5,2.4
71,Jet_fgas-4sigma,11.75,11.875,ok,False,0.3485,10000,9101,10000,0,0,2,6,2.5
71,Jet_fgas-4sigma,11.875,12.0,ok,False,0.3168,10000,9565,10000,0,0,3,7,2.5
71,Jet_fgas-4sigma,12.0,12.125,ok,True,0.2880,10000,9835,10000,0,0,4,10,2.4
71,Jet_fgas-4sigma,12.125,12.25,ok,True,0.2612,10000,9949,10000,0,0,6,12,2.5
71,Jet_fgas-4sigma,12.25,12.375,ok,True,0.2375,10000,9985,10000,0,0,8,15,2.5
71,Jet_fgas-4sigma,12.375,12.5,ok,True,0.2159,10000,9999,10000,0,0,11,20,2.6
71,Jet_fgas-4sigma,12.5,12.625,ok,True,0.1963,10000,10000,10000,0,0,14,26,2.6
71,Jet_fgas-4sigma,12.625,12.75,ok,True,0.1781,10000,10000,10000,0,0,19,35,2.6
71,Jet_fgas-4sigma,12.75,12.875,ok,True,0.1620,10000,10000,10000,0,0,26,46,2.8
71,Jet_fgas-4sigma,12.875,13.0,ok,True,0.1473,10000,10000,10000,0,0,34,62,2.7
71,Jet_fgas-4sigma,13.0,13.125,ok,True,0.1336,10000,10000,10000,0,0,45,84,2.8
71,Jet_fgas-4sigma,13.125,13.25,ok,True,0.1216,10000,10000,10000,0,0,61,114,2.9
71,Jet_fgas-4sigma,13.25,13.375,ok,True,0.1103,10000,10000,10000,0,0,81,154,3.0
71,Jet_fgas-4sigma,13.375,13.5,ok,True,0.1002,8414,8414,8414,0,0,109,211,2.9
71,Jet_fgas-4sigma,13.5,13.625,ok,True,0.0911,6152,6152,6152,0,0,145,287,2.6
71,Jet_fgas-4sigma,13.625,13.75,ok,True,0.0828,4472,4472,4472,0,0,194,393,2.4
71,Jet_fgas-4sigma,13.75,13.875,ok,True,0.0752,3358,3358,3358,0,0,260,538,2.2
71,Jet_fgas-4sigma,13.875,14.0,ok,True,0.0684,2254,2254,2254,0,0,348,731,2.0
71,Jet_fgas-4sigma,14.0,14.125,ok,True,0.0621,1557,1557,1557,0,0,458,974,1.9
71,Jet_fgas-4sigma,14.125,14.25,ok,True,0.0565,999,999,999,0,0,609,1311,1.6
71,Jet_fgas-4sigma,14.25,14.375,ok,True,0.0514,640,640,640,0,0,813,1764,1.4
71,Jet_fgas-4sigma,14.375,14.5,ok,True,0.0468,404,404,404,0,0,1082,2354,1.1
71,Jet_fgas-4sigma,14.5,14.625,ok,True,0.0426,194,194,194,0,0,1410,3091,0.7
71,Jet_fgas-4sigma,14.625,14.75,ok,True,0.0386,105,105,105,0,0,1858,4042,0.5
71,Jet_fgas-4sigma,14.75,14.875,ok,True,0.0349,51,51,51,0,0,2610,5757,0.3
71,Jet_fgas-4sigma,14.875,15.0,ok,True,0.0317,18,18,18,0,0,3047,6798,0.2
73,Jet_fgas-4sigma,10.0,10.125,ok,False,1.2606,18,3,17,97,69,0,3,0.2
73,Jet_fgas-4sigma,10.125,10.25,ok,False,1.1263,26,9,23,89,66,0,2,0.2
73,Jet_fgas-4sigma,10.25,10.375,ok,False,1.0734,281,87,221,40,14,0,1,0.8
73,Jet_fgas-4sigma,10.375,10.5,ok,False,0.9711,747,274,593,8,1,0,1,1.2
73,Jet_fgas-4sigma,10.5,10.625,ok,False,0.8647,1813,689,1409,4,1,0,1,1.5
73,Jet_fgas-4sigma,10.625,10.75,ok,False,0.7870,3909,1626,3082,0,0,0,1,1.7
73,Jet_fgas-4sigma,10.75,10.875,ok,False,0.7147,10000,4324,7870,0,0,0,1,2.3
73,Jet_fgas-4sigma,10.875,11.0,ok,False,0.6463,10000,4638,7813,0,0,0,1,2.2
73,Jet_fgas-4sigma,11.0,11.125,ok,False,0.5880,10000,4862,7833,0,0,0,2,2.3
73,Jet_fgas-4sigma,11.125,11.25,ok,False,0.5347,10000,4933,7845,0,0,0,1,2.3
73,Jet_fgas-4sigma,11.25,11.375,ok,False,0.4915,10000,5471,8405,0,0,1,2,2.3
73,Jet_fgas-4sigma,11.375,11.5,ok,False,0.4476,10000,6285,9788,0,0,1,3,2.3
73,Jet_fgas-4sigma,11.5,11.625,ok,False,0.4066,10000,7327,9999,0,0,1,3,2.4
73,Jet_fgas-4sigma,11.625,11.75,ok,False,0.3696,10000,8163,10000,0,0,2,4,2.3
73,Jet_fgas-4sigma,11.75,11.875,ok,False,0.3355,10000,9006,10000,0,0,2,6,2.4
73,Jet_fgas-4sigma,11.875,12.0,ok,False,0.3049,10000,9476,10000,0,0,3,7,2.4
73,Jet_fgas-4sigma,12.0,12.125,ok,True,0.2771,10000,9808,10000,0,0,4,9,2.3
73,Jet_fgas-4sigma,12.125,12.25,ok,True,0.2519,10000,9946,10000,0,0,6,11,2.5
73,Jet_fgas-4sigma,12.25,12.375,ok,True,0.2289,10000,9987,10000,0,0,8,14,2.5
73,Jet_fgas-4sigma,12.375,12.5,ok,True,0.2081,10000,9998,10000,0,0,10,19,2.5
73,Jet_fgas-4sigma,12.5,12.625,ok,True,0.1890,10000,10000,10000,0,0,14,25,2.6
73,Jet_fgas-4sigma,12.625,12.75,ok,True,0.1719,10000,10000,10000,0,0,18,33,2.6
73,Jet_fgas-4sigma,12.75,12.875,ok,True,0.1562,10000,10000,10000,0,0,24,44,2.6
73,Jet_fgas-4sigma,12.875,13.0,ok,True,0.1418,10000,10000,10000,0,0,33,58,2.7
73,Jet_fgas-4sigma,13.0,13.125,ok,True,0.1288,10000,10000,10000,0,0,44,80,2.8
73,Jet_fgas-4sigma,13.125,13.25,ok,True,0.1169,10000,10000,10000,0,0,58,108,2.8
73,Jet_fgas-4sigma,13.25,13.375,ok,True,0.1064,10000,10000,10000,0,0,77,146,3.0
73,Jet_fgas-4sigma,13.375,13.5,ok,True,0.0966,7688,7688,7688,0,0,104,201,2.7
73,Jet_fgas-4sigma,13.5,13.625,ok,True,0.0877,5759,5759,5759,0,0,140,275,2.5
73,Jet_fgas-4sigma,13.625,13.75,ok,True,0.0798,4223,4223,4223,0,0,187,376,2.3
73,Jet_fgas-4sigma,13.75,13.875,ok,True,0.0723,3151,3151,3151,0,0,250,517,2.2
73,Jet_fgas-4sigma,13.875,14.0,ok,True,0.0658,2320,2320,2320,0,0,333,702,2.0
73,Jet_fgas-4sigma,14.0,14.125,ok,True,0.0598,1613,1613,1613,0,0,446,949,1.8
73,Jet_fgas-4sigma,14.125,14.25,ok,True,0.0545,1018,1018,1018,0,0,582,1255,1.6
73,Jet_fgas-4sigma,14.25,14.375,ok,True,0.0495,671,671,671,0,0,782,1694,1.3
73,Jet_fgas-4sigma,14.375,14.5,ok,True,0.0448,449,449,449,0,0,1078,2342,1.1
73,Jet_fgas-4sigma,14.5,14.625,ok,True,0.0411,236,236,236,0,0,1372,3004,0.8
73,Jet_fgas-4sigma,14.625,14.75,ok,True,0.0371,116,116,116,0,0,1806,3974,0.5
73,Jet_fgas-4sigma,14.75,14.875,ok,True,0.0338,48,48,48,0,0,2474,5460,0.3
73,Jet_fgas-4sigma,14.875,15.0,ok,True,0.0306,30,30,30,0,0,3132,6940,0.3
75,Jet_fgas-4sigma,10.0,10.125,ok,False,1.2186,24,9,20,91,78,0,2,0.2
75,Jet_fgas-4sigma,10.125,10.25,ok,False,1.0871,22,4,14,95,81,0,1,0.2
75,Jet_fgas-4sigma,10.25,10.375,ok,False,1.0356,236,77,187,39,10,0,2,0.7
75,Jet_fgas-4sigma,10.375,10.5,ok,False,0.9356,615,209,454,14,3,0,1,1.1
75,Jet_fgas-4sigma,10.5,10.625,ok,False,0.8352,1432,510,1070,10,0,0,1,1.3
75,Jet_fgas-4sigma,10.625,10.75,ok,False,0.7598,3210,1282,2434,0,0,0,1,1.6
75,Jet_fgas-4sigma,10.75,10.875,ok,False,0.6904,7931,3356,5936,0,0,0,1,2.0
75,Jet_fgas-4sigma,10.875,11.0,ok,False,0.6249,10000,4424,7523,0,0,0,1,2.2
75,Jet_fgas-4sigma,11.0,11.125,ok,False,0.5676,10000,4687,7547,0,0,0,1,2.2
75,Jet_fgas-4sigma,11.125,11.25,ok,False,0.5162,10000,4711,7547,0,0,0,1,2.2
75,Jet_fgas-4sigma,11.25,11.375,ok,False,0.4747,10000,5153,8304,0,0,1,2,2.2
75,Jet_fgas-4sigma,11.375,11.5,ok,False,0.4324,10000,6149,9805,0,0,1,3,2.2
75,Jet_fgas-4sigma,11.5,11.625,ok,False,0.3927,10000,7099,9997,0,0,1,3,2.2
75,Jet_fgas-4sigma,11.625,11.75,ok,False,0.3567,10000,8117,10000,0,0,2,4,2.4
75,Jet_fgas-4sigma,11.75,11.875,ok,False,0.3243,10000,8843,10000,0,0,2,5,2.3
75,Jet_fgas-4sigma,11.875,12.0,ok,True,0.2945,10000,9393,10000,0,0,3,7,2.4
75,Jet_fgas-4sigma,12.0,12.125,ok,True,0.2675,10000,9775,10000,0,0,4,8,2.4
75,Jet_fgas-4sigma,12.125,12.25,ok,True,0.2432,10000,9942,10000,0,0,5,11,2.4
75,Jet_fgas-4sigma,12.25,12.375,ok,True,0.2210,10000,9985,10000,0,0,7,13,2.4
75,Jet_fgas-4sigma,12.375,12.5,ok,True,0.2010,10000,9996,10000,0,0,10,18,2.4
75,Jet_fgas-4sigma,12.5,12.625,ok,True,0.1827,10000,10000,10000,0,0,13,23,2.5
75,Jet_fgas-4sigma,12.625,12.75,ok,True,0.1659,10000,10000,10000,0,0,17,31,2.5
75,Jet_fgas-4sigma,12.75,12.875,ok,True,0.1507,10000,10000,10000,0,0,23,41,2.6
75,Jet_fgas-4sigma,12.875,13.0,ok,True,0.1369,10000,10000,10000,0,0,31,55,2.6
75,Jet_fgas-4sigma,13.0,13.125,ok,True,0.1244,10000,10000,10000,0,0,42,75,2.7
75,Jet_fgas-4sigma,13.125,13.25,ok,True,0.1130,10000,10000,10000,0,0,56,102,2.8
75,Jet_fgas-4sigma,13.25,13.375,ok,True,0.1027,8959,8959,8959,0,0,74,138,2.8
75,Jet_fgas-4sigma,13.375,13.5,ok,True,0.0932,6714,6714,6714,0,0,100,190,2.5
75,Jet_fgas-4sigma,13.5,13.625,ok,True,0.0848,5185,5185,5185,0,0,134,262,2.3
75,Jet_fgas-4sigma,13.625,13.75,ok,True,0.0770,3911,3911,3911,0,0,178,355,2.1
75,Jet_fgas-4sigma,13.75,13.875,ok,True,0.0699,2981,2981,2981,0,0,240,491,2.0
75,Jet_fgas-4sigma,13.875,14.0,ok,True,0.0636,2182,2182,2182,0,0,322,672,1.9
75,Jet_fgas-4sigma,14.0,14.125,ok,True,0.0577,1609,1609,1609,0,0,431,910,1.7
75,Jet_fgas-4sigma,14.125,14.25,ok,True,0.0525,1033,1033,1033,0,0,561,1202,1.6
75,Jet_fgas-4sigma,14.25,14.375,ok,True,0.0480,712,712,712,0,0,760,1651,1.4
75,Jet_fgas-4sigma,14.375,14.5,ok,True,0.0433,457,457,457,0,0,1018,2212,1.1
75,Jet_fgas-4sigma,14.5,14.625,ok,True,0.0395,267,267,267,0,0,1322,2885,0.8
75,Jet_fgas-4sigma,14.625,14.75,ok,True,0.0360,110,110,110,0,0,1756,3904,0.4
75,Jet_fgas-4sigma,14.75,14.875,ok,True,0.0327,61,61,61,0,0,2336,5145,0.3
75,Jet_fgas-4sigma,14.875,15.0,ok,True,0.0295,21,21,21,0,0,3428,7792,0.2
77,Jet_fgas-4sigma,10.0,10.125,ok,False,1.1747,147,35,100,66,35,0,1,0.7
77,Jet_fgas-4sigma,10.125,10.25,ok,False,1.0552,517,132,404,36,6,0,1,1.2
77,Jet_fgas-4sigma,10.25,10.375,ok,False,1.0020,3918,1149,2905,2,0,0,1,1.9
77,Jet_fgas-4sigma,10.375,10.5,ok,False,0.9049,9902,3242,7413,0,0,0,1,2.4
77,Jet_fgas-4sigma,10.5,10.625,ok,False,0.8093,10000,3529,7586,0,0,0,1,2.8
77,Jet_fgas-4sigma,10.625,10.75,ok,False,0.7365,10000,3861,7518,0,0,0,1,2.5
77,Jet_fgas-4sigma,10.75,10.875,ok,False,0.6699,10000,4203,7626,0,0,0,1,2.4
77,Jet_fgas-4sigma,10.875,11.0,ok,False,0.6072,10000,4528,7697,0,0,0,1,2.5
77,Jet_fgas-4sigma,11.0,11.125,ok,False,0.5506,10000,4771,7868,0,0,0,1,2.5
77,Jet_fgas-4sigma,11.125,11.25,ok,False,0.5016,10000,4973,7739,0,0,0,1,2.5
77,Jet_fgas-4sigma,11.25,11.375,ok,False,0.4610,10000,5470,8436,0,0,1,2,2.4
77,Jet_fgas-4sigma,11.375,11.5,ok,False,0.4184,10000,6334,9764,0,0,1,3,2.5
77,Jet_fgas-4sigma,11.5,11.625,ok,False,0.3809,10000,7297,9993,0,0,1,3,2.5
77,Jet_fgas-4sigma,11.625,11.75,ok,False,0.3459,10000,8242,10000,0,0,2,4,2.5
77,Jet_fgas-4sigma,11.75,11.875,ok,False,0.3142,10000,8980,10000,0,0,2,5,2.6
77,Jet_fgas-4sigma,11.875,12.0,ok,True,0.2854,10000,9477,10000,0,0,3,7,2.7
77,Jet_fgas-4sigma,12.0,12.125,ok,True,0.2591,10000,9807,10000,0,0,4,9,2.8
77,Jet_fgas-4sigma,12.125,12.25,ok,True,0.2356,10000,9911,10000,0,0,6,11,2.6
77,Jet_fgas-4sigma,12.25,12.375,ok,True,0.2142,10000,9981,10000,0,0,8,14,2.7
77,Jet_fgas-4sigma,12.375,12.5,ok,True,0.1946,10000,9995,10000,0,0,10,18,2.8
77,Jet_fgas-4sigma,12.5,12.625,ok,True,0.1769,10000,10000,10000,0,0,13,23,2.7
77,Jet_fgas-4sigma,12.625,12.75,ok,True,0.1604,10000,10000,10000,0,0,18,31,2.8
77,Jet_fgas-4sigma,12.75,12.875,ok,True,0.1459,10000,10000,10000,0,0,24,41,2.9
77,Jet_fgas-4sigma,12.875,13.0,ok,True,0.1325,10000,10000,10000,0,0,31,55,2.9
77,Jet_fgas-4sigma,13.0,13.125,ok,True,0.1203,10000,10000,10000,0,0,42,74,3.0
77,Jet_fgas-4sigma,13.125,13.25,ok,True,0.1093,10000,10000,10000,0,0,56,101,3.0
77,Jet_fgas-4sigma,13.25,13.375,ok,True,0.0994,10000,10000,10000,0,0,74,136,3.2
77,Jet_fgas-4sigma,13.375,13.5,ok,True,0.0902,10000,10000,10000,0,0,100,187,3.2
77,Jet_fgas-4sigma,13.5,13.625,ok,True,0.0822,10000,10000,10000,0,0,132,255,3.4
77,Jet_fgas-4sigma,13.625,13.75,ok,True,0.0746,9590,9590,9590,0,0,177,348,3.6
77,Jet_fgas-4sigma,13.75,13.875,ok,True,0.0677,7044,7044,7044,0,0,236,477,3.3
77,Jet_fgas-4sigma,13.875,14.0,ok,True,0.0616,4934,4934,4934,0,0,316,653,3.0
77,Jet_fgas-4sigma,14.0,14.125,ok,True,0.0559,3693,3693,3693,0,0,425,891,2.9
77,Jet_fgas-4sigma,14.125,14.25,ok,True,0.0508,2408,2408,2408,0,0,560,1191,2.5
77,Jet_fgas-4sigma,14.25,14.375,ok,True,0.0463,1587,1587,1587,0,0,750,1619,2.2
77,Jet_fgas-4sigma,14.375,14.5,ok,True,0.0419,1046,1046,1046,0,0,1011,2210,2.0
77,Jet_fgas-4sigma,14.5,14.625,ok,True,0.0382,648,648,648,0,0,1310,2856,1.6
77,Jet_fgas-4sigma,14.625,14.75,ok,True,0.0348,370,370,370,0,0,1736,3815,1.2
77,Jet_fgas-4sigma,14.75,14.875,ok,True,0.0315,191,191,191,0,0,2316,5155,0.8
77,Jet_fgas-4sigma,14.875,15.0,ok,True,0.0286,102,102,102,0,0,3154,7074,0.6
69,Mstar-1sigma,10.0,10.125,ok,False,1.3528,48,9,36,90,54,0,1,0.3
69,Mstar-1sigma,10.125,10.25,ok,False,1.2151,29,15,19,81,65,1,1,0.3
69,Mstar-1sigma,10.25,10.375,ok,False,1.1570,459,170,327,18,6,0,1,1.1
69,Mstar-1sigma,10.375,10.5,ok,False,1.0460,1236,478,944,2,0,0,1,1.5
69,Mstar-1sigma,10.5,10.625,ok,False,0.9312,2940,1216,2181,3,0,0,1,1.7
69,Mstar-1sigma,10.625,10.75,ok,False,0.8468,6451,2848,4881,0,0,0,1,1.9
69,Mstar-1sigma,10.75,10.875,ok,False,0.7709,10000,4805,7538,0,0,0,1,2.2
69,Mstar-1sigma,10.875,11.0,ok,False,0.6977,10000,5010,7648,0,0,1,1,2.2
69,Mstar-1sigma,11.0,11.125,ok,False,0.6335,10000,5300,7819,0,0,1,1,2.2
69,Mstar-1sigma,11.125,11.25,ok,False,0.5765,10000,5361,7799,0,0,1,1,2.2
69,Mstar-1sigma,11.25,11.375,ok,False,0.5298,10000,5831,8035,0,0,1,2,2.3
69,Mstar-1sigma,11.375,11.5,ok,False,0.4828,10000,6628,8608,0,0,1,2,2.3
69,Mstar-1sigma,11.5,11.625,ok,False,0.4387,10000,7762,9177,0,0,1,3,2.3
69,Mstar-1sigma,11.625,11.75,ok,False,0.3986,10000,8489,9585,0,0,2,3,2.4
69,Mstar-1sigma,11.75,11.875,ok,False,0.3624,10000,9209,9838,0,0,3,5,2.4
69,Mstar-1sigma,11.875,12.0,ok,False,0.3292,10000,9603,9944,0,0,4,6,2.4
69,Mstar-1sigma,12.0,12.125,ok,True,0.2988,10000,9861,9982,0,0,5,9,2.4
69,Mstar-1sigma,12.125,12.25,ok,True,0.2715,10000,9959,10000,0,0,6,11,2.5
69,Mstar-1sigma,12.25,12.375,ok,True,0.2469,10000,9987,9999,0,0,9,15,2.5
69,Mstar-1sigma,12.375,12.5,ok,True,0.2242,10000,9999,10000,0,0,11,19,2.5
69,Mstar-1sigma,12.5,12.625,ok,True,0.2040,10000,10000,10000,0,0,15,26,2.5
69,Mstar-1sigma,12.625,12.75,ok,True,0.1851,10000,10000,10000,0,0,20,34,2.5
69,Mstar-1sigma,12.75,12.875,ok,True,0.1685,10000,10000,10000,0,0,27,46,2.7
69,Mstar-1sigma,12.875,13.0,ok,True,0.1530,10000,10000,10000,0,0,36,62,2.7
69,Mstar-1sigma,13.0,13.125,ok,True,0.1390,10000,10000,10000,0,0,48,85,2.8
69,Mstar-1sigma,13.125,13.25,ok,True,0.1261,10000,10000,10000,0,0,64,115,2.9
69,Mstar-1sigma,13.25,13.375,ok,True,0.1146,10000,10000,10000,0,0,85,156,3.0
69,Mstar-1sigma,13.375,13.5,ok,True,0.1042,10000,10000,10000,0,0,113,212,3.1
69,Mstar-1sigma,13.5,13.625,ok,True,0.0947,8480,8480,8480,0,0,151,286,3.0
69,Mstar-1sigma,13.625,13.75,ok,True,0.0860,5852,5852,5852,0,0,204,389,2.7
69,Mstar-1sigma,13.75,13.875,ok,True,0.0781,4251,4251,4251,0,0,268,517,2.5
69,Mstar-1sigma,13.875,14.0,ok,True,0.0711,2796,2796,2796,0,0,359,697,2.2
69,Mstar-1sigma,14.0,14.125,ok,True,0.0646,1812,1812,1812,0,0,471,923,2.0
69,Mstar-1sigma,14.125,14.25,ok,True,0.0585,1148,1148,1148,0,0,636,1248,1.8
69,Mstar-1sigma,14.25,14.375,ok,True,0.0532,642,642,642,0,0,840,1664,1.4
69,Mstar-1sigma,14.375,14.5,ok,True,0.0487,394,394,394,0,0,1105,2190,1.1
69,Mstar-1sigma,14.5,14.625,ok,True,0.0441,180,180,180,0,0,1397,2774,0.6
69,Mstar-1sigma,14.625,14.75,ok,True,0.0401,94,94,94,0,0,1936,3811,0.4
69,Mstar-1sigma,14.75,14.875,ok,True,0.0364,35,35,35,0,0,2664,5214,0.3
69,Mstar-1sigma,14.875,15.0,ok,True,0.0337,15,15,15,0,0,3002,6151,0.2
