snap,sim,lo,hi,status,ot_reliable,x10,n_halos,n_used_dmo,n_used_hyd,n_empty_dmo,n_empty_hyd,npart_dmo_med,npart_hyd_med,sec
9,fgas+2sigma,10.0,10.125,ok,False,3.1016,259,96,239,61,1,0,3,0.2
9,fgas+2sigma,10.125,10.25,ok,False,2.8192,109,39,103,73,14,0,3,0.1
9,fgas+2sigma,10.25,10.375,ok,False,2.6591,766,309,716,14,0,0,3,0.2
9,fgas+2sigma,10.375,10.5,ok,False,2.4037,1000,432,918,8,0,0,3,0.2
9,fgas+2sigma,10.5,10.625,ok,False,2.1442,1000,457,921,2,0,0,3,0.2
9,fgas+2sigma,10.625,10.75,ok,False,1.9434,1000,520,934,2,0,1,3,0.2
9,fgas+2sigma,10.75,10.875,ok,False,1.7771,1000,579,915,1,0,1,3,0.2
9,fgas+2sigma,10.875,11.0,ok,False,1.6053,1000,589,937,1,0,1,3,0.2
9,fgas+2sigma,11.0,11.125,ok,False,1.4591,1000,628,959,2,0,1,3,0.2
9,fgas+2sigma,11.125,11.25,ok,False,1.3257,1000,719,941,2,0,1,3,0.2
9,fgas+2sigma,11.25,11.375,ok,False,1.2146,1000,751,974,0,0,1,4,0.2
9,fgas+2sigma,11.375,11.5,ok,False,1.1099,1000,825,997,0,0,2,5,0.2
9,fgas+2sigma,11.5,11.625,ok,False,1.0104,1000,914,1000,0,0,2,6,0.2
9,fgas+2sigma,11.625,11.75,ok,False,0.9180,1000,946,1000,0,0,3,8,0.2
9,fgas+2sigma,11.75,11.875,ok,False,0.8319,1000,982,1000,0,0,4,10,0.2
9,fgas+2sigma,11.875,12.0,ok,False,0.7586,1000,996,1000,0,0,5,13,0.2
9,fgas+2sigma,12.0,12.125,ok,False,0.6888,1000,998,1000,0,0,7,17,0.2
9,fgas+2sigma,12.125,12.25,ok,False,0.6265,1000,999,1000,0,0,9,23,0.2
9,fgas+2sigma,12.25,12.375,ok,False,0.5702,1000,1000,1000,0,0,12,29,0.2
9,fgas+2sigma,12.375,12.5,ok,False,0.5178,1000,1000,1000,0,0,16,39,0.2
9,fgas+2sigma,12.5,12.625,ok,False,0.4713,458,458,458,0,0,21,50,0.2
9,fgas+2sigma,12.625,12.75,ok,False,0.4284,169,169,169,0,0,28,65,0.1
9,fgas+2sigma,12.75,12.875,ok,False,0.3910,71,71,71,0,0,36,88,0.1
9,fgas+2sigma,12.875,13.0,ok,False,0.3576,20,20,20,3,0,49,108,0.0
9,fgas+2sigma,13.0,13.125,no_halos,False,nan,0,0,0,0,0,0,0,0.0
9,fgas+2sigma,13.125,13.25,ok,False,0.2950,2,2,2,27,15,93,183,0.0
9,fgas+2sigma,13.25,13.375,ok,False,0.2601,1,1,1,42,21,120,277,0.0
9,fgas+2sigma,13.375,13.5,no_halos,False,nan,0,0,0,0,0,0,0,0.0
9,fgas+2sigma,13.5,13.625,no_halos,False,nan,0,0,0,0,0,0,0,0.0
9,fgas+2sigma,13.625,13.75,no_halos,False,nan,0,0,0,0,0,0,0,0.0
9,fgas+2sigma,13.75,13.875,no_halos,False,nan,0,0,0,0,0,0,0,0.0
9,fgas+2sigma,13.875,14.0,no_halos,False,nan,0,0,0,0,0,0,0,0.0
9,fgas+2sigma,14.0,14.125,no_halos,False,nan,0,0,0,0,0,0,0,0.0
9,fgas+2sigma,14.125,14.25,no_halos,False,nan,0,0,0,0,0,0,0,0.0
9,fgas+2sigma,14.25,14.375,no_halos,False,nan,0,0,0,0,0,0,0,0.0
9,fgas+2sigma,14.375,14.5,no_halos,False,nan,0,0,0,0,0,0,0,0.0
9,fgas+2sigma,14.5,14.625,no_halos,False,nan,0,0,0,0,0,0,0,0.0
9,fgas+2sigma,14.625,14.75,no_halos,False,nan,0,0,0,0,0,0,0,0.0
9,fgas+2sigma,14.75,14.875,no_halos,False,nan,0,0,0,0,0,0,0,0.0
9,fgas+2sigma,14.875,15.0,no_halos,False,nan,0,0,0,0,0,0,0,0.0
13,fgas+2sigma,10.0,10.125,ok,False,3.1174,631,220,595,28,0,0,3,0.4
13,fgas+2sigma,10.125,10.25,ok,False,2.8499,285,109,273,44,1,0,3,0.3
13,fgas+2sigma,10.25,10.375,ok,False,2.6649,1000,431,936,3,0,0,3,0.4
13,fgas+2sigma,10.375,10.5,ok,False,2.4100,1000,458,933,2,0,0,3,0.4
13,fgas+2sigma,10.5,10.625,ok,False,2.1416,1000,508,938,3,0,1,3,0.4
13,fgas+2sigma,10.625,10.75,ok,False,1.9580,1000,514,933,3,0,1,3,0.4
13,fgas+2sigma,10.75,10.875,ok,False,1.7736,1000,577,924,1,0,1,3,0.4
13,fgas+2sigma,10.875,11.0,ok,False,1.6138,1000,615,936,0,0,1,3,0.4
13,fgas+2sigma,11.0,11.125,ok,False,1.4638,1000,637,937,0,0,1,3,0.4
13,fgas+2sigma,11.125,11.25,ok,False,1.3296,1000,705,964,0,0,1,3,0.4
13,fgas+2sigma,11.25,11.375,ok,False,1.2146,1000,755,975,0,0,1,4,0.4
13,fgas+2sigma,11.375,11.5,ok,False,1.1126,1000,817,998,0,0,2,5,0.4
13,fgas+2sigma,11.5,11.625,ok,False,1.0126,1000,892,1000,0,0,2,6,0.4
13,fgas+2sigma,11.625,11.75,ok,False,0.9171,1000,951,1000,0,0,3,8,0.4
13,fgas+2sigma,11.75,11.875,ok,False,0.8380,1000,981,1000,0,0,4,10,0.4
13,fgas+2sigma,11.875,12.0,ok,False,0.7586,1000,990,1000,0,0,5,13,0.4
13,fgas+2sigma,12.0,12.125,ok,False,0.6899,1000,999,1000,0,0,7,17,0.4
13,fgas+2sigma,12.125,12.25,ok,False,0.6291,1000,1000,1000,0,0,9,22,0.4
13,fgas+2sigma,12.25,12.375,ok,False,0.5702,1000,1000,1000,0,0,12,29,0.4
13,fgas+2sigma,12.375,12.5,ok,False,0.5190,1000,1000,1000,0,0,16,38,0.4
13,fgas+2sigma,12.5,12.625,ok,False,0.4708,1000,1000,1000,0,0,22,50,0.4
13,fgas+2sigma,12.625,12.75,ok,False,0.4284,1000,1000,1000,0,0,28,66,0.5
13,fgas+2sigma,12.75,12.875,ok,False,0.3890,854,854,854,0,0,38,86,0.4
13,fgas+2sigma,12.875,13.0,ok,False,0.3535,352,352,352,0,0,50,108,0.3
13,fgas+2sigma,13.0,13.125,ok,False,0.3207,128,128,128,0,0,64,146,0.2
13,fgas+2sigma,13.125,13.25,ok,True,0.2958,53,53,53,0,0,83,191,0.1
13,fgas+2sigma,13.25,13.375,ok,True,0.2634,16,16,16,0,0,116,262,0.1
13,fgas+2sigma,13.375,13.5,ok,False,0.2448,3,3,3,13,4,149,315,0.0
13,fgas+2sigma,13.5,13.625,ok,False,0.2234,2,2,2,15,3,183,386,0.0
13,fgas+2sigma,13.625,13.75,ok,False,0.2021,1,1,1,27,10,222,479,0.0
13,fgas+2sigma,13.75,13.875,no_halos,False,nan,0,0,0,0,0,0,0,0.0
13,fgas+2sigma,13.875,14.0,no_halos,False,nan,0,0,0,0,0,0,0,0.0
13,fgas+2sigma,14.0,14.125,no_halos,False,nan,0,0,0,0,0,0,0,0.0
13,fgas+2sigma,14.125,14.25,no_halos,False,nan,0,0,0,0,0,0,0,0.0
13,fgas+2sigma,14.25,14.375,no_halos,False,nan,0,0,0,0,0,0,0,0.0
13,fgas+2sigma,14.375,14.5,no_halos,False,nan,0,0,0,0,0,0,0,0.0
13,fgas+2sigma,14.5,14.625,no_halos,False,nan,0,0,0,0,0,0,0,0.0
13,fgas+2sigma,14.625,14.75,no_halos,False,nan,0,0,0,0,0,0,0,0.0
13,fgas+2sigma,14.75,14.875,no_halos,False,nan,0,0,0,0,0,0,0,0.0
13,fgas+2sigma,14.875,15.0,no_halos,False,nan,0,0,0,0,0,0,0,0.0
17,fgas+2sigma,10.0,10.125,ok,False,3.1335,1000,398,951,10,0,0,3,0.8
17,fgas+2sigma,10.125,10.25,ok,False,2.8455,489,200,461,27,0,0,3,0.6
17,fgas+2sigma,10.25,10.375,ok,False,2.6786,1000,419,950,5,0,0,3,0.7
17,fgas+2sigma,10.375,10.5,ok,False,2.4228,1000,454,942,5,0,0,3,0.7
17,fgas+2sigma,10.5,10.625,ok,False,2.1619,1000,507,936,2,0,1,3,0.7
17,fgas+2sigma,10.625,10.75,ok,False,1.9580,1000,542,952,5,0,1,3,0.7
17,fgas+2sigma,10.75,10.875,ok,False,1.7857,1000,578,949,2,0,1,3,0.7
17,fgas+2sigma,10.875,11.0,ok,False,1.6167,1000,628,949,0,0,1,3,0.7
17,fgas+2sigma,11.0,11.125,ok,False,1.4709,1000,675,937,0,0,1,3,0.7
17,fgas+2sigma,11.125,11.25,ok,False,1.3354,1000,682,952,0,0,1,3,0.7
17,fgas+2sigma,11.25,11.375,ok,False,1.2261,1000,754,972,1,0,1,4,0.7
17,fgas+2sigma,11.375,11.5,ok,False,1.1194,1000,813,993,0,0,2,5,0.7
17,fgas+2sigma,11.5,11.625,ok,False,1.0160,1000,879,1000,0,0,2,6,0.7
17,fgas+2sigma,11.625,11.75,ok,False,0.9240,1000,933,1000,0,0,3,8,0.7
17,fgas+2sigma,11.75,11.875,ok,False,0.8380,1000,967,1000,0,0,4,10,0.7
17,fgas+2sigma,11.875,12.0,ok,False,0.7637,1000,994,1000,0,0,5,13,0.7
17,fgas+2sigma,12.0,12.125,ok,False,0.6930,1000,997,1000,0,0,7,17,0.7
17,fgas+2sigma,12.125,12.25,ok,False,0.6308,1000,1000,1000,0,0,9,22,0.7
17,fgas+2sigma,12.25,12.375,ok,False,0.5730,1000,1000,1000,0,0,12,29,0.7
17,fgas+2sigma,12.375,12.5,ok,False,0.5208,1000,1000,1000,0,0,16,38,0.8
17,fgas+2sigma,12.5,12.625,ok,False,0.4718,1000,1000,1000,0,0,21,49,0.7
17,fgas+2sigma,12.625,12.75,ok,False,0.4300,1000,1000,1000,0,0,28,64,0.8
17,fgas+2sigma,12.75,12.875,ok,False,0.3917,1000,1000,1000,0,0,37,84,0.8
17,fgas+2sigma,12.875,13.0,ok,False,0.3551,1000,1000,1000,0,0,48,110,0.8
17,fgas+2sigma,13.0,13.125,ok,False,0.3225,1000,1000,1000,0,0,64,146,0.8
17,fgas+2sigma,13.125,13.25,ok,True,0.2939,800,800,800,0,0,84,190,0.7
17,fgas+2sigma,13.25,13.375,ok,True,0.2668,294,294,294,0,0,111,249,0.5
17,fgas+2sigma,13.375,13.5,ok,True,0.2434,145,145,145,0,0,147,334,0.3
17,fgas+2sigma,13.5,13.625,ok,True,0.2204,51,51,51,0,0,196,439,0.2
17,fgas+2sigma,13.625,13.75,ok,True,0.1996,21,21,21,0,0,247,599,0.1
17,fgas+2sigma,13.75,13.875,ok,False,0.1792,3,3,3,1,1,318,720,0.1
17,fgas+2sigma,13.875,14.0,no_halos,False,nan,0,0,0,0,0,0,0,0.1
17,fgas+2sigma,14.0,14.125,no_halos,False,nan,0,0,0,0,0,0,0,0.1
17,fgas+2sigma,14.125,14.25,no_halos,False,nan,0,0,0,0,0,0,0,0.1
17,fgas+2sigma,14.25,14.375,no_halos,False,nan,0,0,0,0,0,0,0,0.1
17,fgas+2sigma,14.375,14.5,no_halos,False,nan,0,0,0,0,0,0,0,0.1
17,fgas+2sigma,14.5,14.625,no_halos,False,nan,0,0,0,0,0,0,0,0.1
17,fgas+2sigma,14.625,14.75,no_halos,False,nan,0,0,0,0,0,0,0,0.1
17,fgas+2sigma,14.75,14.875,no_halos,False,nan,0,0,0,0,0,0,0,0.1
17,fgas+2sigma,14.875,15.0,no_halos,False,nan,0,0,0,0,0,0,0,0.1
37,fgas+2sigma,10.0,10.125,ok,False,2.4362,829,304,783,13,0,0,3,1.1
37,fgas+2sigma,10.125,10.25,ok,False,2.2095,460,175,431,31,0,0,3,0.8
37,fgas+2sigma,10.25,10.375,ok,False,2.0846,1000,441,947,2,0,0,3,1.1
37,fgas+2sigma,10.375,10.5,ok,False,1.8854,1000,458,936,3,0,0,3,1.1
37,fgas+2sigma,10.5,10.625,ok,False,1.6817,1000,507,924,1,0,1,3,1.1
37,fgas+2sigma,10.625,10.75,ok,False,1.5343,1000,519,939,1,0,1,3,1.1
37,fgas+2sigma,10.75,10.875,ok,False,1.3883,1000,548,937,0,0,1,3,1.0
37,fgas+2sigma,10.875,11.0,ok,False,1.2631,1000,611,940,0,0,1,3,1.0
37,fgas+2sigma,11.0,11.125,ok,False,1.1445,1000,650,937,0,0,1,3,1.1
37,fgas+2sigma,11.125,11.25,ok,False,1.0423,1000,694,936,0,0,1,3,1.1
37,fgas+2sigma,11.25,11.375,ok,False,0.9555,1000,716,962,1,0,1,4,1.1
37,fgas+2sigma,11.375,11.5,ok,False,0.8701,1000,801,995,0,0,2,4,1.1
37,fgas+2sigma,11.5,11.625,ok,False,0.7923,1000,874,1000,0,0,2,6,1.1
37,fgas+2sigma,11.625,11.75,ok,False,0.7206,1000,929,1000,0,0,3,7,1.1
37,fgas+2sigma,11.75,11.875,ok,False,0.6534,1000,971,1000,0,0,4,9,1.0
37,fgas+2sigma,11.875,12.0,ok,False,0.5936,1000,975,1000,0,0,5,12,1.0
37,fgas+2sigma,12.0,12.125,ok,False,0.5396,1000,997,1000,0,0,7,16,1.0
37,fgas+2sigma,12.125,12.25,ok,False,0.4884,1000,1000,1000,0,0,9,21,1.0
37,fgas+2sigma,12.25,12.375,ok,False,0.4456,1000,1000,1000,0,0,12,27,1.0
37,fgas+2sigma,12.375,12.5,ok,False,0.4058,1000,1000,1000,0,0,15,35,1.0
37,fgas+2sigma,12.5,12.625,ok,False,0.3679,1000,1000,1000,0,0,20,47,1.1
37,fgas+2sigma,12.625,12.75,ok,False,0.3342,1000,1000,1000,0,0,27,61,1.1
37,fgas+2sigma,12.75,12.875,ok,False,0.3035,1000,1000,1000,0,0,36,79,1.0
37,fgas+2sigma,12.875,13.0,ok,True,0.2758,1000,1000,1000,0,0,46,105,1.0
37,fgas+2sigma,13.0,13.125,ok,True,0.2512,1000,1000,1000,0,0,61,137,1.1
37,fgas+2sigma,13.125,13.25,ok,True,0.2280,1000,1000,1000,0,0,80,180,1.1
37,fgas+2sigma,13.25,13.375,ok,True,0.2075,1000,1000,1000,0,0,107,239,1.1
37,fgas+2sigma,13.375,13.5,ok,True,0.1884,1000,1000,1000,0,0,143,317,1.1
37,fgas+2sigma,13.5,13.625,ok,True,0.1713,911,911,911,0,0,189,418,1.1
37,fgas+2sigma,13.625,13.75,ok,True,0.1561,446,446,446,0,0,245,545,0.8
37,fgas+2sigma,13.75,13.875,ok,True,0.1419,215,215,215,0,0,330,729,0.5
37,fgas+2sigma,13.875,14.0,ok,True,0.1285,80,80,80,0,0,424,936,0.3
37,fgas+2sigma,14.0,14.125,ok,True,0.1171,30,30,30,0,0,578,1268,0.2
37,fgas+2sigma,14.125,14.25,ok,True,0.1045,10,10,10,0,0,664,1424,0.2
37,fgas+2sigma,14.25,14.375,ok,False,0.0962,1,1,1,5,1,818,1739,0.1
37,fgas+2sigma,14.375,14.5,no_halos,False,nan,0,0,0,0,0,0,0,0.1
37,fgas+2sigma,14.5,14.625,no_halos,False,nan,0,0,0,0,0,0,0,0.1
37,fgas+2sigma,14.625,14.75,no_halos,False,nan,0,0,0,0,0,0,0,0.1
37,fgas+2sigma,14.75,14.875,no_halos,False,nan,0,0,0,0,0,0,0,0.1
37,fgas+2sigma,14.875,15.0,no_halos,False,nan,0,0,0,0,0,0,0,0.1
47,fgas+2sigma,10.0,10.125,ok,False,2.0698,466,174,424,22,0,0,3,0.9
47,fgas+2sigma,10.125,10.25,ok,False,1.8648,266,97,247,40,2,0,3,0.6
47,fgas+2sigma,10.25,10.375,ok,False,1.7687,1000,405,924,4,0,0,3,1.1
47,fgas+2sigma,10.375,10.5,ok,False,1.6013,1000,457,926,4,0,0,3,1.1
47,fgas+2sigma,10.5,10.625,ok,False,1.4219,1000,460,934,2,0,0,3,1.1
47,fgas+2sigma,10.625,10.75,ok,False,1.2971,1000,534,924,2,0,1,3,1.1
47,fgas+2sigma,10.75,10.875,ok,False,1.1815,1000,561,914,1,0,1,3,1.2
47,fgas+2sigma,10.875,11.0,ok,False,1.0690,1000,603,928,0,0,1,3,1.1
47,fgas+2sigma,11.0,11.125,ok,False,0.9744,1000,626,917,1,0,1,3,1.2
47,fgas+2sigma,11.125,11.25,ok,False,0.8844,1000,661,939,0,0,1,3,1.2
47,fgas+2sigma,11.25,11.375,ok,False,0.8084,1000,721,945,0,0,1,3,1.2
47,fgas+2sigma,11.375,11.5,ok,False,0.7388,1000,770,997,0,0,1,4,1.2
47,fgas+2sigma,11.5,11.625,ok,False,0.6709,1000,869,1000,0,0,2,5,1.2
47,fgas+2sigma,11.625,11.75,ok,False,0.6099,1000,925,1000,0,0,3,7,1.2
47,fgas+2sigma,11.75,11.875,ok,False,0.5527,1000,958,1000,0,0,4,9,1.1
47,fgas+2sigma,11.875,12.0,ok,False,0.5040,1000,984,1000,0,0,4,11,1.2
47,fgas+2sigma,12.0,12.125,ok,False,0.4574,1000,998,1000,0,0,6,15,1.1
47,fgas+2sigma,12.125,12.25,ok,False,0.4145,1000,999,1000,0,0,9,20,1.1
47,fgas+2sigma,12.25,12.375,ok,False,0.3775,1000,1000,1000,0,0,11,25,1.1
47,fgas+2sigma,12.375,12.5,ok,False,0.3425,1000,1000,1000,0,0,14,32,1.2
47,fgas+2sigma,12.5,12.625,ok,False,0.3111,1000,1000,1000,0,0,19,43,1.2
47,fgas+2sigma,12.625,12.75,ok,True,0.2839,1000,1000,1000,0,0,26,59,1.2
47,fgas+2sigma,12.75,12.875,ok,True,0.2578,1000,1000,1000,0,0,34,75,1.2
47,fgas+2sigma,12.875,13.0,ok,True,0.2338,1000,1000,1000,0,0,46,100,1.2
47,fgas+2sigma,13.0,13.125,ok,True,0.2124,1000,1000,1000,0,0,61,133,1.2
47,fgas+2sigma,13.125,13.25,ok,True,0.1935,1000,1000,1000,0,0,78,173,1.2
47,fgas+2sigma,13.25,13.375,ok,True,0.1754,1000,1000,1000,0,0,106,236,1.2
47,fgas+2sigma,13.375,13.5,ok,True,0.1596,1000,1000,1000,0,0,137,302,1.2
47,fgas+2sigma,13.5,13.625,ok,True,0.1449,1000,1000,1000,0,0,185,406,1.2
47,fgas+2sigma,13.625,13.75,ok,True,0.1321,1000,1000,1000,0,0,241,526,1.3
47,fgas+2sigma,13.75,13.875,ok,True,0.1198,767,767,767,0,0,320,710,1.2
47,fgas+2sigma,13.875,14.0,ok,True,0.1092,381,381,381,0,0,420,926,0.8
47,fgas+2sigma,14.0,14.125,ok,True,0.0989,186,186,186,0,0,554,1215,0.5
47,fgas+2sigma,14.125,14.25,ok,True,0.0900,82,82,82,0,0,714,1595,0.3
47,fgas+2sigma,14.25,14.375,ok,True,0.0821,28,28,28,0,0,940,2076,0.2
47,fgas+2sigma,14.375,14.5,ok,True,0.0751,7,7,7,0,0,1204,2637,0.2
47,fgas+2sigma,14.5,14.625,ok,True,0.0652,2,2,2,0,0,2100,4747,0.1
47,fgas+2sigma,14.625,14.75,no_halos,False,nan,0,0,0,0,0,0,0,0.1
47,fgas+2sigma,14.75,14.875,no_halos,False,nan,0,0,0,0,0,0,0,0.1
47,fgas+2sigma,14.875,15.0,no_halos,False,nan,0,0,0,0,0,0,0,0.1
57,fgas+2sigma,10.0,10.125,ok,False,1.7199,200,79,179,44,6,0,3,0.7
57,fgas+2sigma,10.125,10.25,ok,False,1.5449,128,52,114,57,21,0,2,0.5
57,fgas+2sigma,10.25,10.375,ok,False,1.4684,1000,420,915,3,0,0,3,1.3
57,fgas+2sigma,10.375,10.5,ok,False,1.3284,1000,445,889,0,0,0,3,1.2
57,fgas+2sigma,10.5,10.625,ok,False,1.1836,1000,459,899,1,0,0,3,1.2
57,fgas+2sigma,10.625,10.75,ok,False,1.0771,1000,537,912,0,1,1,3,1.2
57,fgas+2sigma,10.75,10.875,ok,False,0.9810,1000,523,902,2,0,1,2,1.2
57,fgas+2sigma,10.875,11.0,ok,False,0.8877,1000,563,911,1,0,1,3,1.2
57,fgas+2sigma,11.0,11.125,ok,False,0.8065,1000,602,907,0,0,1,3,1.2
57,fgas+2sigma,11.125,11.25,ok,False,0.7319,1000,643,927,0,0,1,3,1.2
57,fgas+2sigma,11.25,11.375,ok,False,0.6738,1000,705,943,0,0,1,3,1.2
57,fgas+2sigma,11.375,11.5,ok,False,0.6136,1000,774,994,0,0,1,4,1.2
57,fgas+2sigma,11.5,11.625,ok,False,0.5592,1000,832,1000,0,0,2,5,1.2
57,fgas+2sigma,11.625,11.75,ok,False,0.5064,1000,910,1000,0,0,2,6,1.2
57,fgas+2sigma,11.75,11.875,ok,False,0.4610,1000,946,1000,0,0,3,8,1.2
57,fgas+2sigma,11.875,12.0,ok,False,0.4177,1000,982,1000,0,0,5,10,1.2
57,fgas+2sigma,12.0,12.125,ok,False,0.3809,1000,992,1000,0,0,6,13,1.2
57,fgas+2sigma,12.125,12.25,ok,False,0.3454,1000,998,1000,0,0,8,17,1.2
57,fgas+2sigma,12.25,12.375,ok,False,0.3138,1000,1000,1000,0,0,10,23,1.2
57,fgas+2sigma,12.375,12.5,ok,True,0.2851,1000,1000,1000,0,0,14,30,1.2
57,fgas+2sigma,12.5,12.625,ok,True,0.2590,1000,1000,1000,0,0,18,39,1.2
57,fgas+2sigma,12.625,12.75,ok,True,0.2356,1000,1000,1000,0,0,24,52,1.2
57,fgas+2sigma,12.75,12.875,ok,True,0.2142,1000,1000,1000,0,0,32,70,1.2
57,fgas+2sigma,12.875,13.0,ok,True,0.1946,1000,1000,1000,0,0,42,92,1.3
57,fgas+2sigma,13.0,13.125,ok,True,0.1763,1000,1000,1000,0,0,56,121,1.3
57,fgas+2sigma,13.125,13.25,ok,True,0.1606,1000,1000,1000,0,0,75,160,1.3
57,fgas+2sigma,13.25,13.375,ok,True,0.1461,1000,1000,1000,0,0,96,211,1.2
57,fgas+2sigma,13.375,13.5,ok,True,0.1324,1000,1000,1000,0,0,132,288,1.3
57,fgas+2sigma,13.5,13.625,ok,True,0.1205,1000,1000,1000,0,0,178,388,1.3
57,fgas+2sigma,13.625,13.75,ok,True,0.1093,1000,1000,1000,0,0,228,498,1.3
57,fgas+2sigma,13.75,13.875,ok,True,0.0994,1000,1000,1000,0,0,304,662,1.4
57,fgas+2sigma,13.875,14.0,ok,True,0.0904,1000,1000,1000,0,0,401,882,1.4
57,fgas+2sigma,14.0,14.125,ok,True,0.0820,685,685,685,0,0,546,1210,1.3
57,fgas+2sigma,14.125,14.25,ok,True,0.0747,384,384,384,0,0,699,1541,0.9
57,fgas+2sigma,14.25,14.375,ok,True,0.0682,188,188,188,0,0,891,1983,0.6
57,fgas+2sigma,14.375,14.5,ok,True,0.0615,65,65,65,0,0,1204,2608,0.3
57,fgas+2sigma,14.5,14.625,ok,True,0.0558,33,33,33,0,0,1600,3429,0.2
57,fgas+2sigma,14.625,14.75,ok,True,0.0506,9,9,9,0,0,2189,4815,0.2
57,fgas+2sigma,14.75,14.875,ok,True,0.0463,5,5,5,0,0,2907,6403,0.2
57,fgas+2sigma,14.875,15.0,no_halos,False,nan,0,0,0,0,0,0,0,0.1
62,fgas+2sigma,10.0,10.125,ok,False,1.5491,96,33,89,66,30,0,2,0.5
62,fgas+2sigma,10.125,10.25,ok,False,1.3921,80,17,72,83,29,0,2,0.4
62,fgas+2sigma,10.25,10.375,ok,False,1.3309,947,364,850,5,0,0,2,1.3
62,fgas+2sigma,10.375,10.5,ok,False,1.2052,1000,418,868,4,0,0,2,1.2
62,fgas+2sigma,10.5,10.625,ok,False,1.0724,1000,432,900,2,0,0,2,1.2
62,fgas+2sigma,10.625,10.75,ok,False,0.9751,1000,490,893,1,0,0,2,1.2
62,fgas+2sigma,10.75,10.875,ok,False,0.8853,1000,521,880,4,0,1,2,1.2
62,fgas+2sigma,10.875,11.0,ok,False,0.8051,1000,585,897,2,0,1,2,1.2
62,fgas+2sigma,11.0,11.125,ok,False,0.7322,1000,623,882,1,0,1,2,1.2
62,fgas+2sigma,11.125,11.25,ok,False,0.6633,1000,603,890,0,0,1,2,1.2
62,fgas+2sigma,11.25,11.375,ok,False,0.6107,1000,633,919,1,0,1,3,1.2
62,fgas+2sigma,11.375,11.5,ok,False,0.5551,1000,728,995,0,0,1,3,1.2
62,fgas+2sigma,11.5,11.625,ok,False,0.5057,1000,804,1000,0,0,2,5,1.2
62,fgas+2sigma,11.625,11.75,ok,False,0.4591,1000,895,1000,0,0,2,6,1.3
62,fgas+2sigma,11.75,11.875,ok,False,0.4169,1000,951,1000,0,0,3,7,1.2
62,fgas+2sigma,11.875,12.0,ok,False,0.3790,1000,977,1000,0,0,4,10,1.3
62,fgas+2sigma,12.0,12.125,ok,False,0.3445,1000,985,1000,0,0,5,13,1.2
62,fgas+2sigma,12.125,12.25,ok,False,0.3119,1000,997,1000,0,0,7,16,1.3
62,fgas+2sigma,12.25,12.375,ok,True,0.2841,1000,999,1000,0,0,10,21,1.2
62,fgas+2sigma,12.375,12.5,ok,True,0.2586,1000,1000,1000,0,0,13,27,1.2
62,fgas+2sigma,12.5,12.625,ok,True,0.2348,1000,1000,1000,0,0,17,37,1.3
62,fgas+2sigma,12.625,12.75,ok,True,0.2130,1000,1000,1000,0,0,22,47,1.2
62,fgas+2sigma,12.75,12.875,ok,True,0.1935,1000,1000,1000,0,0,30,65,1.3
62,fgas+2sigma,12.875,13.0,ok,True,0.1761,1000,1000,1000,0,0,40,85,1.3
62,fgas+2sigma,13.0,13.125,ok,True,0.1601,1000,1000,1000,0,0,54,117,1.3
62,fgas+2sigma,13.125,13.25,ok,True,0.1447,1000,1000,1000,0,0,70,153,1.3
62,fgas+2sigma,13.25,13.375,ok,True,0.1321,1000,1000,1000,0,0,94,200,1.3
62,fgas+2sigma,13.375,13.5,ok,True,0.1200,1000,1000,1000,0,0,126,273,1.3
62,fgas+2sigma,13.5,13.625,ok,True,0.1089,1000,1000,1000,0,0,167,366,1.3
62,fgas+2sigma,13.625,13.75,ok,True,0.0990,1000,1000,1000,0,0,222,486,1.4
62,fgas+2sigma,13.75,13.875,ok,True,0.0899,1000,1000,1000,0,0,289,641,1.4
62,fgas+2sigma,13.875,14.0,ok,True,0.0818,1000,1000,1000,0,0,388,859,1.4
62,fgas+2sigma,14.0,14.125,ok,True,0.0744,1000,1000,1000,0,0,504,1106,1.5
62,fgas+2sigma,14.125,14.25,ok,True,0.0675,659,659,659,0,0,684,1518,1.3
62,fgas+2sigma,14.25,14.375,ok,True,0.0613,354,354,354,0,0,870,1910,0.9
62,fgas+2sigma,14.375,14.5,ok,True,0.0559,169,169,169,0,0,1158,2515,0.6
62,fgas+2sigma,14.5,14.625,ok,True,0.0505,62,62,62,0,0,1512,3320,0.3
62,fgas+2sigma,14.625,14.75,ok,True,0.0465,25,25,25,0,0,2056,4679,0.2
62,fgas+2sigma,14.75,14.875,ok,True,0.0419,13,13,13,0,0,2861,6194,0.2
62,fgas+2sigma,14.875,15.0,ok,False,0.0380,3,3,3,1,0,4138,8888,0.2
67,fgas+2sigma,10.0,10.125,ok,False,1.4136,52,14,40,82,54,0,1,0.3
67,fgas+2sigma,10.125,10.25,ok,False,1.2643,43,12,35,83,62,0,2,0.3
67,fgas+2sigma,10.25,10.375,ok,False,1.2035,528,177,439,12,1,0,2,1.0
67,fgas+2sigma,10.375,10.5,ok,False,1.0876,1000,401,835,4,0,0,2,1.2
67,fgas+2sigma,10.5,10.625,ok,False,0.9701,1000,445,848,0,0,0,2,1.3
67,fgas+2sigma,10.625,10.75,ok,False,0.8810,1000,438,853,7,0,0,2,1.2
67,fgas+2sigma,10.75,10.875,ok,False,0.8005,1000,491,860,3,0,0,2,1.2
67,fgas+2sigma,10.875,11.0,ok,False,0.7258,1000,499,862,5,0,0,2,1.2
67,fgas+2sigma,11.0,11.125,ok,False,0.6595,1000,548,870,2,0,1,2,1.2
67,fgas+2sigma,11.125,11.25,ok,False,0.5997,1000,555,870,2,0,1,2,1.2
67,fgas+2sigma,11.25,11.375,ok,False,0.5524,1000,607,910,0,0,1,2,1.2
67,fgas+2sigma,11.375,11.5,ok,False,0.5017,1000,687,991,0,0,1,3,1.2
67,fgas+2sigma,11.5,11.625,ok,False,0.4566,1000,784,1000,0,0,1,4,1.2
67,fgas+2sigma,11.625,11.75,ok,False,0.4144,1000,849,1000,0,0,2,5,1.2
67,fgas+2sigma,11.75,11.875,ok,False,0.3774,1000,905,1000,0,0,3,6,1.2
67,fgas+2sigma,11.875,12.0,ok,False,0.3420,1000,961,1000,0,0,4,9,1.2
67,fgas+2sigma,12.0,12.125,ok,False,0.3110,1000,991,1000,0,0,5,12,1.2
67,fgas+2sigma,12.125,12.25,ok,True,0.2824,1000,995,1000,0,0,6,15,1.2
67,fgas+2sigma,12.25,12.375,ok,True,0.2575,1000,999,1000,0,0,9,19,1.2
67,fgas+2sigma,12.375,12.5,ok,True,0.2338,1000,1000,1000,0,0,12,25,1.2
67,fgas+2sigma,12.5,12.625,ok,True,0.2120,1000,1000,1000,0,0,16,33,1.2
67,fgas+2sigma,12.625,12.75,ok,True,0.1924,1000,1000,1000,0,0,21,44,1.3
67,fgas+2sigma,12.75,12.875,ok,True,0.1749,1000,1000,1000,0,0,28,59,1.3
67,fgas+2sigma,12.875,13.0,ok,True,0.1595,1000,1000,1000,0,0,36,77,1.3
67,fgas+2sigma,13.0,13.125,ok,True,0.1442,1000,1000,1000,0,0,50,105,1.3
67,fgas+2sigma,13.125,13.25,ok,True,0.1313,1000,1000,1000,0,0,66,140,1.3
67,fgas+2sigma,13.25,13.375,ok,True,0.1193,1000,1000,1000,0,0,87,188,1.2
67,fgas+2sigma,13.375,13.5,ok,True,0.1086,1000,1000,1000,0,0,118,254,1.3
67,fgas+2sigma,13.5,13.625,ok,True,0.0987,1000,1000,1000,0,0,155,342,1.4
67,fgas+2sigma,13.625,13.75,ok,True,0.0897,1000,1000,1000,0,0,204,446,1.3
67,fgas+2sigma,13.75,13.875,ok,True,0.0815,1000,1000,1000,0,0,278,612,1.4
67,fgas+2sigma,13.875,14.0,ok,True,0.0739,1000,1000,1000,0,0,371,816,1.4
67,fgas+2sigma,14.0,14.125,ok,True,0.0672,1000,1000,1000,0,0,488,1067,1.4
67,fgas+2sigma,14.125,14.25,ok,True,0.0611,985,985,985,0,0,648,1420,1.5
67,fgas+2sigma,14.25,14.375,ok,True,0.0553,567,567,567,0,0,864,1900,1.2
67,fgas+2sigma,14.375,14.5,ok,True,0.0508,306,306,306,0,0,1081,2396,0.8
67,fgas+2sigma,14.5,14.625,ok,True,0.0458,158,158,158,0,0,1477,3273,0.6
67,fgas+2sigma,14.625,14.75,ok,True,0.0417,72,72,72,0,0,1984,4340,0.4
67,fgas+2sigma,14.75,14.875,ok,True,0.0376,20,20,20,0,0,2696,5869,0.2
67,fgas+2sigma,14.875,15.0,ok,True,0.0351,11,11,11,0,0,3151,6864,0.2
69,fgas+2sigma,10.0,10.125,ok,False,1.3493,47,12,44,87,45,0,3,0.3
69,fgas+2sigma,10.125,10.25,ok,False,1.2151,30,15,26,82,59,0,2,0.2
69,fgas+2sigma,10.25,10.375,ok,False,1.1570,511,173,434,18,2,0,2,0.9
69,fgas+2sigma,10.375,10.5,ok,False,1.0460,1000,400,841,2,0,0,2,1.2
69,fgas+2sigma,10.5,10.625,ok,False,0.9299,1000,411,832,4,0,0,2,1.2
69,fgas+2sigma,10.625,10.75,ok,False,0.8490,1000,476,838,5,0,0,2,1.2
69,fgas+2sigma,10.75,10.875,ok,False,0.7700,1000,458,817,9,1,0,2,1.2
69,fgas+2sigma,10.875,11.0,ok,False,0.6984,1000,515,840,5,0,1,2,1.2
69,fgas+2sigma,11.0,11.125,ok,False,0.6347,1000,528,866,0,0,1,2,1.1
69,fgas+2sigma,11.125,11.25,ok,False,0.5755,1000,532,816,1,0,1,2,1.2
69,fgas+2sigma,11.25,11.375,ok,False,0.5289,1000,572,895,0,0,1,2,1.2
69,fgas+2sigma,11.375,11.5,ok,False,0.4835,1000,660,983,0,0,1,3,1.2
69,fgas+2sigma,11.5,11.625,ok,False,0.4399,1000,749,1000,0,0,1,4,1.2
69,fgas+2sigma,11.625,11.75,ok,False,0.3986,1000,845,1000,0,0,2,5,1.1
69,fgas+2sigma,11.75,11.875,ok,False,0.3620,1000,925,1000,0,0,3,6,1.2
69,fgas+2sigma,11.875,12.0,ok,False,0.3305,1000,962,1000,0,0,3,8,1.2
69,fgas+2sigma,12.0,12.125,ok,True,0.2993,1000,980,1000,0,0,5,11,1.2
69,fgas+2sigma,12.125,12.25,ok,True,0.2715,1000,994,1000,0,0,7,14,1.3
69,fgas+2sigma,12.25,12.375,ok,True,0.2472,1000,1000,1000,0,0,9,18,1.2
69,fgas+2sigma,12.375,12.5,ok,True,0.2245,1000,1000,1000,0,0,12,24,1.2
69,fgas+2sigma,12.5,12.625,ok,True,0.2040,1000,1000,1000,0,0,15,32,1.2
69,fgas+2sigma,12.625,12.75,ok,True,0.1855,1000,1000,1000,0,0,20,41,1.2
69,fgas+2sigma,12.75,12.875,ok,True,0.1683,1000,1000,1000,0,0,27,56,1.2
69,fgas+2sigma,12.875,13.0,ok,True,0.1527,1000,1000,1000,0,0,37,77,1.2
69,fgas+2sigma,13.0,13.125,ok,True,0.1387,1000,1000,1000,0,0,49,104,1.2
69,fgas+2sigma,13.125,13.25,ok,True,0.1259,1000,1000,1000,0,0,64,135,1.2
69,fgas+2sigma,13.25,13.375,ok,True,0.1146,1000,1000,1000,0,0,85,184,1.2
69,fgas+2sigma,13.375,13.5,ok,True,0.1044,1000,1000,1000,0,0,114,247,1.3
69,fgas+2sigma,13.5,13.625,ok,True,0.0948,1000,1000,1000,0,0,151,329,1.2
69,fgas+2sigma,13.625,13.75,ok,True,0.0860,1000,1000,1000,0,0,200,436,1.3
69,fgas+2sigma,13.75,13.875,ok,True,0.0783,1000,1000,1000,0,0,270,588,1.3
69,fgas+2sigma,13.875,14.0,ok,True,0.0711,1000,1000,1000,0,0,356,781,1.4
69,fgas+2sigma,14.0,14.125,ok,True,0.0644,1000,1000,1000,0,0,470,1041,1.4
69,fgas+2sigma,14.125,14.25,ok,True,0.0586,1000,1000,1000,0,0,635,1394,1.5
69,fgas+2sigma,14.25,14.375,ok,True,0.0533,632,632,632,0,0,836,1844,1.2
69,fgas+2sigma,14.375,14.5,ok,True,0.0488,385,385,385,0,0,1104,2451,0.9
69,fgas+2sigma,14.5,14.625,ok,True,0.0442,173,173,173,0,0,1404,3036,0.6
69,fgas+2sigma,14.625,14.75,ok,True,0.0398,93,93,93,0,0,1963,4336,0.4
69,fgas+2sigma,14.75,14.875,ok,True,0.0367,31,31,31,0,0,2593,5649,0.3
69,fgas+2sigma,14.875,15.0,ok,True,0.0337,13,13,13,0,0,3002,6622,0.2
71,fgas+2sigma,10.0,10.125,ok,False,1.2915,24,7,18,93,75,0,2,0.3
71,fgas+2sigma,10.125,10.25,ok,False,1.1787,27,12,19,86,67,0,2,0.2
71,fgas+2sigma,10.25,10.375,ok,False,1.1138,414,143,349,18,3,0,2,0.9
71,fgas+2sigma,10.375,10.5,ok,False,1.0067,1000,369,830,3,0,0,2,1.2
71,fgas+2sigma,10.5,10.625,ok,False,0.8980,1000,388,812,4,1,0,2,1.2
71,fgas+2sigma,10.625,10.75,ok,False,0.8170,1000,417,805,6,1,0,2,1.2
71,fgas+2sigma,10.75,10.875,ok,False,0.7421,1000,458,800,5,1,0,2,1.2
71,fgas+2sigma,10.875,11.0,ok,False,0.6707,1000,505,825,7,1,1,2,1.2
71,fgas+2sigma,11.0,11.125,ok,False,0.6095,1000,512,816,3,0,1,2,1.2
71,fgas+2sigma,11.125,11.25,ok,False,0.5539,1000,522,824,1,1,1,2,1.1
71,fgas+2sigma,11.25,11.375,ok,False,0.5093,1000,562,880,1,0,1,2,1.2
71,fgas+2sigma,11.375,11.5,ok,False,0.4648,1000,623,991,0,0,1,3,1.2
71,fgas+2sigma,11.5,11.625,ok,False,0.4233,1000,751,1000,0,0,1,4,1.1
71,fgas+2sigma,11.625,11.75,ok,False,0.3842,1000,841,1000,0,0,2,4,1.1
71,fgas+2sigma,11.75,11.875,ok,False,0.3485,1000,907,1000,0,0,3,6,1.3
71,fgas+2sigma,11.875,12.0,ok,False,0.3162,1000,953,1000,0,0,3,8,1.1
71,fgas+2sigma,12.0,12.125,ok,True,0.2869,1000,982,1000,0,0,4,10,1.1
71,fgas+2sigma,12.125,12.25,ok,True,0.2612,1000,994,1000,0,0,6,13,1.1
71,fgas+2sigma,12.25,12.375,ok,True,0.2379,1000,998,1000,0,0,8,17,1.1
71,fgas+2sigma,12.375,12.5,ok,True,0.2156,1000,1000,1000,0,0,11,22,1.1
71,fgas+2sigma,12.5,12.625,ok,True,0.1966,1000,1000,1000,0,0,14,29,1.1
71,fgas+2sigma,12.625,12.75,ok,True,0.1781,1000,1000,1000,0,0,20,40,1.2
71,fgas+2sigma,12.75,12.875,ok,True,0.1623,1000,1000,1000,0,0,26,53,1.2
71,fgas+2sigma,12.875,13.0,ok,True,0.1468,1000,1000,1000,0,0,35,72,1.2
71,fgas+2sigma,13.0,13.125,ok,True,0.1334,1000,1000,1000,0,0,46,98,1.2
71,fgas+2sigma,13.125,13.25,ok,True,0.1212,1000,1000,1000,0,0,63,134,1.2
71,fgas+2sigma,13.25,13.375,ok,True,0.1103,1000,1000,1000,0,0,81,176,1.2
71,fgas+2sigma,13.375,13.5,ok,True,0.1003,1000,1000,1000,0,0,108,234,1.2
71,fgas+2sigma,13.5,13.625,ok,True,0.0911,1000,1000,1000,0,0,146,316,1.2
71,fgas+2sigma,13.625,13.75,ok,True,0.0828,1000,1000,1000,0,0,192,421,1.3
71,fgas+2sigma,13.75,13.875,ok,True,0.0753,1000,1000,1000,0,0,262,576,1.3
71,fgas+2sigma,13.875,14.0,ok,True,0.0685,1000,1000,1000,0,0,343,755,1.3
71,fgas+2sigma,14.0,14.125,ok,True,0.0622,1000,1000,1000,0,0,459,1007,1.4
71,fgas+2sigma,14.125,14.25,ok,True,0.0566,1000,1000,1000,0,0,603,1335,1.5
71,fgas+2sigma,14.25,14.375,ok,True,0.0513,714,714,714,0,0,818,1815,1.3
71,fgas+2sigma,14.375,14.5,ok,True,0.0468,440,440,440,0,0,1071,2366,1.0
71,fgas+2sigma,14.5,14.625,ok,True,0.0425,208,208,208,0,0,1382,3026,0.7
71,fgas+2sigma,14.625,14.75,ok,True,0.0386,103,103,103,0,0,1819,3970,0.4
71,fgas+2sigma,14.75,14.875,ok,True,0.0351,48,48,48,0,0,2554,5745,0.3
71,fgas+2sigma,14.875,15.0,ok,True,0.0319,15,15,15,0,0,3137,7038,0.2
73,fgas+2sigma,10.0,10.125,ok,False,1.2556,24,5,20,94,70,0,2,0.2
73,fgas+2sigma,10.125,10.25,ok,False,1.1252,27,7,22,91,67,0,2,0.2
73,fgas+2sigma,10.25,10.375,ok,False,1.0714,330,124,258,30,10,0,2,0.8
73,fgas+2sigma,10.375,10.5,ok,False,0.9694,834,283,676,8,0,0,2,1.1
73,fgas+2sigma,10.5,10.625,ok,False,0.8647,1000,360,796,12,1,0,1,1.1
73,fgas+2sigma,10.625,10.75,ok,False,0.7870,1000,407,787,4,0,0,2,1.1
73,fgas+2sigma,10.75,10.875,ok,False,0.7147,1000,431,824,6,2,0,2,1.1
73,fgas+2sigma,10.875,11.0,ok,False,0.6463,1000,467,786,1,1,0,1,1.1
73,fgas+2sigma,11.0,11.125,ok,False,0.5880,1000,505,804,3,0,1,2,1.1
73,fgas+2sigma,11.125,11.25,ok,False,0.5337,1000,484,850,0,0,0,2,1.1
73,fgas+2sigma,11.25,11.375,ok,False,0.4915,1000,523,888,0,0,1,2,1.1
73,fgas+2sigma,11.375,11.5,ok,False,0.4483,1000,614,987,0,0,1,3,1.1
73,fgas+2sigma,11.5,11.625,ok,False,0.4060,1000,739,1000,0,0,1,3,1.2
73,fgas+2sigma,11.625,11.75,ok,False,0.3701,1000,841,1000,0,0,2,4,1.1
73,fgas+2sigma,11.75,11.875,ok,False,0.3355,1000,905,1000,0,0,2,5,1.2
73,fgas+2sigma,11.875,12.0,ok,False,0.3055,1000,958,1000,0,0,3,7,1.1
73,fgas+2sigma,12.0,12.125,ok,True,0.2774,1000,985,1000,0,0,4,10,1.1
73,fgas+2sigma,12.125,12.25,ok,True,0.2519,1000,990,1000,0,0,6,12,1.1
73,fgas+2sigma,12.25,12.375,ok,True,0.2289,1000,998,1000,0,0,8,16,1.1
73,fgas+2sigma,12.375,12.5,ok,True,0.2085,1000,1000,1000,0,0,10,21,1.1
73,fgas+2sigma,12.5,12.625,ok,True,0.1890,1000,1000,1000,0,0,14,29,1.2
73,fgas+2sigma,12.625,12.75,ok,True,0.1718,1000,1000,1000,0,0,18,37,1.2
73,fgas+2sigma,12.75,12.875,ok,True,0.1565,1000,1000,1000,0,0,25,49,1.2
73,fgas+2sigma,12.875,13.0,ok,True,0.1414,1000,1000,1000,0,0,33,71,1.2
73,fgas+2sigma,13.0,13.125,ok,True,0.1283,1000,1000,1000,0,0,45,93,1.2
73,fgas+2sigma,13.125,13.25,ok,True,0.1169,1000,1000,1000,0,0,60,124,1.2
73,fgas+2sigma,13.25,13.375,ok,True,0.1063,1000,1000,1000,0,0,80,171,1.2
73,fgas+2sigma,13.375,13.5,ok,True,0.0965,1000,1000,1000,0,0,105,226,1.3
73,fgas+2sigma,13.5,13.625,ok,True,0.0877,1000,1000,1000,0,0,140,304,1.3
73,fgas+2sigma,13.625,13.75,ok,True,0.0797,1000,1000,1000,0,0,189,408,1.3
73,fgas+2sigma,13.75,13.875,ok,True,0.0723,1000,1000,1000,0,0,249,544,1.3
73,fgas+2sigma,13.875,14.0,ok,True,0.0658,1000,1000,1000,0,0,345,752,1.4
73,fgas+2sigma,14.0,14.125,ok,True,0.0599,1000,1000,1000,0,0,449,983,1.5
73,fgas+2sigma,14.125,14.25,ok,True,0.0544,1000,1000,1000,0,0,592,1306,1.6
73,fgas+2sigma,14.25,14.375,ok,True,0.0495,829,829,829,0,0,782,1728,1.5
73,fgas+2sigma,14.375,14.5,ok,True,0.0450,489,489,489,0,0,1058,2337,1.1
73,fgas+2sigma,14.5,14.625,ok,True,0.0410,257,257,257,0,0,1340,2980,1.3
73,fgas+2sigma,14.625,14.75,ok,True,0.0369,116,116,116,0,0,1800,3994,0.5
73,fgas+2sigma,14.75,14.875,ok,True,0.0338,60,60,60,0,0,2474,5549,0.3
73,fgas+2sigma,14.875,15.0,ok,True,0.0306,21,21,21,0,0,3210,6933,0.2
75,fgas+2sigma,10.0,10.125,ok,False,1.2015,23,5,19,95,80,0,2,0.2
75,fgas+2sigma,10.125,10.25,ok,False,1.0825,27,6,20,94,70,0,2,0.2
75,fgas+2sigma,10.25,10.375,ok,False,1.0350,286,96,213,35,9,0,1,0.7
75,fgas+2sigma,10.375,10.5,ok,False,0.9356,706,217,537,8,5,0,1,1.0
75,fgas+2sigma,10.5,10.625,ok,False,0.8352,1000,378,775,8,0,0,1,1.1
75,fgas+2sigma,10.625,10.75,ok,False,0.7587,1000,413,760,8,0,0,1,1.1
75,fgas+2sigma,10.75,10.875,ok,False,0.6904,1000,430,793,3,0,0,2,1.1
75,fgas+2sigma,10.875,11.0,ok,False,0.6264,1000,477,799,1,0,0,1,1.1
75,fgas+2sigma,11.0,11.125,ok,False,0.5682,1000,473,774,1,1,0,1,1.1
75,fgas+2sigma,11.125,11.25,ok,False,0.5162,1000,503,799,3,1,1,2,1.1
75,fgas+2sigma,11.25,11.375,ok,False,0.4738,1000,511,878,1,0,1,2,1.1
75,fgas+2sigma,11.375,11.5,ok,False,0.4324,1000,620,986,1,0,1,3,1.1
75,fgas+2sigma,11.5,11.625,ok,False,0.3930,1000,711,1000,0,0,1,3,1.1
75,fgas+2sigma,11.625,11.75,ok,False,0.3577,1000,808,1000,0,0,2,4,1.1
75,fgas+2sigma,11.75,11.875,ok,False,0.3243,1000,902,1000,0,0,2,5,1.1
75,fgas+2sigma,11.875,12.0,ok,True,0.2945,1000,954,1000,0,0,3,7,1.1
75,fgas+2sigma,12.0,12.125,ok,True,0.2672,1000,978,1000,0,0,4,8,1.1
75,fgas+2sigma,12.125,12.25,ok,True,0.2441,1000,994,1000,0,0,5,11,1.1
75,fgas+2sigma,12.25,12.375,ok,True,0.2210,1000,999,1000,0,0,8,15,1.1
75,fgas+2sigma,12.375,12.5,ok,True,0.2006,1000,999,1000,0,0,10,19,1.1
75,fgas+2sigma,12.5,12.625,ok,True,0.1823,1000,1000,1000,0,0,13,26,1.1
75,fgas+2sigma,12.625,12.75,ok,True,0.1657,1000,1000,1000,0,0,18,35,1.1
75,fgas+2sigma,12.75,12.875,ok,True,0.1505,1000,1000,1000,0,0,23,47,1.1
75,fgas+2sigma,12.875,13.0,ok,True,0.1370,1000,1000,1000,0,0,31,63,1.1
75,fgas+2sigma,13.0,13.125,ok,True,0.1244,1000,1000,1000,0,0,42,88,1.1
75,fgas+2sigma,13.125,13.25,ok,True,0.1126,1000,1000,1000,0,0,56,119,1.2
75,fgas+2sigma,13.25,13.375,ok,True,0.1027,1000,1000,1000,0,0,75,162,1.1
75,fgas+2sigma,13.375,13.5,ok,True,0.0935,1000,1000,1000,0,0,100,216,1.2
75,fgas+2sigma,13.5,13.625,ok,True,0.0847,1000,1000,1000,0,0,138,295,1.2
75,fgas+2sigma,13.625,13.75,ok,True,0.0769,1000,1000,1000,0,0,180,389,1.2
75,fgas+2sigma,13.75,13.875,ok,True,0.0699,1000,1000,1000,0,0,246,535,1.3
75,fgas+2sigma,13.875,14.0,ok,True,0.0637,1000,1000,1000,0,0,319,695,1.3
75,fgas+2sigma,14.0,14.125,ok,True,0.0578,1000,1000,1000,0,0,430,939,1.4
75,fgas+2sigma,14.125,14.25,ok,True,0.0525,1000,1000,1000,0,0,573,1256,1.3
75,fgas+2sigma,14.25,14.375,ok,True,0.0478,905,905,905,0,0,768,1694,1.4
75,fgas+2sigma,14.375,14.5,ok,True,0.0433,515,515,515,0,0,1016,2246,1.1
75,fgas+2sigma,14.5,14.625,ok,True,0.0396,305,305,305,0,0,1331,2933,0.8
75,fgas+2sigma,14.625,14.75,ok,True,0.0358,119,119,119,0,0,1772,3938,0.5
75,fgas+2sigma,14.75,14.875,ok,True,0.0329,60,60,60,0,0,2366,5198,0.4
75,fgas+2sigma,14.875,15.0,ok,True,0.0297,22,22,22,0,0,3232,7300,0.2
77,fgas+2sigma,10.0,10.125,ok,False,1.1762,147,31,110,67,27,0,1,0.6
77,fgas+2sigma,10.125,10.25,ok,False,1.0540,544,139,412,36,4,0,1,1.1
77,fgas+2sigma,10.25,10.375,ok,False,1.0020,1000,290,778,14,1,0,1,1.3
77,fgas+2sigma,10.375,10.5,ok,False,0.9049,1000,327,774,10,0,0,1,1.2
77,fgas+2sigma,10.5,10.625,ok,False,0.8093,1000,383,754,6,2,0,1,1.2
77,fgas+2sigma,10.625,10.75,ok,False,0.7383,1000,408,785,10,1,0,1,1.2
77,fgas+2sigma,10.75,10.875,ok,False,0.6709,1000,397,790,6,0,0,1,1.2
77,fgas+2sigma,10.875,11.0,ok,False,0.6041,1000,445,791,3,0,0,2,1.1
77,fgas+2sigma,11.0,11.125,ok,False,0.5519,1000,479,786,4,1,0,2,1.2
77,fgas+2sigma,11.125,11.25,ok,False,0.5021,1000,516,803,1,1,1,2,1.2
77,fgas+2sigma,11.25,11.375,ok,False,0.4605,1000,544,888,1,0,1,2,1.2
77,fgas+2sigma,11.375,11.5,ok,False,0.4184,1000,629,989,0,0,1,3,1.2
77,fgas+2sigma,11.5,11.625,ok,False,0.3815,1000,750,1000,0,0,1,3,1.2
77,fgas+2sigma,11.625,11.75,ok,False,0.3454,1000,840,1000,0,0,2,4,1.3
77,fgas+2sigma,11.75,11.875,ok,False,0.3147,1000,887,1000,0,0,2,5,1.2
77,fgas+2sigma,11.875,12.0,ok,True,0.2847,1000,944,1000,0,0,3,7,1.2
77,fgas+2sigma,12.0,12.125,ok,True,0.2591,1000,980,1000,0,0,4,9,1.3
77,fgas+2sigma,12.125,12.25,ok,True,0.2351,1000,994,1000,0,0,6,11,1.2
77,fgas+2sigma,12.25,12.375,ok,True,0.2144,1000,1000,1000,0,0,7,15,1.3
77,fgas+2sigma,12.375,12.5,ok,True,0.1949,1000,999,1000,0,0,10,19,1.2
77,fgas+2sigma,12.5,12.625,ok,True,0.1761,1000,1000,1000,0,0,13,25,1.2
77,fgas+2sigma,12.625,12.75,ok,True,0.1604,1000,1000,1000,0,0,18,35,1.2
77,fgas+2sigma,12.75,12.875,ok,True,0.1461,1000,1000,1000,0,0,24,48,1.3
77,fgas+2sigma,12.875,13.0,ok,True,0.1324,1000,1000,1000,0,0,32,64,1.3
77,fgas+2sigma,13.0,13.125,ok,True,0.1203,1000,1000,1000,0,0,42,86,1.2
77,fgas+2sigma,13.125,13.25,ok,True,0.1095,1000,1000,1000,0,0,56,117,1.3
77,fgas+2sigma,13.25,13.375,ok,True,0.0996,1000,1000,1000,0,0,74,156,1.3
77,fgas+2sigma,13.375,13.5,ok,True,0.0902,1000,1000,1000,0,0,100,212,1.3
77,fgas+2sigma,13.5,13.625,ok,True,0.0820,1000,1000,1000,0,0,132,282,1.3
77,fgas+2sigma,13.625,13.75,ok,True,0.0745,1000,1000,1000,0,0,173,374,1.3
77,fgas+2sigma,13.75,13.875,ok,True,0.0679,1000,1000,1000,0,0,236,512,1.4
77,fgas+2sigma,13.875,14.0,ok,True,0.0616,1000,1000,1000,0,0,313,689,1.4
77,fgas+2sigma,14.0,14.125,ok,True,0.0560,1000,1000,1000,0,0,423,918,1.5
77,fgas+2sigma,14.125,14.25,ok,True,0.0508,1000,1000,1000,0,0,556,1220,1.5
77,fgas+2sigma,14.25,14.375,ok,True,0.0463,1000,1000,1000,0,0,748,1651,1.6
77,fgas+2sigma,14.375,14.5,ok,True,0.0419,1000,1000,1000,0,0,1012,2246,1.7
77,fgas+2sigma,14.5,14.625,ok,True,0.0382,647,647,647,0,0,1310,2892,1.5
77,fgas+2sigma,14.625,14.75,ok,True,0.0348,370,370,370,0,0,1736,3837,1.1
77,fgas+2sigma,14.75,14.875,ok,True,0.0315,191,191,191,0,0,2316,5192,0.7
77,fgas+2sigma,14.875,15.0,ok,True,0.0286,102,102,102,0,0,3154,7094,0.5
9,fgas-2sigma,10.0,10.125,ok,False,3.1016,259,96,246,61,2,0,3,0.2
9,fgas-2sigma,10.125,10.25,ok,False,2.8192,108,39,101,73,18,0,3,0.1
9,fgas-2sigma,10.25,10.375,ok,False,2.6591,766,309,706,14,0,0,3,0.2
9,fgas-2sigma,10.375,10.5,ok,False,2.4037,1000,439,909,6,0,0,3,0.2
9,fgas-2sigma,10.5,10.625,ok,False,2.1442,1000,462,920,1,0,0,3,0.2
9,fgas-2sigma,10.625,10.75,ok,False,1.9434,1000,529,925,2,0,1,3,0.2
9,fgas-2sigma,10.75,10.875,ok,False,1.7771,1000,573,933,1,0,1,3,0.2
9,fgas-2sigma,10.875,11.0,ok,False,1.6053,1000,580,937,1,0,1,3,0.2
9,fgas-2sigma,11.0,11.125,ok,False,1.4591,1000,656,955,1,0,1,3,0.2
9,fgas-2sigma,11.125,11.25,ok,False,1.3315,1000,708,969,0,0,1,3,0.2
9,fgas-2sigma,11.25,11.375,ok,False,1.2130,1000,783,971,0,0,1,4,0.2
9,fgas-2sigma,11.375,11.5,ok,False,1.1132,1000,839,997,0,0,2,5,0.2
9,fgas-2sigma,11.5,11.625,ok,False,1.0082,1000,882,1000,0,0,2,6,0.2
9,fgas-2sigma,11.625,11.75,ok,False,0.9189,1000,942,1000,0,0,3,8,0.2
9,fgas-2sigma,11.75,11.875,ok,False,0.8334,1000,973,1000,0,0,4,10,0.2
9,fgas-2sigma,11.875,12.0,ok,False,0.7599,1000,994,1000,0,0,5,13,0.2
9,fgas-2sigma,12.0,12.125,ok,False,0.6888,1000,1000,1000,0,0,7,17,0.2
9,fgas-2sigma,12.125,12.25,ok,False,0.6273,1000,999,1000,0,0,9,22,0.2
9,fgas-2sigma,12.25,12.375,ok,False,0.5709,1000,1000,1000,0,0,12,29,0.2
9,fgas-2sigma,12.375,12.5,ok,False,0.5178,1000,1000,1000,0,0,16,38,0.2
9,fgas-2sigma,12.5,12.625,ok,False,0.4713,458,458,458,0,0,22,50,0.2
9,fgas-2sigma,12.625,12.75,ok,False,0.4280,176,176,176,0,0,28,66,0.1
9,fgas-2sigma,12.75,12.875,ok,False,0.3910,71,71,71,0,0,36,87,0.1
9,fgas-2sigma,12.875,13.0,ok,False,0.3576,20,20,20,3,0,49,108,0.0
9,fgas-2sigma,13.0,13.125,ok,False,0.3196,2,2,2,33,15,84,192,0.0
9,fgas-2sigma,13.125,13.25,ok,False,0.2950,2,2,2,27,13,93,190,0.0
9,fgas-2sigma,13.25,13.375,ok,False,0.2570,2,2,2,24,7,110,260,0.0
9,fgas-2sigma,13.375,13.5,no_halos,False,nan,0,0,0,0,0,0,0,0.0
9,fgas-2sigma,13.5,13.625,no_halos,False,nan,0,0,0,0,0,0,0,0.0
9,fgas-2sigma,13.625,13.75,no_halos,False,nan,0,0,0,0,0,0,0,0.0
9,fgas-2sigma,13.75,13.875,no_halos,False,nan,0,0,0,0,0,0,0,0.0
9,fgas-2sigma,13.875,14.0,no_halos,False,nan,0,0,0,0,0,0,0,0.0
9,fgas-2sigma,14.0,14.125,no_halos,False,nan,0,0,0,0,0,0,0,0.0
9,fgas-2sigma,14.125,14.25,no_halos,False,nan,0,0,0,0,0,0,0,0.0
9,fgas-2sigma,14.25,14.375,no_halos,False,nan,0,0,0,0,0,0,0,0.0
9,fgas-2sigma,14.375,14.5,no_halos,False,nan,0,0,0,0,0,0,0,0.0
9,fgas-2sigma,14.5,14.625,no_halos,False,nan,0,0,0,0,0,0,0,0.0
9,fgas-2sigma,14.625,14.75,no_halos,False,nan,0,0,0,0,0,0,0,0.0
9,fgas-2sigma,14.75,14.875,no_halos,False,nan,0,0,0,0,0,0,0,0.0
9,fgas-2sigma,14.875,15.0,no_halos,False,nan,0,0,0,0,0,0,0,0.0
13,fgas-2sigma,10.0,10.125,ok,False,3.1174,631,220,602,28,0,0,3,0.4
13,fgas-2sigma,10.125,10.25,ok,False,2.8499,285,109,265,44,1,0,3,0.3
13,fgas-2sigma,10.25,10.375,ok,False,2.6669,1000,468,940,5,0,0,3,0.4
13,fgas-2sigma,10.375,10.5,ok,False,2.4116,1000,468,935,2,0,0,3,0.4
13,fgas-2sigma,10.5,10.625,ok,False,2.1416,1000,491,923,3,0,0,3,0.4
13,fgas-2sigma,10.625,10.75,ok,False,1.9538,1000,543,922,1,0,1,3,0.4
13,fgas-2sigma,10.75,10.875,ok,False,1.7805,1000,583,944,2,0,1,3,0.4
13,fgas-2sigma,10.875,11.0,ok,False,1.6138,1000,619,941,0,0,1,3,0.4
13,fgas-2sigma,11.0,11.125,ok,False,1.4615,1000,660,957,0,0,1,3,0.4
13,fgas-2sigma,11.125,11.25,ok,False,1.3315,1000,709,961,0,0,1,3,0.4
13,fgas-2sigma,11.25,11.375,ok,False,1.2195,1000,746,965,0,0,1,4,0.4
13,fgas-2sigma,11.375,11.5,ok,False,1.1132,1000,843,999,0,0,2,5,0.4
13,fgas-2sigma,11.5,11.625,ok,False,1.0126,1000,901,1000,0,0,2,6,0.4
13,fgas-2sigma,11.625,11.75,ok,False,0.9208,1000,945,1000,0,0,3,8,0.4
13,fgas-2sigma,11.75,11.875,ok,False,0.8380,1000,980,1000,0,0,4,10,0.4
13,fgas-2sigma,11.875,12.0,ok,False,0.7599,1000,994,1000,0,0,5,13,0.4
13,fgas-2sigma,12.0,12.125,ok,False,0.6888,1000,999,1000,0,0,7,18,0.4
13,fgas-2sigma,12.125,12.25,ok,False,0.6265,1000,1000,1000,0,0,9,22,0.4
13,fgas-2sigma,12.25,12.375,ok,False,0.5709,1000,1000,1000,0,0,12,28,0.4
13,fgas-2sigma,12.375,12.5,ok,False,0.5190,1000,1000,1000,0,0,16,38,0.4
13,fgas-2sigma,12.5,12.625,ok,False,0.4699,1000,1000,1000,0,0,22,50,0.4
13,fgas-2sigma,12.625,12.75,ok,False,0.4276,1000,1000,1000,0,0,28,66,0.4
13,fgas-2sigma,12.75,12.875,ok,False,0.3890,856,856,856,0,0,38,86,0.4
13,fgas-2sigma,12.875,13.0,ok,False,0.3529,345,345,345,0,0,50,111,0.3
13,fgas-2sigma,13.0,13.125,ok,False,0.3218,132,132,132,0,0,64,139,0.2
13,fgas-2sigma,13.125,13.25,ok,True,0.2954,57,57,57,0,0,84,193,0.1
13,fgas-2sigma,13.25,13.375,ok,True,0.2652,16,16,16,0,0,116,256,0.1
13,fgas-2sigma,13.375,13.5,ok,False,0.2448,3,3,3,13,0,149,360,0.0
13,fgas-2sigma,13.5,13.625,ok,False,0.2234,2,2,2,15,4,183,356,0.0
13,fgas-2sigma,13.625,13.75,ok,False,0.2021,1,1,1,27,10,222,494,0.0
13,fgas-2sigma,13.75,13.875,no_halos,False,nan,0,0,0,0,0,0,0,0.0
13,fgas-2sigma,13.875,14.0,no_halos,False,nan,0,0,0,0,0,0,0,0.0
13,fgas-2sigma,14.0,14.125,no_halos,False,nan,0,0,0,0,0,0,0,0.0
13,fgas-2sigma,14.125,14.25,no_halos,False,nan,0,0,0,0,0,0,0,0.0
13,fgas-2sigma,14.25,14.375,no_halos,False,nan,0,0,0,0,0,0,0,0.0
13,fgas-2sigma,14.375,14.5,no_halos,False,nan,0,0,0,0,0,0,0,0.0
13,fgas-2sigma,14.5,14.625,no_halos,False,nan,0,0,0,0,0,0,0,0.0
13,fgas-2sigma,14.625,14.75,no_halos,False,nan,0,0,0,0,0,0,0,0.0
13,fgas-2sigma,14.75,14.875,no_halos,False,nan,0,0,0,0,0,0,0,0.0
13,fgas-2sigma,14.875,15.0,no_halos,False,nan,0,0,0,0,0,0,0,0.0
17,fgas-2sigma,10.0,10.125,ok,False,3.1335,1000,399,945,11,0,0,3,0.7
17,fgas-2sigma,10.125,10.25,ok,False,2.8455,488,200,466,27,0,0,3,0.6
17,fgas-2sigma,10.25,10.375,ok,False,2.6786,1000,421,946,7,0,0,3,0.7
17,fgas-2sigma,10.375,10.5,ok,False,2.4261,1000,445,958,7,0,0,3,0.7
17,fgas-2sigma,10.5,10.625,ok,False,2.1619,1000,525,950,0,0,1,3,0.7
17,fgas-2sigma,10.625,10.75,ok,False,1.9643,1000,524,940,3,0,1,3,0.7
17,fgas-2sigma,10.75,10.875,ok,False,1.7901,1000,562,948,1,0,1,3,0.7
17,fgas-2sigma,10.875,11.0,ok,False,1.6167,1000,603,939,0,0,1,3,0.7
17,fgas-2sigma,11.0,11.125,ok,False,1.4732,1000,667,957,1,0,1,3,0.7
17,fgas-2sigma,11.125,11.25,ok,False,1.3373,1000,649,954,1,0,1,3,0.7
17,fgas-2sigma,11.25,11.375,ok,False,1.2244,1000,757,964,0,0,1,4,0.7
17,fgas-2sigma,11.375,11.5,ok,False,1.1180,1000,821,992,0,0,2,5,0.7
17,fgas-2sigma,11.5,11.625,ok,False,1.0172,1000,897,1000,0,0,2,6,0.7
17,fgas-2sigma,11.625,11.75,ok,False,0.9236,1000,943,1000,0,0,3,8,0.7
17,fgas-2sigma,11.75,11.875,ok,False,0.8395,1000,967,1000,0,0,4,10,0.7
17,fgas-2sigma,11.875,12.0,ok,False,0.7650,1000,992,1000,0,0,5,13,0.7
17,fgas-2sigma,12.0,12.125,ok,False,0.6941,1000,998,1000,0,0,7,16,0.7
17,fgas-2sigma,12.125,12.25,ok,False,0.6299,1000,1000,1000,0,0,9,22,0.7
17,fgas-2sigma,12.25,12.375,ok,False,0.5723,1000,1000,1000,0,0,12,29,0.7
17,fgas-2sigma,12.375,12.5,ok,False,0.5208,1000,1000,1000,0,0,16,37,0.7
17,fgas-2sigma,12.5,12.625,ok,False,0.4743,1000,1000,1000,0,0,21,50,0.7
17,fgas-2sigma,12.625,12.75,ok,False,0.4300,1000,1000,1000,0,0,28,64,0.7
17,fgas-2sigma,12.75,12.875,ok,False,0.3910,1000,1000,1000,0,0,37,83,0.7
17,fgas-2sigma,12.875,13.0,ok,False,0.3557,1000,1000,1000,0,0,49,110,0.7
17,fgas-2sigma,13.0,13.125,ok,False,0.3230,1000,1000,1000,0,0,65,146,0.7
17,fgas-2sigma,13.125,13.25,ok,True,0.2939,792,792,792,0,0,84,188,0.7
17,fgas-2sigma,13.25,13.375,ok,True,0.2668,288,288,288,0,0,113,250,0.5
17,fgas-2sigma,13.375,13.5,ok,True,0.2429,147,147,147,0,0,148,340,0.3
17,fgas-2sigma,13.5,13.625,ok,True,0.2200,47,47,47,0,0,192,424,0.2
17,fgas-2sigma,13.625,13.75,ok,True,0.1996,19,19,19,0,0,268,582,0.1
17,fgas-2sigma,13.75,13.875,ok,False,0.1792,3,3,3,1,0,318,730,0.1
17,fgas-2sigma,13.875,14.0,no_halos,False,nan,0,0,0,0,0,0,0,0.1
17,fgas-2sigma,14.0,14.125,no_halos,False,nan,0,0,0,0,0,0,0,0.1
17,fgas-2sigma,14.125,14.25,no_halos,False,nan,0,0,0,0,0,0,0,0.1
17,fgas-2sigma,14.25,14.375,no_halos,False,nan,0,0,0,0,0,0,0,0.1
17,fgas-2sigma,14.375,14.5,no_halos,False,nan,0,0,0,0,0,0,0,0.1
17,fgas-2sigma,14.5,14.625,no_halos,False,nan,0,0,0,0,0,0,0,0.1
17,fgas-2sigma,14.625,14.75,no_halos,False,nan,0,0,0,0,0,0,0,0.1
17,fgas-2sigma,14.75,14.875,no_halos,False,nan,0,0,0,0,0,0,0,0.1
17,fgas-2sigma,14.875,15.0,no_halos,False,nan,0,0,0,0,0,0,0,0.1
37,fgas-2sigma,10.0,10.125,ok,False,2.4362,829,305,776,13,0,0,3,1.0
37,fgas-2sigma,10.125,10.25,ok,False,2.2095,452,173,420,33,0,0,3,0.7
37,fgas-2sigma,10.25,10.375,ok,False,2.0846,1000,428,941,3,0,0,3,1.0
37,fgas-2sigma,10.375,10.5,ok,False,1.8854,1000,476,937,3,0,0,3,1.0
37,fgas-2sigma,10.5,10.625,ok,False,1.6797,1000,486,931,1,0,0,3,1.0
37,fgas-2sigma,10.625,10.75,ok,False,1.5293,1000,541,935,1,0,1,3,1.0
37,fgas-2sigma,10.75,10.875,ok,False,1.3925,1000,553,921,0,0,1,3,1.0
37,fgas-2sigma,10.875,11.0,ok,False,1.2575,1000,612,937,0,0,1,3,1.0
37,fgas-2sigma,11.0,11.125,ok,False,1.1482,1000,642,942,1,0,1,3,1.0
37,fgas-2sigma,11.125,11.25,ok,False,1.0423,1000,672,928,0,0,1,3,1.0
37,fgas-2sigma,11.25,11.375,ok,False,0.9569,1000,715,951,0,0,1,3,1.0
37,fgas-2sigma,11.375,11.5,ok,False,0.8722,1000,811,999,0,0,1,5,1.0
37,fgas-2sigma,11.5,11.625,ok,False,0.7905,1000,871,1000,0,0,2,6,1.0
37,fgas-2sigma,11.625,11.75,ok,False,0.7191,1000,934,1000,0,0,3,7,1.0
37,fgas-2sigma,11.75,11.875,ok,False,0.6509,1000,967,1000,0,0,4,9,1.0
37,fgas-2sigma,11.875,12.0,ok,False,0.5936,1000,985,1000,0,0,5,12,1.1
37,fgas-2sigma,12.0,12.125,ok,False,0.5388,1000,994,1000,0,0,7,16,1.0
37,fgas-2sigma,12.125,12.25,ok,False,0.4905,1000,999,1000,0,0,9,21,1.0
37,fgas-2sigma,12.25,12.375,ok,False,0.4456,1000,1000,1000,0,0,12,27,1.0
37,fgas-2sigma,12.375,12.5,ok,False,0.4044,1000,1000,1000,0,0,15,35,1.0
37,fgas-2sigma,12.5,12.625,ok,False,0.3679,1000,1000,1000,0,0,20,46,1.1
37,fgas-2sigma,12.625,12.75,ok,False,0.3342,1000,1000,1000,0,0,27,60,1.0
37,fgas-2sigma,12.75,12.875,ok,False,0.3032,1000,1000,1000,0,0,36,78,1.0
37,fgas-2sigma,12.875,13.0,ok,True,0.2758,1000,1000,1000,0,0,48,105,1.0
37,fgas-2sigma,13.0,13.125,ok,True,0.2512,1000,1000,1000,0,0,63,137,1.1
37,fgas-2sigma,13.125,13.25,ok,True,0.2280,1000,1000,1000,0,0,80,179,1.1
37,fgas-2sigma,13.25,13.375,ok,True,0.2075,1000,1000,1000,0,0,107,237,1.1
37,fgas-2sigma,13.375,13.5,ok,True,0.1881,1000,1000,1000,0,0,144,313,1.1
37,fgas-2sigma,13.5,13.625,ok,True,0.1713,910,910,910,0,0,189,416,1.1
37,fgas-2sigma,13.625,13.75,ok,True,0.1555,425,425,425,0,0,249,547,0.7
37,fgas-2sigma,13.75,13.875,ok,True,0.1417,203,203,203,0,0,330,739,0.5
37,fgas-2sigma,13.875,14.0,ok,True,0.1282,84,84,84,0,0,442,960,0.3
37,fgas-2sigma,14.0,14.125,ok,True,0.1184,32,32,32,0,0,564,1218,0.2
37,fgas-2sigma,14.125,14.25,ok,True,0.1052,9,9,9,0,0,642,1477,0.1
37,fgas-2sigma,14.25,14.375,ok,False,0.0962,2,2,2,1,0,922,1932,0.1
37,fgas-2sigma,14.375,14.5,no_halos,False,nan,0,0,0,0,0,0,0,0.1
37,fgas-2sigma,14.5,14.625,no_halos,False,nan,0,0,0,0,0,0,0,0.1
37,fgas-2sigma,14.625,14.75,no_halos,False,nan,0,0,0,0,0,0,0,0.1
37,fgas-2sigma,14.75,14.875,no_halos,False,nan,0,0,0,0,0,0,0,0.1
37,fgas-2sigma,14.875,15.0,no_halos,False,nan,0,0,0,0,0,0,0,0.1
47,fgas-2sigma,10.0,10.125,ok,False,2.0661,465,175,422,22,0,0,3,1.0
47,fgas-2sigma,10.125,10.25,ok,False,1.8648,267,97,238,41,3,0,2,0.6
47,fgas-2sigma,10.25,10.375,ok,False,1.7687,1000,401,919,0,0,0,3,1.2
47,fgas-2sigma,10.375,10.5,ok,False,1.6013,1000,456,933,0,0,0,3,1.2
47,fgas-2sigma,10.5,10.625,ok,False,1.4253,1000,470,938,1,0,0,3,1.2
47,fgas-2sigma,10.625,10.75,ok,False,1.2971,1000,530,928,2,0,1,3,1.2
47,fgas-2sigma,10.75,10.875,ok,False,1.1792,1000,562,923,0,0,1,3,1.2
47,fgas-2sigma,10.875,11.0,ok,False,1.0710,1000,593,927,0,0,1,3,1.1
47,fgas-2sigma,11.0,11.125,ok,False,0.9720,1000,639,933,1,0,1,3,1.2
47,fgas-2sigma,11.125,11.25,ok,False,0.8844,1000,655,913,2,0,1,3,1.2
47,fgas-2sigma,11.25,11.375,ok,False,0.8084,1000,705,962,0,0,1,3,1.2
47,fgas-2sigma,11.375,11.5,ok,False,0.7388,1000,793,997,1,0,1,4,1.2
47,fgas-2sigma,11.5,11.625,ok,False,0.6717,1000,853,1000,0,0,2,5,1.2
47,fgas-2sigma,11.625,11.75,ok,False,0.6099,1000,915,1000,0,0,3,7,1.2
47,fgas-2sigma,11.75,11.875,ok,False,0.5548,1000,965,1000,0,0,4,9,1.2
47,fgas-2sigma,11.875,12.0,ok,False,0.5040,1000,983,1000,0,0,5,12,1.2
47,fgas-2sigma,12.0,12.125,ok,False,0.4581,1000,996,1000,0,0,6,15,1.2
47,fgas-2sigma,12.125,12.25,ok,False,0.4151,1000,999,1000,0,0,8,19,1.2
47,fgas-2sigma,12.25,12.375,ok,False,0.3768,1000,1000,1000,0,0,11,25,1.2
47,fgas-2sigma,12.375,12.5,ok,False,0.3427,1000,1000,1000,0,0,15,33,1.2
47,fgas-2sigma,12.5,12.625,ok,False,0.3111,1000,1000,1000,0,0,19,41,1.2
47,fgas-2sigma,12.625,12.75,ok,True,0.2833,1000,1000,1000,0,0,26,56,1.2
47,fgas-2sigma,12.75,12.875,ok,True,0.2578,1000,1000,1000,0,0,35,76,1.2
47,fgas-2sigma,12.875,13.0,ok,True,0.2338,1000,1000,1000,0,0,45,97,1.3
47,fgas-2sigma,13.0,13.125,ok,True,0.2127,1000,1000,1000,0,0,59,127,1.2
47,fgas-2sigma,13.125,13.25,ok,True,0.1933,1000,1000,1000,0,0,79,169,1.3
47,fgas-2sigma,13.25,13.375,ok,True,0.1752,1000,1000,1000,0,0,106,227,1.2
47,fgas-2sigma,13.375,13.5,ok,True,0.1602,1000,1000,1000,0,0,137,299,1.3
47,fgas-2sigma,13.5,13.625,ok,True,0.1448,1000,1000,1000,0,0,184,401,1.3
47,fgas-2sigma,13.625,13.75,ok,True,0.1319,1000,1000,1000,0,0,247,536,1.4
47,fgas-2sigma,13.75,13.875,ok,True,0.1200,732,732,732,0,0,321,704,1.2
47,fgas-2sigma,13.875,14.0,ok,True,0.1089,389,389,389,0,0,421,925,0.8
47,fgas-2sigma,14.0,14.125,ok,True,0.0986,189,189,189,0,0,555,1228,0.5
47,fgas-2sigma,14.125,14.25,ok,True,0.0899,78,78,78,0,0,707,1545,0.3
47,fgas-2sigma,14.25,14.375,ok,True,0.0824,32,32,32,0,0,922,2041,0.2
47,fgas-2sigma,14.375,14.5,ok,True,0.0731,9,9,9,0,0,1204,2588,0.2
47,fgas-2sigma,14.5,14.625,ok,False,0.0638,1,1,1,4,0,2038,4638,0.1
47,fgas-2sigma,14.625,14.75,no_halos,False,nan,0,0,0,0,0,0,0,0.1
47,fgas-2sigma,14.75,14.875,no_halos,False,nan,0,0,0,0,0,0,0,0.1
47,fgas-2sigma,14.875,15.0,no_halos,False,nan,0,0,0,0,0,0,0,0.1
57,fgas-2sigma,10.0,10.125,ok,False,1.7230,204,75,184,48,5,0,3,0.7
57,fgas-2sigma,10.125,10.25,ok,False,1.5436,123,50,114,60,17,0,2,0.5
57,fgas-2sigma,10.25,10.375,ok,False,1.4684,1000,400,903,4,0,0,3,1.2
57,fgas-2sigma,10.375,10.5,ok,False,1.3303,1000,436,889,3,0,0,3,1.2
57,fgas-2sigma,10.5,10.625,ok,False,1.1851,1000,468,899,2,0,0,2,1.2
57,fgas-2sigma,10.625,10.75,ok,False,1.0778,1000,525,895,1,0,1,3,1.2
57,fgas-2sigma,10.75,10.875,ok,False,0.9799,1000,558,927,2,0,1,3,1.2
57,fgas-2sigma,10.875,11.0,ok,False,0.8860,1000,584,899,2,0,1,2,1.2
57,fgas-2sigma,11.0,11.125,ok,False,0.8051,1000,632,901,0,0,1,3,1.2
57,fgas-2sigma,11.125,11.25,ok,False,0.7342,1000,622,917,3,0,1,3,1.1
57,fgas-2sigma,11.25,11.375,ok,False,0.6728,1000,683,918,1,0,1,3,1.2
57,fgas-2sigma,11.375,11.5,ok,False,0.6144,1000,738,994,0,0,1,4,1.2
57,fgas-2sigma,11.5,11.625,ok,False,0.5572,1000,803,1000,0,0,2,5,1.2
57,fgas-2sigma,11.625,11.75,ok,False,0.5081,1000,897,1000,0,0,2,6,1.2
57,fgas-2sigma,11.75,11.875,ok,False,0.4596,1000,939,1000,0,0,3,8,1.2
57,fgas-2sigma,11.875,12.0,ok,False,0.4192,1000,983,1000,0,0,4,11,1.3
57,fgas-2sigma,12.0,12.125,ok,False,0.3802,1000,989,1000,0,0,6,14,1.3
57,fgas-2sigma,12.125,12.25,ok,False,0.3449,1000,995,1000,0,0,8,18,1.3
57,fgas-2sigma,12.25,12.375,ok,False,0.3138,1000,1000,1000,0,0,10,22,1.3
57,fgas-2sigma,12.375,12.5,ok,True,0.2847,1000,1000,1000,0,0,14,29,1.2
57,fgas-2sigma,12.5,12.625,ok,True,0.2594,1000,1000,1000,0,0,18,37,1.3
57,fgas-2sigma,12.625,12.75,ok,True,0.2346,1000,1000,1000,0,0,24,49,1.3
57,fgas-2sigma,12.75,12.875,ok,True,0.2134,1000,1000,1000,0,0,32,67,1.3
57,fgas-2sigma,12.875,13.0,ok,True,0.1942,1000,1000,1000,0,0,43,89,1.3
57,fgas-2sigma,13.0,13.125,ok,True,0.1766,1000,1000,1000,0,0,56,117,1.3
57,fgas-2sigma,13.125,13.25,ok,True,0.1610,1000,1000,1000,0,0,74,157,1.3
57,fgas-2sigma,13.25,13.375,ok,True,0.1457,1000,1000,1000,0,0,99,210,1.3
57,fgas-2sigma,13.375,13.5,ok,True,0.1325,1000,1000,1000,0,0,131,280,1.3
57,fgas-2sigma,13.5,13.625,ok,True,0.1202,1000,1000,1000,0,0,172,374,1.4
57,fgas-2sigma,13.625,13.75,ok,True,0.1093,1000,1000,1000,0,0,229,496,1.4
57,fgas-2sigma,13.75,13.875,ok,True,0.0995,1000,1000,1000,0,0,303,658,1.4
57,fgas-2sigma,13.875,14.0,ok,True,0.0904,1000,1000,1000,0,0,395,860,1.5
57,fgas-2sigma,14.0,14.125,ok,True,0.0822,696,696,696,0,0,538,1175,1.3
57,fgas-2sigma,14.125,14.25,ok,True,0.0747,385,385,385,0,0,699,1531,0.9
57,fgas-2sigma,14.25,14.375,ok,True,0.0679,184,184,184,0,0,930,2045,0.6
57,fgas-2sigma,14.375,14.5,ok,True,0.0613,76,76,76,0,0,1228,2694,0.4
57,fgas-2sigma,14.5,14.625,ok,True,0.0558,33,33,33,0,0,1583,3480,0.3
57,fgas-2sigma,14.625,14.75,ok,True,0.0506,10,10,10,0,0,2145,4728,0.2
57,fgas-2sigma,14.75,14.875,ok,True,0.0455,5,5,5,0,0,3037,6897,0.2
57,fgas-2sigma,14.875,15.0,no_halos,False,nan,0,0,0,0,0,0,0,0.1
62,fgas-2sigma,10.0,10.125,ok,False,1.5506,93,33,85,66,25,0,2,0.5
62,fgas-2sigma,10.125,10.25,ok,False,1.3945,72,16,60,83,32,0,2,0.4
62,fgas-2sigma,10.25,10.375,ok,False,1.3309,933,366,830,4,0,0,2,1.3
62,fgas-2sigma,10.375,10.5,ok,False,1.2035,1000,410,890,5,1,0,2,1.2
62,fgas-2sigma,10.5,10.625,ok,False,1.0724,1000,441,887,1,0,0,2,1.2
62,fgas-2sigma,10.625,10.75,ok,False,0.9751,1000,513,853,1,0,1,2,1.2
62,fgas-2sigma,10.75,10.875,ok,False,0.8868,1000,518,886,2,0,1,2,1.2
62,fgas-2sigma,10.875,11.0,ok,False,0.8027,1000,593,884,3,0,1,2,1.2
62,fgas-2sigma,11.0,11.125,ok,False,0.7296,1000,591,889,0,0,1,2,1.2
62,fgas-2sigma,11.125,11.25,ok,False,0.6644,1000,630,888,0,0,1,2,1.2
62,fgas-2sigma,11.25,11.375,ok,False,0.6098,1000,647,910,0,1,1,3,1.2
62,fgas-2sigma,11.375,11.5,ok,False,0.5551,1000,716,993,1,0,1,4,1.3
62,fgas-2sigma,11.5,11.625,ok,False,0.5050,1000,805,1000,0,0,1,4,1.2
62,fgas-2sigma,11.625,11.75,ok,False,0.4591,1000,888,1000,0,0,2,5,1.3
62,fgas-2sigma,11.75,11.875,ok,False,0.4169,1000,922,1000,0,0,3,7,1.2
62,fgas-2sigma,11.875,12.0,ok,False,0.3790,1000,976,1000,0,0,4,10,1.2
62,fgas-2sigma,12.0,12.125,ok,False,0.3439,1000,986,1000,0,0,5,13,1.3
62,fgas-2sigma,12.125,12.25,ok,False,0.3133,1000,997,1000,0,0,7,15,1.2
62,fgas-2sigma,12.25,12.375,ok,True,0.2841,1000,999,1000,0,0,10,21,1.2
62,fgas-2sigma,12.375,12.5,ok,True,0.2589,1000,1000,1000,0,0,13,26,1.3
62,fgas-2sigma,12.5,12.625,ok,True,0.2351,1000,1000,1000,0,0,17,35,1.2
62,fgas-2sigma,12.625,12.75,ok,True,0.2132,1000,1000,1000,0,0,23,46,1.3
62,fgas-2sigma,12.75,12.875,ok,True,0.1942,1000,1000,1000,0,0,29,60,1.3
62,fgas-2sigma,12.875,13.0,ok,True,0.1755,1000,1000,1000,0,0,40,80,1.3
62,fgas-2sigma,13.0,13.125,ok,True,0.1601,1000,1000,1000,0,0,54,109,1.3
62,fgas-2sigma,13.125,13.25,ok,True,0.1449,1000,1000,1000,0,0,71,148,1.3
62,fgas-2sigma,13.25,13.375,ok,True,0.1318,1000,1000,1000,0,0,92,194,1.3
62,fgas-2sigma,13.375,13.5,ok,True,0.1202,1000,1000,1000,0,0,124,262,1.3
62,fgas-2sigma,13.5,13.625,ok,True,0.1091,1000,1000,1000,0,0,167,354,1.3
62,fgas-2sigma,13.625,13.75,ok,True,0.0990,1000,1000,1000,0,0,226,489,1.4
62,fgas-2sigma,13.75,13.875,ok,True,0.0899,1000,1000,1000,0,0,289,624,1.6
62,fgas-2sigma,13.875,14.0,ok,True,0.0818,1000,1000,1000,0,0,392,852,1.5
62,fgas-2sigma,14.0,14.125,ok,True,0.0744,1000,1000,1000,0,0,505,1108,1.5
62,fgas-2sigma,14.125,14.25,ok,True,0.0674,653,653,653,0,0,693,1521,1.3
62,fgas-2sigma,14.25,14.375,ok,True,0.0615,358,358,358,0,0,872,1926,0.9
62,fgas-2sigma,14.375,14.5,ok,True,0.0558,180,180,180,0,0,1146,2518,0.6
62,fgas-2sigma,14.5,14.625,ok,True,0.0507,71,71,71,0,0,1516,3423,0.4
62,fgas-2sigma,14.625,14.75,ok,True,0.0464,28,28,28,0,0,1910,4242,0.2
62,fgas-2sigma,14.75,14.875,ok,True,0.0421,12,12,12,0,0,2940,6410,0.2
62,fgas-2sigma,14.875,15.0,ok,True,0.0382,4,4,4,0,0,3846,8384,0.2
67,fgas-2sigma,10.0,10.125,ok,False,1.4093,60,14,48,83,50,0,2,0.4
67,fgas-2sigma,10.125,10.25,ok,False,1.2620,53,14,47,83,46,0,2,0.3
67,fgas-2sigma,10.25,10.375,ok,False,1.2035,535,189,450,16,1,0,2,1.0
67,fgas-2sigma,10.375,10.5,ok,False,1.0893,1000,387,838,4,0,0,2,1.2
67,fgas-2sigma,10.5,10.625,ok,False,0.9715,1000,445,854,2,0,0,2,1.2
67,fgas-2sigma,10.625,10.75,ok,False,0.8810,1000,452,847,4,0,0,2,1.2
67,fgas-2sigma,10.75,10.875,ok,False,0.8032,1000,483,857,2,0,0,2,1.2
67,fgas-2sigma,10.875,11.0,ok,False,0.7251,1000,522,860,3,0,1,2,1.2
67,fgas-2sigma,11.0,11.125,ok,False,0.6595,1000,537,842,2,0,1,2,1.2
67,fgas-2sigma,11.125,11.25,ok,False,0.5997,1000,568,860,2,0,1,2,1.2
67,fgas-2sigma,11.25,11.375,ok,False,0.5506,1000,567,889,0,0,1,2,1.3
67,fgas-2sigma,11.375,11.5,ok,False,0.5025,1000,712,993,0,1,1,3,1.2
67,fgas-2sigma,11.5,11.625,ok,False,0.4560,1000,781,1000,0,0,1,4,1.2
67,fgas-2sigma,11.625,11.75,ok,False,0.4144,1000,863,1000,0,0,2,5,1.2
67,fgas-2sigma,11.75,11.875,ok,False,0.3774,1000,924,1000,0,0,3,7,1.2
67,fgas-2sigma,11.875,12.0,ok,False,0.3420,1000,966,1000,0,0,4,9,1.2
67,fgas-2sigma,12.0,12.125,ok,False,0.3116,1000,987,1000,0,0,5,11,1.2
67,fgas-2sigma,12.125,12.25,ok,True,0.2824,1000,997,1000,0,0,6,14,1.2
67,fgas-2sigma,12.25,12.375,ok,True,0.2571,1000,999,1000,0,0,9,18,1.2
67,fgas-2sigma,12.375,12.5,ok,True,0.2335,1000,1000,1000,0,0,12,24,1.2
67,fgas-2sigma,12.5,12.625,ok,True,0.2120,1000,1000,1000,0,0,15,31,1.2
67,fgas-2sigma,12.625,12.75,ok,True,0.1924,1000,1000,1000,0,0,21,41,1.2
67,fgas-2sigma,12.75,12.875,ok,True,0.1751,1000,1000,1000,0,0,28,55,1.2
67,fgas-2sigma,12.875,13.0,ok,True,0.1592,1000,1000,1000,0,0,37,73,1.2
67,fgas-2sigma,13.0,13.125,ok,True,0.1445,1000,1000,1000,0,0,49,98,1.3
67,fgas-2sigma,13.125,13.25,ok,True,0.1314,1000,1000,1000,0,0,64,133,1.3
67,fgas-2sigma,13.25,13.375,ok,True,0.1193,1000,1000,1000,0,0,89,183,1.3
67,fgas-2sigma,13.375,13.5,ok,True,0.1085,1000,1000,1000,0,0,116,244,1.3
67,fgas-2sigma,13.5,13.625,ok,True,0.0984,1000,1000,1000,0,0,158,335,1.3
67,fgas-2sigma,13.625,13.75,ok,True,0.0895,1000,1000,1000,0,0,206,448,1.4
67,fgas-2sigma,13.75,13.875,ok,True,0.0815,1000,1000,1000,0,0,271,588,1.3
67,fgas-2sigma,13.875,14.0,ok,True,0.0738,1000,1000,1000,0,0,374,815,1.4
67,fgas-2sigma,14.0,14.125,ok,True,0.0671,1000,1000,1000,0,0,491,1065,1.5
67,fgas-2sigma,14.125,14.25,ok,True,0.0611,964,964,964,0,0,646,1416,1.5
67,fgas-2sigma,14.25,14.375,ok,True,0.0553,566,566,566,0,0,877,1912,1.2
67,fgas-2sigma,14.375,14.5,ok,True,0.0507,313,313,313,0,0,1089,2391,0.9
67,fgas-2sigma,14.5,14.625,ok,True,0.0458,157,157,157,0,0,1474,3247,0.6
67,fgas-2sigma,14.625,14.75,ok,True,0.0416,82,82,82,0,0,2018,4421,0.4
67,fgas-2sigma,14.75,14.875,ok,True,0.0377,21,21,21,0,0,2592,5737,0.2
67,fgas-2sigma,14.875,15.0,ok,True,0.0349,9,9,9,0,0,3447,7380,0.2
69,fgas-2sigma,10.0,10.125,ok,False,1.3493,39,11,36,88,44,0,3,0.3
69,fgas-2sigma,10.125,10.25,ok,False,1.2151,34,17,27,82,64,0,2,0.3
69,fgas-2sigma,10.25,10.375,ok,False,1.1570,501,175,418,19,0,0,2,1.0
69,fgas-2sigma,10.375,10.5,ok,False,1.0460,1000,384,828,3,0,0,2,1.2
69,fgas-2sigma,10.5,10.625,ok,False,0.9312,1000,435,846,4,1,0,2,1.2
69,fgas-2sigma,10.625,10.75,ok,False,0.8468,1000,421,845,3,0,0,2,1.2
69,fgas-2sigma,10.75,10.875,ok,False,0.7704,1000,443,842,6,0,0,2,1.1
69,fgas-2sigma,10.875,11.0,ok,False,0.6969,1000,486,835,2,1,0,2,1.2
69,fgas-2sigma,11.0,11.125,ok,False,0.6335,1000,568,857,2,1,1,2,1.2
69,fgas-2sigma,11.125,11.25,ok,False,0.5765,1000,554,857,0,0,1,2,1.2
69,fgas-2sigma,11.25,11.375,ok,False,0.5315,1000,579,891,1,0,1,2,1.2
69,fgas-2sigma,11.375,11.5,ok,False,0.4828,1000,659,988,0,0,1,3,1.2
69,fgas-2sigma,11.5,11.625,ok,False,0.4382,1000,765,1000,0,0,1,4,1.2
69,fgas-2sigma,11.625,11.75,ok,False,0.3991,1000,850,1000,0,0,2,5,1.2
69,fgas-2sigma,11.75,11.875,ok,False,0.3624,1000,925,1000,0,0,3,6,1.2
69,fgas-2sigma,11.875,12.0,ok,False,0.3292,1000,966,1000,0,0,4,8,1.2
69,fgas-2sigma,12.0,12.125,ok,True,0.2982,1000,986,1000,0,0,5,10,1.2
69,fgas-2sigma,12.125,12.25,ok,True,0.2719,1000,995,1000,0,0,6,14,1.2
69,fgas-2sigma,12.25,12.375,ok,True,0.2461,1000,1000,1000,0,0,9,18,1.2
69,fgas-2sigma,12.375,12.5,ok,True,0.2245,1000,1000,1000,0,0,11,22,1.2
69,fgas-2sigma,12.5,12.625,ok,True,0.2038,1000,1000,1000,0,0,15,29,1.2
69,fgas-2sigma,12.625,12.75,ok,True,0.1849,1000,1000,1000,0,0,20,38,1.2
69,fgas-2sigma,12.75,12.875,ok,True,0.1682,1000,1000,1000,0,0,27,52,1.2
69,fgas-2sigma,12.875,13.0,ok,True,0.1530,1000,1000,1000,0,0,36,70,1.2
69,fgas-2sigma,13.0,13.125,ok,True,0.1390,1000,1000,1000,0,0,48,93,1.2
69,fgas-2sigma,13.125,13.25,ok,True,0.1263,1000,1000,1000,0,0,64,128,1.3
69,fgas-2sigma,13.25,13.375,ok,True,0.1146,1000,1000,1000,0,0,85,176,1.2
69,fgas-2sigma,13.375,13.5,ok,True,0.1042,1000,1000,1000,0,0,113,238,1.3
69,fgas-2sigma,13.5,13.625,ok,True,0.0946,1000,1000,1000,0,0,153,321,1.3
69,fgas-2sigma,13.625,13.75,ok,True,0.0860,1000,1000,1000,0,0,209,442,1.3
69,fgas-2sigma,13.75,13.875,ok,True,0.0783,1000,1000,1000,0,0,264,572,1.4
69,fgas-2sigma,13.875,14.0,ok,True,0.0709,1000,1000,1000,0,0,362,786,1.4
69,fgas-2sigma,14.0,14.125,ok,True,0.0645,1000,1000,1000,0,0,477,1042,1.5
69,fgas-2sigma,14.125,14.25,ok,True,0.0585,1000,1000,1000,0,0,632,1378,1.6
69,fgas-2sigma,14.25,14.375,ok,True,0.0533,617,617,617,0,0,841,1867,1.3
69,fgas-2sigma,14.375,14.5,ok,True,0.0487,381,381,381,0,0,1109,2447,1.0
69,fgas-2sigma,14.5,14.625,ok,True,0.0441,176,176,176,0,0,1405,3071,0.6
69,fgas-2sigma,14.625,14.75,ok,True,0.0399,96,96,96,0,0,1926,4292,0.4
69,fgas-2sigma,14.75,14.875,ok,True,0.0364,38,38,38,0,0,2668,5825,0.3
69,fgas-2sigma,14.875,15.0,ok,True,0.0337,11,11,11,0,0,3164,6914,0.2
71,fgas-2sigma,10.0,10.125,ok,False,1.2964,26,9,22,91,57,0,2,0.3
71,fgas-2sigma,10.125,10.25,ok,False,1.1719,26,12,23,89,62,0,2,0.2
71,fgas-2sigma,10.25,10.375,ok,False,1.1138,398,144,332,16,4,0,2,0.9
71,fgas-2sigma,10.375,10.5,ok,False,1.0067,1000,386,824,2,0,0,2,1.2
71,fgas-2sigma,10.5,10.625,ok,False,0.8966,1000,403,807,6,0,0,2,1.1
71,fgas-2sigma,10.625,10.75,ok,False,0.8137,1000,461,818,5,0,0,2,1.2
71,fgas-2sigma,10.75,10.875,ok,False,0.7421,1000,457,819,2,0,0,2,1.2
71,fgas-2sigma,10.875,11.0,ok,False,0.6715,1000,523,819,5,0,1,2,1.2
71,fgas-2sigma,11.0,11.125,ok,False,0.6095,1000,501,834,3,0,1,2,1.1
71,fgas-2sigma,11.125,11.25,ok,False,0.5549,1000,502,826,2,2,1,2,1.2
71,fgas-2sigma,11.25,11.375,ok,False,0.5110,1000,553,878,0,0,1,2,1.1
71,fgas-2sigma,11.375,11.5,ok,False,0.4648,1000,640,989,0,0,1,3,1.2
71,fgas-2sigma,11.5,11.625,ok,False,0.4227,1000,765,1000,0,0,1,4,1.2
71,fgas-2sigma,11.625,11.75,ok,False,0.3837,1000,853,1000,0,0,2,5,1.2
71,fgas-2sigma,11.75,11.875,ok,False,0.3489,1000,904,1000,0,0,2,6,1.2
71,fgas-2sigma,11.875,12.0,ok,False,0.3165,1000,952,1000,0,0,3,8,1.2
71,fgas-2sigma,12.0,12.125,ok,True,0.2871,1000,989,1000,0,0,5,10,1.1
71,fgas-2sigma,12.125,12.25,ok,True,0.2612,1000,996,1000,0,0,6,13,1.1
71,fgas-2sigma,12.25,12.375,ok,True,0.2379,1000,998,1000,0,0,8,16,1.1
71,fgas-2sigma,12.375,12.5,ok,True,0.2162,1000,1000,1000,0,0,11,21,1.1
71,fgas-2sigma,12.5,12.625,ok,True,0.1966,1000,1000,1000,0,0,14,28,1.1
71,fgas-2sigma,12.625,12.75,ok,True,0.1781,1000,1000,1000,0,0,19,36,1.1
71,fgas-2sigma,12.75,12.875,ok,True,0.1618,1000,1000,1000,0,0,26,50,1.1
71,fgas-2sigma,12.875,13.0,ok,True,0.1468,1000,1000,1000,0,0,34,67,1.2
71,fgas-2sigma,13.0,13.125,ok,True,0.1338,1000,1000,1000,0,0,46,90,1.2
71,fgas-2sigma,13.125,13.25,ok,True,0.1214,1000,1000,1000,0,0,60,119,1.1
71,fgas-2sigma,13.25,13.375,ok,True,0.1103,1000,1000,1000,0,0,82,166,1.2
71,fgas-2sigma,13.375,13.5,ok,True,0.1001,1000,1000,1000,0,0,108,226,1.2
71,fgas-2sigma,13.5,13.625,ok,True,0.0911,1000,1000,1000,0,0,146,305,1.2
71,fgas-2sigma,13.625,13.75,ok,True,0.0827,1000,1000,1000,0,0,194,413,1.2
71,fgas-2sigma,13.75,13.875,ok,True,0.0752,1000,1000,1000,0,0,262,566,1.3
71,fgas-2sigma,13.875,14.0,ok,True,0.0685,1000,1000,1000,0,0,340,740,1.3
71,fgas-2sigma,14.0,14.125,ok,True,0.0622,1000,1000,1000,0,0,457,999,1.4
71,fgas-2sigma,14.125,14.25,ok,True,0.0565,1000,1000,1000,0,0,603,1328,1.5
71,fgas-2sigma,14.25,14.375,ok,True,0.0515,698,698,698,0,0,810,1774,1.4
71,fgas-2sigma,14.375,14.5,ok,True,0.0467,430,430,430,0,0,1086,2384,1.0
71,fgas-2sigma,14.5,14.625,ok,True,0.0426,215,215,215,0,0,1394,3049,0.7
71,fgas-2sigma,14.625,14.75,ok,True,0.0386,106,106,106,0,0,1822,4004,0.5
71,fgas-2sigma,14.75,14.875,ok,True,0.0348,61,61,61,0,0,2623,5771,0.4
71,fgas-2sigma,14.875,15.0,ok,True,0.0319,17,17,17,0,0,3223,7483,0.2
73,fgas-2sigma,10.0,10.125,ok,False,1.2564,29,6,26,93,61,0,2,0.3
73,fgas-2sigma,10.125,10.25,ok,False,1.1229,32,7,24,90,75,0,1,0.3
73,fgas-2sigma,10.25,10.375,ok,False,1.0714,298,92,240,38,9,0,2,0.7
73,fgas-2sigma,10.375,10.5,ok,False,0.9711,788,280,614,8,0,0,1,1.1
73,fgas-2sigma,10.5,10.625,ok,False,0.8640,1000,383,778,5,1,0,1,1.1
73,fgas-2sigma,10.625,10.75,ok,False,0.7859,1000,414,810,7,0,0,2,1.1
73,fgas-2sigma,10.75,10.875,ok,False,0.7147,1000,421,800,7,1,0,2,1.1
73,fgas-2sigma,10.875,11.0,ok,False,0.6470,1000,460,812,8,1,0,2,1.1
73,fgas-2sigma,11.0,11.125,ok,False,0.5867,1000,487,781,2,1,0,1,1.1
73,fgas-2sigma,11.125,11.25,ok,False,0.5337,1000,488,806,2,0,0,2,1.1
73,fgas-2sigma,11.25,11.375,ok,False,0.4915,1000,521,860,1,0,1,2,1.1
73,fgas-2sigma,11.375,11.5,ok,False,0.4483,1000,623,994,0,0,1,3,1.1
73,fgas-2sigma,11.5,11.625,ok,False,0.4055,1000,746,1000,0,0,1,3,1.1
73,fgas-2sigma,11.625,11.75,ok,False,0.3701,1000,853,1000,0,0,2,4,1.1
73,fgas-2sigma,11.75,11.875,ok,False,0.3359,1000,905,1000,0,0,2,6,1.2
73,fgas-2sigma,11.875,12.0,ok,False,0.3049,1000,945,1000,0,0,3,7,1.1
73,fgas-2sigma,12.0,12.125,ok,True,0.2777,1000,977,1000,0,0,4,9,1.1
73,fgas-2sigma,12.125,12.25,ok,True,0.2515,1000,996,1000,0,0,6,12,1.1
73,fgas-2sigma,12.25,12.375,ok,True,0.2285,1000,1000,1000,0,0,8,15,1.1
73,fgas-2sigma,12.375,12.5,ok,True,0.2088,1000,1000,1000,0,0,10,20,1.1
73,fgas-2sigma,12.5,12.625,ok,True,0.1890,1000,1000,1000,0,0,14,26,1.2
73,fgas-2sigma,12.625,12.75,ok,True,0.1715,1000,1000,1000,0,0,18,34,1.1
73,fgas-2sigma,12.75,12.875,ok,True,0.1565,1000,1000,1000,0,0,25,46,1.2
73,fgas-2sigma,12.875,13.0,ok,True,0.1416,1000,1000,1000,0,0,34,61,1.2
73,fgas-2sigma,13.0,13.125,ok,True,0.1285,1000,1000,1000,0,0,44,86,1.2
73,fgas-2sigma,13.125,13.25,ok,True,0.1171,1000,1000,1000,0,0,58,116,1.2
73,fgas-2sigma,13.25,13.375,ok,True,0.1064,1000,1000,1000,0,0,77,160,1.2
73,fgas-2sigma,13.375,13.5,ok,True,0.0965,1000,1000,1000,0,0,104,218,1.2
73,fgas-2sigma,13.5,13.625,ok,True,0.0877,1000,1000,1000,0,0,140,296,1.3
73,fgas-2sigma,13.625,13.75,ok,True,0.0797,1000,1000,1000,0,0,189,409,1.3
73,fgas-2sigma,13.75,13.875,ok,True,0.0724,1000,1000,1000,0,0,250,540,1.3
73,fgas-2sigma,13.875,14.0,ok,True,0.0657,1000,1000,1000,0,0,336,729,1.3
73,fgas-2sigma,14.0,14.125,ok,True,0.0600,1000,1000,1000,0,0,448,982,1.4
73,fgas-2sigma,14.125,14.25,ok,True,0.0545,1000,1000,1000,0,0,585,1289,1.4
73,fgas-2sigma,14.25,14.375,ok,True,0.0495,815,815,815,0,0,781,1718,1.4
73,fgas-2sigma,14.375,14.5,ok,True,0.0448,464,464,464,0,0,1078,2374,1.0
73,fgas-2sigma,14.5,14.625,ok,True,0.0410,280,280,280,0,0,1340,2940,0.8
73,fgas-2sigma,14.625,14.75,ok,True,0.0371,122,122,122,0,0,1786,3964,0.5
73,fgas-2sigma,14.75,14.875,ok,True,0.0337,56,56,56,0,0,2470,5526,0.3
73,fgas-2sigma,14.875,15.0,ok,True,0.0308,25,25,25,0,0,3124,6889,0.2
75,fgas-2sigma,10.0,10.125,ok,False,1.2303,25,9,18,91,77,0,1,0.2
75,fgas-2sigma,10.125,10.25,ok,False,1.0848,23,8,13,92,81,0,1,0.2
75,fgas-2sigma,10.25,10.375,ok,False,1.0345,261,77,188,49,13,0,1,0.7
75,fgas-2sigma,10.375,10.5,ok,False,0.9356,709,243,547,12,1,0,1,1.0
75,fgas-2sigma,10.5,10.625,ok,False,0.8365,1000,360,769,11,0,0,1,1.1
75,fgas-2sigma,10.625,10.75,ok,False,0.7576,1000,412,760,6,1,0,1,1.0
75,fgas-2sigma,10.75,10.875,ok,False,0.6913,1000,438,767,6,1,0,1,1.1
75,fgas-2sigma,10.875,11.0,ok,False,0.6249,1000,449,772,6,0,0,1,1.1
75,fgas-2sigma,11.0,11.125,ok,False,0.5676,1000,450,781,2,1,0,1,1.1
75,fgas-2sigma,11.125,11.25,ok,False,0.5157,1000,487,782,1,0,0,2,1.1
75,fgas-2sigma,11.25,11.375,ok,False,0.4747,1000,524,866,1,0,1,2,1.1
75,fgas-2sigma,11.375,11.5,ok,False,0.4331,1000,613,985,0,0,1,3,1.1
75,fgas-2sigma,11.5,11.625,ok,False,0.3927,1000,726,1000,0,0,1,3,1.1
75,fgas-2sigma,11.625,11.75,ok,False,0.3572,1000,802,1000,0,0,2,4,1.1
75,fgas-2sigma,11.75,11.875,ok,False,0.3247,1000,900,1000,0,0,2,5,1.1
75,fgas-2sigma,11.875,12.0,ok,True,0.2945,1000,946,1000,0,0,3,7,1.1
75,fgas-2sigma,12.0,12.125,ok,True,0.2688,1000,981,1000,0,0,4,9,1.1
75,fgas-2sigma,12.125,12.25,ok,True,0.2432,1000,991,1000,0,0,5,11,1.1
75,fgas-2sigma,12.25,12.375,ok,True,0.2206,1000,998,1000,0,0,8,15,1.1
75,fgas-2sigma,12.375,12.5,ok,True,0.2013,1000,999,1000,0,0,10,19,1.1
75,fgas-2sigma,12.5,12.625,ok,True,0.1829,1000,1000,1000,0,0,13,23,1.1
75,fgas-2sigma,12.625,12.75,ok,True,0.1657,1000,1000,1000,0,0,18,32,1.1
75,fgas-2sigma,12.75,12.875,ok,True,0.1511,1000,1000,1000,0,0,23,43,1.1
75,fgas-2sigma,12.875,13.0,ok,True,0.1369,1000,1000,1000,0,0,32,58,1.2
75,fgas-2sigma,13.0,13.125,ok,True,0.1242,1000,1000,1000,0,0,43,81,1.1
75,fgas-2sigma,13.125,13.25,ok,True,0.1129,1000,1000,1000,0,0,56,109,1.1
75,fgas-2sigma,13.25,13.375,ok,True,0.1028,1000,1000,1000,0,0,75,150,1.1
75,fgas-2sigma,13.375,13.5,ok,True,0.0932,1000,1000,1000,0,0,101,205,1.1
75,fgas-2sigma,13.5,13.625,ok,True,0.0849,1000,1000,1000,0,0,135,281,1.2
75,fgas-2sigma,13.625,13.75,ok,True,0.0771,1000,1000,1000,0,0,180,386,1.2
75,fgas-2sigma,13.75,13.875,ok,True,0.0700,1000,1000,1000,0,0,241,516,1.2
75,fgas-2sigma,13.875,14.0,ok,True,0.0637,1000,1000,1000,0,0,322,693,1.3
75,fgas-2sigma,14.0,14.125,ok,True,0.0575,1000,1000,1000,0,0,431,931,1.3
75,fgas-2sigma,14.125,14.25,ok,True,0.0525,1000,1000,1000,0,0,570,1246,1.4
75,fgas-2sigma,14.25,14.375,ok,True,0.0478,807,807,807,0,0,760,1679,1.4
75,fgas-2sigma,14.375,14.5,ok,True,0.0433,533,533,533,0,0,1020,2262,1.1
75,fgas-2sigma,14.5,14.625,ok,True,0.0395,319,319,319,0,0,1322,2920,0.9
75,fgas-2sigma,14.625,14.75,ok,True,0.0360,129,129,129,0,0,1772,3901,0.5
75,fgas-2sigma,14.75,14.875,ok,True,0.0327,64,64,64,0,0,2400,5440,0.4
75,fgas-2sigma,14.875,15.0,ok,True,0.0296,22,22,22,0,0,3232,7385,0.2
77,fgas-2sigma,10.0,10.125,ok,False,1.1762,140,29,106,70,28,0,2,0.6
77,fgas-2sigma,10.125,10.25,ok,False,1.0552,539,142,417,37,4,0,1,1.0
77,fgas-2sigma,10.25,10.375,ok,False,1.0020,1000,317,759,12,1,0,1,1.2
77,fgas-2sigma,10.375,10.5,ok,False,0.9049,1000,347,749,8,0,0,1,1.2
77,fgas-2sigma,10.5,10.625,ok,False,0.8093,1000,373,770,7,0,0,1,1.2
77,fgas-2sigma,10.625,10.75,ok,False,0.7377,1000,375,798,7,2,0,2,1.2
77,fgas-2sigma,10.75,10.875,ok,False,0.6699,1000,416,749,3,1,0,1,1.2
77,fgas-2sigma,10.875,11.0,ok,False,0.6064,1000,430,772,5,2,0,1,1.2
77,fgas-2sigma,11.0,11.125,ok,False,0.5513,1000,480,808,5,0,0,2,1.2
77,fgas-2sigma,11.125,11.25,ok,False,0.5018,1000,488,821,1,2,0,2,1.2
77,fgas-2sigma,11.25,11.375,ok,False,0.4616,1000,489,879,2,0,0,2,1.2
77,fgas-2sigma,11.375,11.5,ok,False,0.4192,1000,636,986,0,0,1,3,1.2
77,fgas-2sigma,11.5,11.625,ok,False,0.3809,1000,756,1000,0,0,1,3,1.2
77,fgas-2sigma,11.625,11.75,ok,False,0.3459,1000,823,1000,0,0,2,4,1.3
77,fgas-2sigma,11.75,11.875,ok,False,0.3138,1000,904,1000,0,0,2,6,1.3
77,fgas-2sigma,11.875,12.0,ok,True,0.2858,1000,941,1000,0,0,3,7,1.2
77,fgas-2sigma,12.0,12.125,ok,True,0.2586,1000,979,1000,0,0,4,9,1.2
77,fgas-2sigma,12.125,12.25,ok,True,0.2358,1000,998,1000,0,0,5,11,1.2
77,fgas-2sigma,12.25,12.375,ok,True,0.2146,1000,999,1000,0,0,7,14,1.2
77,fgas-2sigma,12.375,12.5,ok,True,0.1942,1000,1000,1000,0,0,10,18,1.2
77,fgas-2sigma,12.5,12.625,ok,True,0.1769,1000,1000,1000,0,0,13,24,1.2
77,fgas-2sigma,12.625,12.75,ok,True,0.1608,1000,1000,1000,0,0,18,31,1.2
77,fgas-2sigma,12.75,12.875,ok,True,0.1463,1000,1000,1000,0,0,24,42,1.3
77,fgas-2sigma,12.875,13.0,ok,True,0.1324,1000,1000,1000,0,0,32,57,1.3
77,fgas-2sigma,13.0,13.125,ok,True,0.1205,1000,1000,1000,0,0,43,79,1.3
77,fgas-2sigma,13.125,13.25,ok,True,0.1094,1000,1000,1000,0,0,57,107,1.3
77,fgas-2sigma,13.25,13.375,ok,True,0.0993,1000,1000,1000,0,0,73,146,1.3
77,fgas-2sigma,13.375,13.5,ok,True,0.0902,1000,1000,1000,0,0,99,198,1.3
77,fgas-2sigma,13.5,13.625,ok,True,0.0822,1000,1000,1000,0,0,132,272,1.3
77,fgas-2sigma,13.625,13.75,ok,True,0.0745,1000,1000,1000,0,0,175,367,1.3
77,fgas-2sigma,13.75,13.875,ok,True,0.0679,1000,1000,1000,0,0,238,504,1.3
77,fgas-2sigma,13.875,14.0,ok,True,0.0616,1000,1000,1000,0,0,314,682,1.4
77,fgas-2sigma,14.0,14.125,ok,True,0.0560,1000,1000,1000,0,0,424,924,1.5
77,fgas-2sigma,14.125,14.25,ok,True,0.0507,1000,1000,1000,0,0,563,1230,1.5
77,fgas-2sigma,14.25,14.375,ok,True,0.0463,1000,1000,1000,0,0,750,1658,1.7
77,fgas-2sigma,14.375,14.5,ok,True,0.0419,1000,1000,1000,0,0,1011,2248,1.7
77,fgas-2sigma,14.5,14.625,ok,True,0.0382,648,648,648,0,0,1310,2885,1.4
77,fgas-2sigma,14.625,14.75,ok,True,0.0348,369,369,369,0,0,1735,3838,1.1
77,fgas-2sigma,14.75,14.875,ok,True,0.0315,191,191,191,0,0,2316,5194,0.7
77,fgas-2sigma,14.875,15.0,ok,True,0.0286,102,102,102,0,0,3154,7168,0.5
9,fgas-4sigma,10.0,10.125,ok,False,3.1016,259,96,239,61,4,0,3,0.2
9,fgas-4sigma,10.125,10.25,ok,False,2.8192,108,39,104,73,15,0,3,0.1
9,fgas-4sigma,10.25,10.375,ok,False,2.6591,765,308,706,14,0,0,3,0.2
9,fgas-4sigma,10.375,10.5,ok,False,2.4037,1000,439,915,6,0,0,3,0.2
9,fgas-4sigma,10.5,10.625,ok,False,2.1416,1000,457,923,2,0,0,3,0.2
9,fgas-4sigma,10.625,10.75,ok,False,1.9414,1000,537,926,0,0,1,3,0.2
9,fgas-4sigma,10.75,10.875,ok,False,1.7771,1000,574,920,2,0,1,3,0.2
9,fgas-4sigma,10.875,11.0,ok,False,1.6081,1000,601,931,0,0,1,3,0.2
9,fgas-4sigma,11.0,11.125,ok,False,1.4615,1000,659,956,0,0,1,3,0.2
9,fgas-4sigma,11.125,11.25,ok,False,1.3296,1000,718,961,0,0,1,3,0.2
9,fgas-4sigma,11.25,11.375,ok,False,1.2163,1000,742,970,0,0,1,4,0.2
9,fgas-4sigma,11.375,11.5,ok,False,1.1126,1000,854,994,0,0,2,5,0.2
9,fgas-4sigma,11.5,11.625,ok,False,1.0093,1000,888,1000,0,0,2,6,0.2
9,fgas-4sigma,11.625,11.75,ok,False,0.9171,1000,960,1000,0,0,3,8,0.2
9,fgas-4sigma,11.75,11.875,ok,False,0.8349,1000,977,1000,0,0,4,10,0.2
9,fgas-4sigma,11.875,12.0,ok,False,0.7599,1000,989,1000,0,0,5,13,0.2
9,fgas-4sigma,12.0,12.125,ok,False,0.6909,1000,999,1000,0,0,7,17,0.2
9,fgas-4sigma,12.125,12.25,ok,False,0.6265,1000,1000,1000,0,0,9,22,0.2
9,fgas-4sigma,12.25,12.375,ok,False,0.5709,1000,1000,1000,0,0,12,29,0.2
9,fgas-4sigma,12.375,12.5,ok,False,0.5178,1000,1000,1000,0,0,16,38,0.2
9,fgas-4sigma,12.5,12.625,ok,False,0.4713,464,464,464,0,0,22,50,0.2
9,fgas-4sigma,12.625,12.75,ok,False,0.4276,173,173,173,0,0,28,67,0.1
9,fgas-4sigma,12.75,12.875,ok,False,0.3903,73,73,73,0,0,38,86,0.1
9,fgas-4sigma,12.875,13.0,ok,False,0.3576,20,20,20,3,0,49,113,0.0
9,fgas-4sigma,13.0,13.125,ok,False,0.3248,1,1,1,64,37,79,164,0.0
9,fgas-4sigma,13.125,13.25,ok,False,0.2939,1,1,1,47,29,82,158,0.0
9,fgas-4sigma,13.25,13.375,ok,False,0.2570,2,2,2,24,5,110,256,0.0
9,fgas-4sigma,13.375,13.5,no_halos,False,nan,0,0,0,0,0,0,0,0.0
9,fgas-4sigma,13.5,13.625,no_halos,False,nan,0,0,0,0,0,0,0,0.0
9,fgas-4sigma,13.625,13.75,no_halos,False,nan,0,0,0,0,0,0,0,0.0
9,fgas-4sigma,13.75,13.875,no_halos,False,nan,0,0,0,0,0,0,0,0.0
9,fgas-4sigma,13.875,14.0,no_halos,False,nan,0,0,0,0,0,0,0,0.0
9,fgas-4sigma,14.0,14.125,no_halos,False,nan,0,0,0,0,0,0,0,0.0
9,fgas-4sigma,14.125,14.25,no_halos,False,nan,0,0,0,0,0,0,0,0.0
9,fgas-4sigma,14.25,14.375,no_halos,False,nan,0,0,0,0,0,0,0,0.0
9,fgas-4sigma,14.375,14.5,no_halos,False,nan,0,0,0,0,0,0,0,0.0
9,fgas-4sigma,14.5,14.625,no_halos,False,nan,0,0,0,0,0,0,0,0.0
9,fgas-4sigma,14.625,14.75,no_halos,False,nan,0,0,0,0,0,0,0,0.0
9,fgas-4sigma,14.75,14.875,no_halos,False,nan,0,0,0,0,0,0,0,0.0
9,fgas-4sigma,14.875,15.0,no_halos,False,nan,0,0,0,0,0,0,0,0.0
13,fgas-4sigma,10.0,10.125,ok,False,3.1174,631,220,597,28,0,0,3,0.4
13,fgas-4sigma,10.125,10.25,ok,False,2.8499,286,110,270,44,4,0,3,0.3
13,fgas-4sigma,10.25,10.375,ok,False,2.6669,1000,441,943,2,0,0,3,0.4
13,fgas-4sigma,10.375,10.5,ok,False,2.4100,1000,471,935,0,0,0,3,0.4
13,fgas-4sigma,10.5,10.625,ok,False,2.1467,1000,489,943,4,0,0,3,0.4
13,fgas-4sigma,10.625,10.75,ok,False,1.9496,1000,545,933,1,0,1,3,0.4
13,fgas-4sigma,10.75,10.875,ok,False,1.7771,1000,593,934,1,0,1,3,0.4
13,fgas-4sigma,10.875,11.0,ok,False,1.6109,1000,640,953,0,0,1,3,0.4
13,fgas-4sigma,11.0,11.125,ok,False,1.4638,1000,668,945,1,0,1,3,0.4
13,fgas-4sigma,11.125,11.25,ok,False,1.3315,1000,705,954,0,0,1,3,0.4
13,fgas-4sigma,11.25,11.375,ok,False,1.2179,1000,749,970,0,0,1,3,0.4
13,fgas-4sigma,11.375,11.5,ok,False,1.1126,1000,858,997,0,0,2,5,0.4
13,fgas-4sigma,11.5,11.625,ok,False,1.0115,1000,889,1000,0,0,2,6,0.4
13,fgas-4sigma,11.625,11.75,ok,False,0.9198,1000,948,1000,0,0,3,8,0.4
13,fgas-4sigma,11.75,11.875,ok,False,0.8365,1000,974,1000,0,0,4,10,0.4
13,fgas-4sigma,11.875,12.0,ok,False,0.7586,1000,991,1000,0,0,5,13,0.4
13,fgas-4sigma,12.0,12.125,ok,False,0.6888,1000,998,1000,0,0,7,18,0.4
13,fgas-4sigma,12.125,12.25,ok,False,0.6286,1000,999,1000,0,0,9,22,0.4
13,fgas-4sigma,12.25,12.375,ok,False,0.5695,1000,1000,1000,0,0,12,29,0.4
13,fgas-4sigma,12.375,12.5,ok,False,0.5187,1000,1000,1000,0,0,16,38,0.5
13,fgas-4sigma,12.5,12.625,ok,False,0.4708,1000,1000,1000,0,0,22,50,0.5
13,fgas-4sigma,12.625,12.75,ok,False,0.4292,1000,1000,1000,0,0,28,65,0.5
13,fgas-4sigma,12.75,12.875,ok,False,0.3893,860,860,860,0,0,37,85,0.4
13,fgas-4sigma,12.875,13.0,ok,False,0.3535,356,356,356,0,0,50,110,0.3
13,fgas-4sigma,13.0,13.125,ok,False,0.3221,127,127,127,0,0,64,140,0.2
13,fgas-4sigma,13.125,13.25,ok,True,0.2958,53,53,53,0,0,84,197,0.1
13,fgas-4sigma,13.25,13.375,ok,True,0.2625,15,15,15,0,0,116,256,0.1
13,fgas-4sigma,13.375,13.5,ok,False,0.2448,3,3,3,13,3,149,320,0.0
13,fgas-4sigma,13.5,13.625,ok,False,0.2234,2,2,2,15,3,183,410,0.0
13,fgas-4sigma,13.625,13.75,ok,False,0.2021,1,1,1,27,10,222,492,0.0
13,fgas-4sigma,13.75,13.875,no_halos,False,nan,0,0,0,0,0,0,0,0.0
13,fgas-4sigma,13.875,14.0,no_halos,False,nan,0,0,0,0,0,0,0,0.0
13,fgas-4sigma,14.0,14.125,no_halos,False,nan,0,0,0,0,0,0,0,0.0
13,fgas-4sigma,14.125,14.25,no_halos,False,nan,0,0,0,0,0,0,0,0.0
13,fgas-4sigma,14.25,14.375,no_halos,False,nan,0,0,0,0,0,0,0,0.0
13,fgas-4sigma,14.375,14.5,no_halos,False,nan,0,0,0,0,0,0,0,0.0
13,fgas-4sigma,14.5,14.625,no_halos,False,nan,0,0,0,0,0,0,0,0.0
13,fgas-4sigma,14.625,14.75,no_halos,False,nan,0,0,0,0,0,0,0,0.0
13,fgas-4sigma,14.75,14.875,no_halos,False,nan,0,0,0,0,0,0,0,0.0
13,fgas-4sigma,14.875,15.0,no_halos,False,nan,0,0,0,0,0,0,0,0.0
17,fgas-4sigma,10.0,10.125,ok,False,3.1335,1000,398,953,9,0,0,3,0.7
17,fgas-4sigma,10.125,10.25,ok,False,2.8455,489,200,461,27,0,0,3,0.6
17,fgas-4sigma,10.25,10.375,ok,False,2.6786,1000,413,948,4,0,0,3,0.7
17,fgas-4sigma,10.375,10.5,ok,False,2.4228,1000,442,938,2,0,0,3,0.7
17,fgas-4sigma,10.5,10.625,ok,False,2.1568,1000,498,946,1,0,0,3,0.7
17,fgas-4sigma,10.625,10.75,ok,False,1.9580,1000,534,943,0,0,1,3,0.8
17,fgas-4sigma,10.75,10.875,ok,False,1.7875,1000,576,946,1,0,1,3,0.7
17,fgas-4sigma,10.875,11.0,ok,False,1.6167,1000,610,954,1,0,1,3,0.7
17,fgas-4sigma,11.0,11.125,ok,False,1.4732,1000,645,956,2,0,1,3,0.7
17,fgas-4sigma,11.125,11.25,ok,False,1.3393,1000,700,945,0,0,1,3,0.7
17,fgas-4sigma,11.25,11.375,ok,False,1.2261,1000,735,964,0,0,1,4,0.8
17,fgas-4sigma,11.375,11.5,ok,False,1.1194,1000,823,997,0,0,2,5,0.7
17,fgas-4sigma,11.5,11.625,ok,False,1.0183,1000,883,1000,0,0,2,6,0.7
17,fgas-4sigma,11.625,11.75,ok,False,0.9217,1000,951,1000,0,0,3,8,0.8
17,fgas-4sigma,11.75,11.875,ok,False,0.8411,1000,972,1000,0,0,4,10,0.8
17,fgas-4sigma,11.875,12.0,ok,False,0.7624,1000,985,1000,0,0,5,13,0.7
17,fgas-4sigma,12.0,12.125,ok,False,0.6941,1000,999,1000,0,0,7,17,0.8
17,fgas-4sigma,12.125,12.25,ok,False,0.6308,1000,998,1000,0,0,9,22,0.8
17,fgas-4sigma,12.25,12.375,ok,False,0.5723,1000,1000,1000,0,0,12,29,0.8
17,fgas-4sigma,12.375,12.5,ok,False,0.5202,1000,1000,1000,0,0,16,37,0.8
17,fgas-4sigma,12.5,12.625,ok,False,0.4738,1000,1000,1000,0,0,21,48,0.8
17,fgas-4sigma,12.625,12.75,ok,False,0.4309,1000,1000,1000,0,0,28,64,0.7
17,fgas-4sigma,12.75,12.875,ok,False,0.3910,1000,1000,1000,0,0,38,83,0.8
17,fgas-4sigma,12.875,13.0,ok,False,0.3546,1000,1000,1000,0,0,49,108,0.8
17,fgas-4sigma,13.0,13.125,ok,False,0.3230,1000,1000,1000,0,0,65,144,0.8
17,fgas-4sigma,13.125,13.25,ok,True,0.2939,784,784,784,0,0,84,187,0.8
17,fgas-4sigma,13.25,13.375,ok,True,0.2668,291,291,291,0,0,112,250,0.5
17,fgas-4sigma,13.375,13.5,ok,True,0.2428,152,152,152,0,0,146,327,0.3
17,fgas-4sigma,13.5,13.625,ok,True,0.2204,46,46,46,0,0,188,430,0.2
17,fgas-4sigma,13.625,13.75,ok,True,0.1984,18,18,18,0,0,268,626,0.1
17,fgas-4sigma,13.75,13.875,ok,False,0.1792,3,3,3,1,0,318,764,0.1
17,fgas-4sigma,13.875,14.0,no_halos,False,nan,0,0,0,0,0,0,0,0.1
17,fgas-4sigma,14.0,14.125,no_halos,False,nan,0,0,0,0,0,0,0,0.1
17,fgas-4sigma,14.125,14.25,no_halos,False,nan,0,0,0,0,0,0,0,0.1
17,fgas-4sigma,14.25,14.375,no_halos,False,nan,0,0,0,0,0,0,0,0.1
17,fgas-4sigma,14.375,14.5,no_halos,False,nan,0,0,0,0,0,0,0,0.1
17,fgas-4sigma,14.5,14.625,no_halos,False,nan,0,0,0,0,0,0,0,0.1
17,fgas-4sigma,14.625,14.75,no_halos,False,nan,0,0,0,0,0,0,0,0.1
17,fgas-4sigma,14.75,14.875,no_halos,False,nan,0,0,0,0,0,0,0,0.1
17,fgas-4sigma,14.875,15.0,no_halos,False,nan,0,0,0,0,0,0,0,0.1
37,fgas-4sigma,10.0,10.125,ok,False,2.4362,822,303,781,13,0,0,3,1.1
37,fgas-4sigma,10.125,10.25,ok,False,2.2095,453,175,428,31,0,0,3,0.8
37,fgas-4sigma,10.25,10.375,ok,False,2.0877,1000,423,952,3,0,0,3,1.1
37,fgas-4sigma,10.375,10.5,ok,False,1.8854,1000,434,931,3,0,0,3,1.1
37,fgas-4sigma,10.5,10.625,ok,False,1.6756,1000,500,929,1,0,0,3,1.1
37,fgas-4sigma,10.625,10.75,ok,False,1.5260,1000,525,927,0,0,1,3,1.1
37,fgas-4sigma,10.75,10.875,ok,False,1.3911,1000,564,933,0,0,1,3,1.1
37,fgas-4sigma,10.875,11.0,ok,False,1.2597,1000,611,924,0,0,1,3,1.0
37,fgas-4sigma,11.0,11.125,ok,False,1.1463,1000,647,946,0,0,1,3,1.1
37,fgas-4sigma,11.125,11.25,ok,False,1.0423,1000,679,944,0,0,1,3,1.1
37,fgas-4sigma,11.25,11.375,ok,False,0.9569,1000,725,965,0,0,1,4,1.1
37,fgas-4sigma,11.375,11.5,ok,False,0.8712,1000,814,995,0,0,2,5,1.1
37,fgas-4sigma,11.5,11.625,ok,False,0.7905,1000,866,1000,0,0,2,6,1.1
37,fgas-4sigma,11.625,11.75,ok,False,0.7199,1000,934,1000,0,0,3,8,1.1
37,fgas-4sigma,11.75,11.875,ok,False,0.6546,1000,960,1000,0,0,4,9,1.1
37,fgas-4sigma,11.875,12.0,ok,False,0.5936,1000,987,1000,0,0,5,13,1.1
37,fgas-4sigma,12.0,12.125,ok,False,0.5388,1000,996,1000,0,0,7,16,1.1
37,fgas-4sigma,12.125,12.25,ok,False,0.4905,1000,998,1000,0,0,9,21,1.1
37,fgas-4sigma,12.25,12.375,ok,False,0.4439,1000,1000,1000,0,0,12,27,1.1
37,fgas-4sigma,12.375,12.5,ok,False,0.4049,1000,1000,1000,0,0,15,34,1.1
37,fgas-4sigma,12.5,12.625,ok,False,0.3683,1000,1000,1000,0,0,20,45,1.1
37,fgas-4sigma,12.625,12.75,ok,False,0.3345,1000,1000,1000,0,0,27,59,1.1
37,fgas-4sigma,12.75,12.875,ok,False,0.3040,1000,1000,1000,0,0,36,77,1.1
37,fgas-4sigma,12.875,13.0,ok,True,0.2771,1000,1000,1000,0,0,46,101,1.1
37,fgas-4sigma,13.0,13.125,ok,True,0.2501,1000,1000,1000,0,0,62,136,1.1
37,fgas-4sigma,13.125,13.25,ok,True,0.2283,1000,1000,1000,0,0,81,178,1.2
37,fgas-4sigma,13.25,13.375,ok,True,0.2070,1000,1000,1000,0,0,106,235,1.1
37,fgas-4sigma,13.375,13.5,ok,True,0.1877,1000,1000,1000,0,0,145,316,1.5
37,fgas-4sigma,13.5,13.625,ok,True,0.1710,890,890,890,0,0,189,414,1.1
37,fgas-4sigma,13.625,13.75,ok,True,0.1561,437,437,437,0,0,249,539,0.8
37,fgas-4sigma,13.75,13.875,ok,True,0.1419,205,205,205,0,0,328,723,0.5
37,fgas-4sigma,13.875,14.0,ok,True,0.1289,82,82,82,0,0,434,926,0.3
37,fgas-4sigma,14.0,14.125,ok,True,0.1170,35,35,35,0,0,586,1292,0.2
37,fgas-4sigma,14.125,14.25,ok,True,0.1052,9,9,9,0,0,635,1501,0.1
37,fgas-4sigma,14.25,14.375,ok,False,0.0979,2,2,2,1,0,876,1935,0.1
37,fgas-4sigma,14.375,14.5,no_halos,False,nan,0,0,0,0,0,0,0,0.1
37,fgas-4sigma,14.5,14.625,no_halos,False,nan,0,0,0,0,0,0,0,0.1
37,fgas-4sigma,14.625,14.75,no_halos,False,nan,0,0,0,0,0,0,0,0.1
37,fgas-4sigma,14.75,14.875,no_halos,False,nan,0,0,0,0,0,0,0,0.1
37,fgas-4sigma,14.875,15.0,no_halos,False,nan,0,0,0,0,0,0,0,0.1
47,fgas-4sigma,10.0,10.125,ok,False,2.0661,469,176,434,23,0,0,3,1.0
47,fgas-4sigma,10.125,10.25,ok,False,1.8663,260,96,239,45,4,0,2,0.6
47,fgas-4sigma,10.25,10.375,ok,False,1.7687,1000,426,929,0,0,0,3,1.2
47,fgas-4sigma,10.375,10.5,ok,False,1.6013,1000,453,919,1,0,0,3,1.2
47,fgas-4sigma,10.5,10.625,ok,False,1.4253,1000,491,927,3,0,0,3,1.2
47,fgas-4sigma,10.625,10.75,ok,False,1.2956,1000,518,923,0,0,1,3,1.2
47,fgas-4sigma,10.75,10.875,ok,False,1.1803,1000,573,934,0,0,1,3,1.2
47,fgas-4sigma,10.875,11.0,ok,False,1.0729,1000,622,925,0,0,1,3,1.2
47,fgas-4sigma,11.0,11.125,ok,False,0.9712,1000,631,934,0,1,1,3,1.2
47,fgas-4sigma,11.125,11.25,ok,False,0.8844,1000,661,926,0,0,1,3,1.2
47,fgas-4sigma,11.25,11.375,ok,False,0.8118,1000,685,954,0,0,1,3,1.3
47,fgas-4sigma,11.375,11.5,ok,False,0.7398,1000,770,995,0,0,2,4,1.2
47,fgas-4sigma,11.5,11.625,ok,False,0.6724,1000,845,1000,0,0,2,5,1.2
47,fgas-4sigma,11.625,11.75,ok,False,0.6099,1000,931,1000,0,0,3,7,1.2
47,fgas-4sigma,11.75,11.875,ok,False,0.5543,1000,954,1000,0,0,4,9,1.2
47,fgas-4sigma,11.875,12.0,ok,False,0.5023,1000,989,1000,0,0,5,11,1.2
47,fgas-4sigma,12.0,12.125,ok,False,0.4574,1000,995,1000,0,0,6,15,1.2
47,fgas-4sigma,12.125,12.25,ok,False,0.4151,1000,999,1000,0,0,8,19,1.2
47,fgas-4sigma,12.25,12.375,ok,False,0.3780,1000,1000,1000,0,0,11,24,1.2
47,fgas-4sigma,12.375,12.5,ok,False,0.3429,1000,1000,1000,0,0,15,32,1.2
47,fgas-4sigma,12.5,12.625,ok,False,0.3116,1000,1000,1000,0,0,19,42,1.2
47,fgas-4sigma,12.625,12.75,ok,True,0.2828,1000,1000,1000,0,0,26,56,1.3
47,fgas-4sigma,12.75,12.875,ok,True,0.2583,1000,1000,1000,0,0,34,72,1.2
47,fgas-4sigma,12.875,13.0,ok,True,0.2338,1000,1000,1000,0,0,46,96,1.2
47,fgas-4sigma,13.0,13.125,ok,True,0.2124,1000,1000,1000,0,0,59,124,1.3
47,fgas-4sigma,13.125,13.25,ok,True,0.1930,1000,1000,1000,0,0,80,169,1.3
47,fgas-4sigma,13.25,13.375,ok,True,0.1756,1000,1000,1000,0,0,104,222,1.3
47,fgas-4sigma,13.375,13.5,ok,True,0.1596,1000,1000,1000,0,0,138,298,1.3
47,fgas-4sigma,13.5,13.625,ok,True,0.1450,1000,1000,1000,0,0,183,398,1.3
47,fgas-4sigma,13.625,13.75,ok,True,0.1319,1000,1000,1000,0,0,240,521,1.4
47,fgas-4sigma,13.75,13.875,ok,True,0.1202,740,740,740,0,0,320,700,1.2
47,fgas-4sigma,13.875,14.0,ok,True,0.1092,361,361,361,0,0,420,923,0.8
47,fgas-4sigma,14.0,14.125,ok,True,0.0990,191,191,191,0,0,555,1220,0.6
47,fgas-4sigma,14.125,14.25,ok,True,0.0899,75,75,75,0,0,697,1519,0.3
47,fgas-4sigma,14.25,14.375,ok,True,0.0824,30,30,30,0,0,956,2102,0.2
47,fgas-4sigma,14.375,14.5,ok,True,0.0738,7,7,7,0,0,1204,2650,0.2
47,fgas-4sigma,14.5,14.625,ok,True,0.0652,2,2,2,0,0,2100,4724,0.2
47,fgas-4sigma,14.625,14.75,ok,False,0.0626,2,2,2,2,0,1984,4424,0.1
47,fgas-4sigma,14.75,14.875,no_halos,False,nan,0,0,0,0,0,0,0,0.1
47,fgas-4sigma,14.875,15.0,no_halos,False,nan,0,0,0,0,0,0,0,0.1
57,fgas-4sigma,10.0,10.125,ok,False,1.7199,196,71,184,49,7,0,3,0.7
57,fgas-4sigma,10.125,10.25,ok,False,1.5449,132,54,118,57,15,0,3,0.5
57,fgas-4sigma,10.25,10.375,ok,False,1.4684,1000,411,909,4,0,0,2,1.3
57,fgas-4sigma,10.375,10.5,ok,False,1.3294,1000,421,915,2,0,0,3,1.2
57,fgas-4sigma,10.5,10.625,ok,False,1.1851,1000,464,918,3,0,0,3,1.3
57,fgas-4sigma,10.625,10.75,ok,False,1.0809,1000,504,908,2,0,1,3,1.2
57,fgas-4sigma,10.75,10.875,ok,False,0.9820,1000,534,904,3,0,1,2,1.2
57,fgas-4sigma,10.875,11.0,ok,False,0.8860,1000,597,906,2,1,1,3,1.2
57,fgas-4sigma,11.0,11.125,ok,False,0.8065,1000,612,902,0,0,1,3,1.2
57,fgas-4sigma,11.125,11.25,ok,False,0.7342,1000,618,905,1,0,1,3,1.2
57,fgas-4sigma,11.25,11.375,ok,False,0.6733,1000,660,941,0,0,1,3,1.3
57,fgas-4sigma,11.375,11.5,ok,False,0.6144,1000,767,984,1,0,1,4,1.2
57,fgas-4sigma,11.5,11.625,ok,False,0.5582,1000,852,1000,0,0,2,5,1.2
57,fgas-4sigma,11.625,11.75,ok,False,0.5075,1000,900,1000,0,0,2,6,1.3
57,fgas-4sigma,11.75,11.875,ok,False,0.4614,1000,950,1000,0,0,3,8,1.3
57,fgas-4sigma,11.875,12.0,ok,False,0.4169,1000,980,1000,0,0,4,10,1.2
57,fgas-4sigma,12.0,12.125,ok,False,0.3815,1000,988,1000,0,0,5,14,1.2
57,fgas-4sigma,12.125,12.25,ok,False,0.3449,1000,999,1000,0,0,8,17,1.2
57,fgas-4sigma,12.25,12.375,ok,False,0.3138,1000,1000,1000,0,0,10,22,1.3
57,fgas-4sigma,12.375,12.5,ok,True,0.2851,1000,1000,1000,0,0,14,29,1.3
57,fgas-4sigma,12.5,12.625,ok,True,0.2583,1000,1000,1000,0,0,18,37,1.3
57,fgas-4sigma,12.625,12.75,ok,True,0.2358,1000,1000,1000,0,0,24,48,1.3
57,fgas-4sigma,12.75,12.875,ok,True,0.2138,1000,1000,1000,0,0,32,65,1.3
57,fgas-4sigma,12.875,13.0,ok,True,0.1949,1000,1000,1000,0,0,42,87,1.3
57,fgas-4sigma,13.0,13.125,ok,True,0.1765,1000,1000,1000,0,0,57,116,1.3
57,fgas-4sigma,13.125,13.25,ok,True,0.1604,1000,1000,1000,0,0,74,152,1.3
57,fgas-4sigma,13.25,13.375,ok,True,0.1461,1000,1000,1000,0,0,99,204,1.3
57,fgas-4sigma,13.375,13.5,ok,True,0.1327,1000,1000,1000,0,0,130,276,1.4
57,fgas-4sigma,13.5,13.625,ok,True,0.1205,1000,1000,1000,0,0,172,361,1.4
57,fgas-4sigma,13.625,13.75,ok,True,0.1093,1000,1000,1000,0,0,231,498,1.4
57,fgas-4sigma,13.75,13.875,ok,True,0.0996,1000,1000,1000,0,0,303,651,1.4
57,fgas-4sigma,13.875,14.0,ok,True,0.0905,1000,1000,1000,0,0,396,866,1.5
57,fgas-4sigma,14.0,14.125,ok,True,0.0821,680,680,680,0,0,545,1190,1.3
57,fgas-4sigma,14.125,14.25,ok,True,0.0748,369,369,369,0,0,699,1530,0.9
57,fgas-4sigma,14.25,14.375,ok,True,0.0679,191,191,191,0,0,894,2004,0.6
57,fgas-4sigma,14.375,14.5,ok,True,0.0616,78,78,78,0,0,1231,2699,0.4
57,fgas-4sigma,14.5,14.625,ok,True,0.0561,29,29,29,0,0,1583,3540,0.3
57,fgas-4sigma,14.625,14.75,ok,True,0.0506,8,8,8,0,0,2182,4708,0.2
57,fgas-4sigma,14.75,14.875,ok,True,0.0462,8,8,8,0,0,2966,6458,0.2
57,fgas-4sigma,14.875,15.0,no_halos,False,nan,0,0,0,0,0,0,0,0.1
62,fgas-4sigma,10.0,10.125,ok,False,1.5506,94,30,81,69,29,0,2,0.5
62,fgas-4sigma,10.125,10.25,ok,False,1.3968,73,21,68,79,37,0,3,0.4
62,fgas-4sigma,10.25,10.375,ok,False,1.3330,940,355,830,5,0,0,2,1.3
62,fgas-4sigma,10.375,10.5,ok,False,1.2035,1000,407,890,2,0,0,2,1.2
62,fgas-4sigma,10.5,10.625,ok,False,1.0710,1000,444,891,1,0,0,2,1.3
62,fgas-4sigma,10.625,10.75,ok,False,0.9751,1000,460,897,1,0,0,2,1.3
62,fgas-4sigma,10.75,10.875,ok,False,0.8872,1000,492,888,4,0,0,2,1.3
62,fgas-4sigma,10.875,11.0,ok,False,0.8031,1000,579,878,2,0,1,2,1.2
62,fgas-4sigma,11.0,11.125,ok,False,0.7309,1000,571,902,2,0,1,2,1.3
62,fgas-4sigma,11.125,11.25,ok,False,0.6633,1000,618,899,1,0,1,2,1.3
62,fgas-4sigma,11.25,11.375,ok,False,0.6098,1000,633,933,0,0,1,3,1.3
62,fgas-4sigma,11.375,11.5,ok,False,0.5566,1000,721,989,0,0,1,3,1.2
62,fgas-4sigma,11.5,11.625,ok,False,0.5063,1000,819,1000,0,0,2,5,1.3
62,fgas-4sigma,11.625,11.75,ok,False,0.4586,1000,886,1000,0,0,2,6,1.3
62,fgas-4sigma,11.75,11.875,ok,False,0.4161,1000,928,1000,0,0,3,7,1.2
62,fgas-4sigma,11.875,12.0,ok,False,0.3776,1000,971,1000,0,0,4,10,1.3
62,fgas-4sigma,12.0,12.125,ok,False,0.3439,1000,990,1000,0,0,5,13,1.3
62,fgas-4sigma,12.125,12.25,ok,False,0.3126,1000,998,1000,0,0,7,16,1.2
62,fgas-4sigma,12.25,12.375,ok,True,0.2837,1000,998,1000,0,0,10,20,1.3
62,fgas-4sigma,12.375,12.5,ok,True,0.2591,1000,1000,1000,0,0,13,27,1.3
62,fgas-4sigma,12.5,12.625,ok,True,0.2345,1000,1000,1000,0,0,17,34,1.3
62,fgas-4sigma,12.625,12.75,ok,True,0.2135,1000,1000,1000,0,0,22,45,1.3
62,fgas-4sigma,12.75,12.875,ok,True,0.1938,1000,1000,1000,0,0,31,61,1.3
62,fgas-4sigma,12.875,13.0,ok,True,0.1761,1000,1000,1000,0,0,40,80,1.3
62,fgas-4sigma,13.0,13.125,ok,True,0.1601,1000,1000,1000,0,0,53,108,1.3
62,fgas-4sigma,13.125,13.25,ok,True,0.1455,1000,1000,1000,0,0,69,144,1.3
62,fgas-4sigma,13.25,13.375,ok,True,0.1320,1000,1000,1000,0,0,94,198,1.3
62,fgas-4sigma,13.375,13.5,ok,True,0.1200,1000,1000,1000,0,0,126,261,1.4
62,fgas-4sigma,13.5,13.625,ok,True,0.1090,1000,1000,1000,0,0,163,351,1.4
62,fgas-4sigma,13.625,13.75,ok,True,0.0990,1000,1000,1000,0,0,219,472,1.4
62,fgas-4sigma,13.75,13.875,ok,True,0.0898,1000,1000,1000,0,0,291,620,1.4
62,fgas-4sigma,13.875,14.0,ok,True,0.0818,1000,1000,1000,0,0,386,835,1.5
62,fgas-4sigma,14.0,14.125,ok,True,0.0744,1000,1000,1000,0,0,505,1096,1.5
62,fgas-4sigma,14.125,14.25,ok,True,0.0675,621,621,621,0,0,688,1512,1.3
62,fgas-4sigma,14.25,14.375,ok,True,0.0615,358,358,358,0,0,868,1922,1.0
62,fgas-4sigma,14.375,14.5,ok,True,0.0558,173,173,173,0,0,1166,2564,0.6
62,fgas-4sigma,14.5,14.625,ok,True,0.0507,71,71,71,0,0,1521,3442,0.4
62,fgas-4sigma,14.625,14.75,ok,True,0.0465,25,25,25,0,0,1986,4341,0.3
62,fgas-4sigma,14.75,14.875,ok,True,0.0418,14,14,14,0,0,2940,6342,0.2
62,fgas-4sigma,14.875,15.0,ok,True,0.0380,3,3,3,0,0,4138,9055,0.2
67,fgas-4sigma,10.0,10.125,ok,False,1.4178,57,16,46,81,54,0,2,0.4
67,fgas-4sigma,10.125,10.25,ok,False,1.2609,48,11,38,86,49,0,2,0.3
67,fgas-4sigma,10.25,10.375,ok,False,1.2035,513,175,447,18,3,0,2,1.0
67,fgas-4sigma,10.375,10.5,ok,False,1.0893,1000,396,841,4,0,0,2,1.3
67,fgas-4sigma,10.5,10.625,ok,False,0.9715,1000,419,865,2,0,0,2,1.2
67,fgas-4sigma,10.625,10.75,ok,False,0.8821,1000,445,862,6,0,0,2,1.2
67,fgas-4sigma,10.75,10.875,ok,False,0.8028,1000,474,863,3,1,0,2,1.2
67,fgas-4sigma,10.875,11.0,ok,False,0.7258,1000,507,857,4,0,1,2,1.2
67,fgas-4sigma,11.0,11.125,ok,False,0.6608,1000,533,856,2,0,1,2,1.2
67,fgas-4sigma,11.125,11.25,ok,False,0.5986,1000,545,848,0,0,1,2,1.2
67,fgas-4sigma,11.25,11.375,ok,False,0.5519,1000,616,915,1,0,1,2,1.2
67,fgas-4sigma,11.375,11.5,ok,False,0.5017,1000,699,995,0,0,1,3,1.2
67,fgas-4sigma,11.5,11.625,ok,False,0.4566,1000,792,1000,0,0,1,4,1.2
67,fgas-4sigma,11.625,11.75,ok,False,0.4154,1000,879,1000,0,0,2,5,1.2
67,fgas-4sigma,11.75,11.875,ok,False,0.3758,1000,926,1000,0,0,3,7,1.2
67,fgas-4sigma,11.875,12.0,ok,False,0.3430,1000,948,1000,0,0,4,9,1.2
67,fgas-4sigma,12.0,12.125,ok,False,0.3116,1000,988,1000,0,0,5,11,1.2
67,fgas-4sigma,12.125,12.25,ok,True,0.2829,1000,998,1000,0,0,7,14,1.2
67,fgas-4sigma,12.25,12.375,ok,True,0.2571,1000,999,1000,0,0,9,18,1.2
67,fgas-4sigma,12.375,12.5,ok,True,0.2335,1000,1000,1000,0,0,12,23,1.2
67,fgas-4sigma,12.5,12.625,ok,True,0.2120,1000,1000,1000,0,0,16,30,1.2
67,fgas-4sigma,12.625,12.75,ok,True,0.1928,1000,1000,1000,0,0,21,41,1.2
67,fgas-4sigma,12.75,12.875,ok,True,0.1755,1000,1000,1000,0,0,28,53,1.2
67,fgas-4sigma,12.875,13.0,ok,True,0.1592,1000,1000,1000,0,0,38,74,1.2
67,fgas-4sigma,13.0,13.125,ok,True,0.1445,1000,1000,1000,0,0,50,97,1.3
67,fgas-4sigma,13.125,13.25,ok,True,0.1313,1000,1000,1000,0,0,66,130,1.3
67,fgas-4sigma,13.25,13.375,ok,True,0.1194,1000,1000,1000,0,0,88,180,1.3
67,fgas-4sigma,13.375,13.5,ok,True,0.1082,1000,1000,1000,0,0,116,241,1.3
67,fgas-4sigma,13.5,13.625,ok,True,0.0985,1000,1000,1000,0,0,156,329,1.3
67,fgas-4sigma,13.625,13.75,ok,True,0.0894,1000,1000,1000,0,0,209,446,1.4
67,fgas-4sigma,13.75,13.875,ok,True,0.0815,1000,1000,1000,0,0,273,594,1.5
67,fgas-4sigma,13.875,14.0,ok,True,0.0739,1000,1000,1000,0,0,368,792,1.4
67,fgas-4sigma,14.0,14.125,ok,True,0.0671,1000,1000,1000,0,0,486,1061,1.5
67,fgas-4sigma,14.125,14.25,ok,True,0.0611,938,938,938,0,0,646,1420,1.6
67,fgas-4sigma,14.25,14.375,ok,True,0.0553,553,553,553,0,0,875,1906,1.2
67,fgas-4sigma,14.375,14.5,ok,True,0.0506,311,311,311,0,0,1103,2433,0.9
67,fgas-4sigma,14.5,14.625,ok,True,0.0459,157,157,157,0,0,1477,3241,0.6
67,fgas-4sigma,14.625,14.75,ok,True,0.0417,73,73,73,0,0,1988,4352,0.4
67,fgas-4sigma,14.75,14.875,ok,True,0.0379,20,20,20,0,0,2740,6044,0.2
67,fgas-4sigma,14.875,15.0,ok,True,0.0345,11,11,11,0,0,3577,8017,0.2
69,fgas-4sigma,10.0,10.125,ok,False,1.3535,49,11,45,88,43,0,2,0.3
69,fgas-4sigma,10.125,10.25,ok,False,1.2151,33,17,29,80,58,1,2,0.3
69,fgas-4sigma,10.25,10.375,ok,False,1.1570,485,166,396,17,3,0,2,1.0
69,fgas-4sigma,10.375,10.5,ok,False,1.0476,1000,369,822,2,0,0,2,1.3
69,fgas-4sigma,10.5,10.625,ok,False,0.9312,1000,396,825,5,2,0,2,1.2
69,fgas-4sigma,10.625,10.75,ok,False,0.8457,1000,448,841,3,1,0,2,1.2
69,fgas-4sigma,10.75,10.875,ok,False,0.7718,1000,467,831,3,0,0,2,1.2
69,fgas-4sigma,10.875,11.0,ok,False,0.6977,1000,497,850,2,0,0,2,1.2
69,fgas-4sigma,11.0,11.125,ok,False,0.6347,1000,534,838,3,0,1,2,1.2
69,fgas-4sigma,11.125,11.25,ok,False,0.5765,1000,544,859,0,0,1,2,1.2
69,fgas-4sigma,11.25,11.375,ok,False,0.5289,1000,576,884,1,0,1,2,1.2
69,fgas-4sigma,11.375,11.5,ok,False,0.4835,1000,650,983,0,0,1,3,1.2
69,fgas-4sigma,11.5,11.625,ok,False,0.4399,1000,772,1000,0,0,1,4,1.2
69,fgas-4sigma,11.625,11.75,ok,False,0.3981,1000,853,1000,0,0,2,5,1.2
69,fgas-4sigma,11.75,11.875,ok,False,0.3624,1000,914,1000,0,0,3,6,1.2
69,fgas-4sigma,11.875,12.0,ok,False,0.3292,1000,961,1000,0,0,3,8,1.2
69,fgas-4sigma,12.0,12.125,ok,True,0.2988,1000,979,1000,0,0,5,10,1.2
69,fgas-4sigma,12.125,12.25,ok,True,0.2715,1000,999,1000,0,0,6,14,1.2
69,fgas-4sigma,12.25,12.375,ok,True,0.2474,1000,1000,1000,0,0,9,18,1.2
69,fgas-4sigma,12.375,12.5,ok,True,0.2242,1000,1000,1000,0,0,11,22,1.2
69,fgas-4sigma,12.5,12.625,ok,True,0.2043,1000,1000,1000,0,0,15,29,1.2
69,fgas-4sigma,12.625,12.75,ok,True,0.1855,1000,1000,1000,0,0,20,39,1.2
69,fgas-4sigma,12.75,12.875,ok,True,0.1687,1000,1000,1000,0,0,27,51,1.3
69,fgas-4sigma,12.875,13.0,ok,True,0.1533,1000,1000,1000,0,0,35,67,1.2
69,fgas-4sigma,13.0,13.125,ok,True,0.1387,1000,1000,1000,0,0,48,92,1.2
69,fgas-4sigma,13.125,13.25,ok,True,0.1261,1000,1000,1000,0,0,63,124,1.2
69,fgas-4sigma,13.25,13.375,ok,True,0.1144,1000,1000,1000,0,0,84,169,1.3
69,fgas-4sigma,13.375,13.5,ok,True,0.1041,1000,1000,1000,0,0,113,239,1.3
69,fgas-4sigma,13.5,13.625,ok,True,0.0949,1000,1000,1000,0,0,147,310,1.4
69,fgas-4sigma,13.625,13.75,ok,True,0.0857,1000,1000,1000,0,0,206,435,1.3
69,fgas-4sigma,13.75,13.875,ok,True,0.0783,1000,1000,1000,0,0,270,573,1.5
69,fgas-4sigma,13.875,14.0,ok,True,0.0711,1000,1000,1000,0,0,355,760,1.5
69,fgas-4sigma,14.0,14.125,ok,True,0.0646,1000,1000,1000,0,0,476,1036,1.5
69,fgas-4sigma,14.125,14.25,ok,True,0.0585,1000,1000,1000,0,0,638,1394,1.6
69,fgas-4sigma,14.25,14.375,ok,True,0.0533,601,601,601,0,0,840,1858,1.3
69,fgas-4sigma,14.375,14.5,ok,True,0.0487,380,380,380,0,0,1112,2459,1.0
69,fgas-4sigma,14.5,14.625,ok,True,0.0441,177,177,177,0,0,1406,3067,0.6
69,fgas-4sigma,14.625,14.75,ok,True,0.0401,100,100,100,0,0,1918,4297,0.5
69,fgas-4sigma,14.75,14.875,ok,True,0.0365,32,32,32,0,0,2604,5778,0.3
69,fgas-4sigma,14.875,15.0,ok,True,0.0336,13,13,13,0,0,3110,7261,0.2
71,fgas-4sigma,10.0,10.125,ok,False,1.2929,29,11,24,88,57,0,2,0.3
71,fgas-4sigma,10.125,10.25,ok,False,1.1674,20,6,15,95,85,0,1,0.2
71,fgas-4sigma,10.25,10.375,ok,False,1.1138,416,153,336,15,1,0,2,0.9
71,fgas-4sigma,10.375,10.5,ok,False,1.0067,1000,385,821,2,1,0,2,1.2
71,fgas-4sigma,10.5,10.625,ok,False,0.8966,1000,395,826,8,0,0,2,1.2
71,fgas-4sigma,10.625,10.75,ok,False,0.8159,1000,425,822,7,0,0,2,1.2
71,fgas-4sigma,10.75,10.875,ok,False,0.7421,1000,452,804,6,1,0,2,1.1
71,fgas-4sigma,10.875,11.0,ok,False,0.6722,1000,488,832,5,0,0,2,1.2
71,fgas-4sigma,11.0,11.125,ok,False,0.6101,1000,517,834,1,1,1,2,1.1
71,fgas-4sigma,11.125,11.25,ok,False,0.5549,1000,523,816,2,0,1,2,1.2
71,fgas-4sigma,11.25,11.375,ok,False,0.5101,1000,589,904,0,1,1,2,1.1
71,fgas-4sigma,11.375,11.5,ok,False,0.4641,1000,660,987,0,0,1,3,1.2
71,fgas-4sigma,11.5,11.625,ok,False,0.4221,1000,776,1000,0,0,1,4,1.2
71,fgas-4sigma,11.625,11.75,ok,False,0.3837,1000,844,1000,0,0,2,5,1.2
71,fgas-4sigma,11.75,11.875,ok,False,0.3481,1000,916,1000,0,0,2,6,1.2
71,fgas-4sigma,11.875,12.0,ok,False,0.3162,1000,965,1000,0,0,3,8,1.2
71,fgas-4sigma,12.0,12.125,ok,True,0.2885,1000,977,1000,0,0,4,10,1.2
71,fgas-4sigma,12.125,12.25,ok,True,0.2616,1000,993,1000,0,0,6,13,1.1
71,fgas-4sigma,12.25,12.375,ok,True,0.2382,1000,996,1000,0,0,8,16,1.2
71,fgas-4sigma,12.375,12.5,ok,True,0.2165,1000,1000,1000,0,0,11,21,1.2
71,fgas-4sigma,12.5,12.625,ok,True,0.1961,1000,1000,1000,0,0,15,28,1.2
71,fgas-4sigma,12.625,12.75,ok,True,0.1783,1000,1000,1000,0,0,20,36,1.2
71,fgas-4sigma,12.75,12.875,ok,True,0.1614,1000,1000,1000,0,0,26,48,1.2
71,fgas-4sigma,12.875,13.0,ok,True,0.1468,1000,1000,1000,0,0,35,66,1.2
71,fgas-4sigma,13.0,13.125,ok,True,0.1336,1000,1000,1000,0,0,45,86,1.4
71,fgas-4sigma,13.125,13.25,ok,True,0.1214,1000,1000,1000,0,0,60,117,1.2
71,fgas-4sigma,13.25,13.375,ok,True,0.1103,1000,1000,1000,0,0,82,162,1.2
71,fgas-4sigma,13.375,13.5,ok,True,0.1004,1000,1000,1000,0,0,108,223,1.3
71,fgas-4sigma,13.5,13.625,ok,True,0.0913,1000,1000,1000,0,0,146,298,1.3
71,fgas-4sigma,13.625,13.75,ok,True,0.0827,1000,1000,1000,0,0,197,414,1.3
71,fgas-4sigma,13.75,13.875,ok,True,0.0752,1000,1000,1000,0,0,263,556,1.3
71,fgas-4sigma,13.875,14.0,ok,True,0.0685,1000,1000,1000,0,0,342,739,1.4
71,fgas-4sigma,14.0,14.125,ok,True,0.0621,1000,1000,1000,0,0,463,1007,1.4
71,fgas-4sigma,14.125,14.25,ok,True,0.0565,1000,1000,1000,0,0,608,1331,1.5
71,fgas-4sigma,14.25,14.375,ok,True,0.0514,694,694,694,0,0,806,1771,1.4
71,fgas-4sigma,14.375,14.5,ok,True,0.0468,445,445,445,0,0,1088,2398,1.1
71,fgas-4sigma,14.5,14.625,ok,True,0.0426,207,207,207,0,0,1412,3108,0.7
71,fgas-4sigma,14.625,14.75,ok,True,0.0387,100,100,100,0,0,1856,4056,0.4
71,fgas-4sigma,14.75,14.875,ok,True,0.0351,60,60,60,0,0,2581,5792,0.4
71,fgas-4sigma,14.875,15.0,ok,True,0.0321,22,22,22,0,0,3178,7206,0.2
73,fgas-4sigma,10.0,10.125,ok,False,1.2620,21,6,18,94,72,0,2,0.2
73,fgas-4sigma,10.125,10.25,ok,False,1.1263,26,5,22,93,65,0,2,0.2
73,fgas-4sigma,10.25,10.375,ok,False,1.0734,308,98,246,39,6,0,2,0.8
73,fgas-4sigma,10.375,10.5,ok,False,0.9711,840,316,669,8,0,0,2,1.1
73,fgas-4sigma,10.5,10.625,ok,False,0.8660,1000,383,781,7,0,0,1,1.1
73,fgas-4sigma,10.625,10.75,ok,False,0.7870,1000,444,797,6,1,0,1,1.1
73,fgas-4sigma,10.75,10.875,ok,False,0.7156,1000,441,782,4,1,0,1,1.2
73,fgas-4sigma,10.875,11.0,ok,False,0.6463,1000,476,805,4,0,0,2,1.2
73,fgas-4sigma,11.0,11.125,ok,False,0.5870,1000,494,798,1,0,0,2,1.2
73,fgas-4sigma,11.125,11.25,ok,False,0.5347,1000,488,805,3,1,0,2,1.1
73,fgas-4sigma,11.25,11.375,ok,False,0.4915,1000,545,866,0,0,1,2,1.1
73,fgas-4sigma,11.375,11.5,ok,False,0.4483,1000,654,990,0,0,1,3,1.1
73,fgas-4sigma,11.5,11.625,ok,False,0.4072,1000,754,1000,0,0,1,3,1.1
73,fgas-4sigma,11.625,11.75,ok,False,0.3701,1000,818,1000,0,0,2,4,1.1
73,fgas-4sigma,11.75,11.875,ok,False,0.3359,1000,888,1000,0,0,2,6,1.1
73,fgas-4sigma,11.875,12.0,ok,False,0.3049,1000,944,1000,0,0,3,7,1.1
73,fgas-4sigma,12.0,12.125,ok,True,0.2779,1000,979,1000,0,0,4,10,1.1
73,fgas-4sigma,12.125,12.25,ok,True,0.2519,1000,996,1000,0,0,6,12,1.1
73,fgas-4sigma,12.25,12.375,ok,True,0.2293,1000,999,1000,0,0,8,15,1.1
73,fgas-4sigma,12.375,12.5,ok,True,0.2088,1000,1000,1000,0,0,10,20,1.1
73,fgas-4sigma,12.5,12.625,ok,True,0.1893,1000,1000,1000,0,0,14,25,1.1
73,fgas-4sigma,12.625,12.75,ok,True,0.1713,1000,1000,1000,0,0,18,34,1.2
73,fgas-4sigma,12.75,12.875,ok,True,0.1563,1000,1000,1000,0,0,25,45,1.2
73,fgas-4sigma,12.875,13.0,ok,True,0.1417,1000,1000,1000,0,0,33,61,1.2
73,fgas-4sigma,13.0,13.125,ok,True,0.1285,1000,1000,1000,0,0,43,81,1.2
73,fgas-4sigma,13.125,13.25,ok,True,0.1167,1000,1000,1000,0,0,57,111,1.2
73,fgas-4sigma,13.25,13.375,ok,True,0.1063,1000,1000,1000,0,0,79,157,1.2
73,fgas-4sigma,13.375,13.5,ok,True,0.0965,1000,1000,1000,0,0,107,216,1.2
73,fgas-4sigma,13.5,13.625,ok,True,0.0877,1000,1000,1000,0,0,140,291,1.3
73,fgas-4sigma,13.625,13.75,ok,True,0.0798,1000,1000,1000,0,0,185,389,1.3
73,fgas-4sigma,13.75,13.875,ok,True,0.0723,1000,1000,1000,0,0,250,536,1.3
73,fgas-4sigma,13.875,14.0,ok,True,0.0657,1000,1000,1000,0,0,331,718,1.4
73,fgas-4sigma,14.0,14.125,ok,True,0.0598,1000,1000,1000,0,0,451,970,1.4
73,fgas-4sigma,14.125,14.25,ok,True,0.0545,1000,1000,1000,0,0,584,1273,1.5
73,fgas-4sigma,14.25,14.375,ok,True,0.0495,727,727,727,0,0,783,1729,1.3
73,fgas-4sigma,14.375,14.5,ok,True,0.0449,459,459,459,0,0,1057,2330,1.0
73,fgas-4sigma,14.5,14.625,ok,True,0.0409,258,258,258,0,0,1341,2984,0.8
73,fgas-4sigma,14.625,14.75,ok,True,0.0372,130,130,130,0,0,1811,4052,0.5
73,fgas-4sigma,14.75,14.875,ok,True,0.0340,49,49,49,0,0,2414,5338,0.3
73,fgas-4sigma,14.875,15.0,ok,True,0.0307,24,24,24,0,0,3072,6886,0.2
75,fgas-4sigma,10.0,10.125,ok,False,1.2259,30,9,24,90,73,0,1,0.3
75,fgas-4sigma,10.125,10.25,ok,False,1.0848,26,7,18,91,76,0,1,0.3
75,fgas-4sigma,10.25,10.375,ok,False,1.0356,250,78,186,40,11,0,1,0.7
75,fgas-4sigma,10.375,10.5,ok,False,0.9373,671,220,496,9,3,0,1,1.0
75,fgas-4sigma,10.5,10.625,ok,False,0.8352,1000,360,744,7,0,0,1,1.1
75,fgas-4sigma,10.625,10.75,ok,False,0.7604,1000,401,769,5,0,0,1,1.1
75,fgas-4sigma,10.75,10.875,ok,False,0.6894,1000,404,757,5,0,0,1,1.1
75,fgas-4sigma,10.875,11.0,ok,False,0.6249,1000,454,766,0,0,0,1,1.1
75,fgas-4sigma,11.0,11.125,ok,False,0.5669,1000,460,781,2,2,0,1,1.1
75,fgas-4sigma,11.125,11.25,ok,False,0.5173,1000,447,770,0,0,0,1,1.2
75,fgas-4sigma,11.25,11.375,ok,False,0.4738,1000,510,856,0,1,1,2,1.1
75,fgas-4sigma,11.375,11.5,ok,False,0.4324,1000,630,985,0,0,1,3,1.1
75,fgas-4sigma,11.5,11.625,ok,False,0.3933,1000,742,1000,0,0,1,3,1.1
75,fgas-4sigma,11.625,11.75,ok,False,0.3567,1000,825,1000,0,0,2,4,1.1
75,fgas-4sigma,11.75,11.875,ok,False,0.3234,1000,891,1000,0,0,2,5,1.1
75,fgas-4sigma,11.875,12.0,ok,True,0.2949,1000,935,1000,0,0,3,7,1.1
75,fgas-4sigma,12.0,12.125,ok,True,0.2684,1000,974,1000,0,0,4,9,1.1
75,fgas-4sigma,12.125,12.25,ok,True,0.2427,1000,994,1000,0,0,5,11,1.1
75,fgas-4sigma,12.25,12.375,ok,True,0.2206,1000,999,1000,0,0,7,14,1.1
75,fgas-4sigma,12.375,12.5,ok,True,0.2008,1000,1000,1000,0,0,10,19,1.1
75,fgas-4sigma,12.5,12.625,ok,True,0.1827,1000,1000,1000,0,0,13,24,1.1
75,fgas-4sigma,12.625,12.75,ok,True,0.1657,1000,1000,1000,0,0,17,31,1.1
75,fgas-4sigma,12.75,12.875,ok,True,0.1505,1000,1000,1000,0,0,24,42,1.1
75,fgas-4sigma,12.875,13.0,ok,True,0.1370,1000,1000,1000,0,0,32,56,1.1
75,fgas-4sigma,13.0,13.125,ok,True,0.1244,1000,1000,1000,0,0,42,77,1.1
75,fgas-4sigma,13.125,13.25,ok,True,0.1130,1000,1000,1000,0,0,56,106,1.2
75,fgas-4sigma,13.25,13.375,ok,True,0.1027,1000,1000,1000,0,0,75,144,1.1
75,fgas-4sigma,13.375,13.5,ok,True,0.0935,1000,1000,1000,0,0,102,207,1.2
75,fgas-4sigma,13.5,13.625,ok,True,0.0847,1000,1000,1000,0,0,133,275,1.2
75,fgas-4sigma,13.625,13.75,ok,True,0.0771,1000,1000,1000,0,0,179,374,1.2
75,fgas-4sigma,13.75,13.875,ok,True,0.0699,1000,1000,1000,0,0,242,508,1.3
75,fgas-4sigma,13.875,14.0,ok,True,0.0637,1000,1000,1000,0,0,319,692,1.3
75,fgas-4sigma,14.0,14.125,ok,True,0.0576,1000,1000,1000,0,0,438,936,1.3
75,fgas-4sigma,14.125,14.25,ok,True,0.0525,1000,1000,1000,0,0,568,1227,1.4
75,fgas-4sigma,14.25,14.375,ok,True,0.0478,744,744,744,0,0,766,1684,1.3
75,fgas-4sigma,14.375,14.5,ok,True,0.0434,516,516,516,0,0,1018,2247,1.1
75,fgas-4sigma,14.5,14.625,ok,True,0.0395,305,305,305,0,0,1306,2894,0.8
75,fgas-4sigma,14.625,14.75,ok,True,0.0359,120,120,120,0,0,1779,3944,0.5
75,fgas-4sigma,14.75,14.875,ok,True,0.0329,69,69,69,0,0,2336,5174,0.4
75,fgas-4sigma,14.875,15.0,ok,True,0.0298,23,23,23,0,0,3260,7130,0.2
77,fgas-4sigma,10.0,10.125,ok,False,1.1762,146,30,108,70,21,0,2,0.6
77,fgas-4sigma,10.125,10.25,ok,False,1.0540,532,134,413,35,6,0,1,1.0
77,fgas-4sigma,10.25,10.375,ok,False,1.0020,1000,301,782,6,0,0,1,1.2
77,fgas-4sigma,10.375,10.5,ok,False,0.9067,1000,320,739,10,0,0,1,1.2
77,fgas-4sigma,10.5,10.625,ok,False,0.8093,1000,370,793,8,2,0,2,1.2
77,fgas-4sigma,10.625,10.75,ok,False,0.7377,1000,400,764,12,0,0,1,1.2
77,fgas-4sigma,10.75,10.875,ok,False,0.6709,1000,418,780,7,0,0,1,1.2
77,fgas-4sigma,10.875,11.0,ok,False,0.6064,1000,447,773,6,1,0,1,1.2
77,fgas-4sigma,11.0,11.125,ok,False,0.5513,1000,513,836,1,0,1,2,1.2
77,fgas-4sigma,11.125,11.25,ok,False,0.5010,1000,488,801,3,0,0,2,1.2
77,fgas-4sigma,11.25,11.375,ok,False,0.4610,1000,547,858,3,1,1,2,1.2
77,fgas-4sigma,11.375,11.5,ok,False,0.4192,1000,632,986,0,0,1,3,1.2
77,fgas-4sigma,11.5,11.625,ok,False,0.3815,1000,746,1000,0,0,1,3,1.2
77,fgas-4sigma,11.625,11.75,ok,False,0.3459,1000,830,1000,0,0,2,4,1.3
77,fgas-4sigma,11.75,11.875,ok,False,0.3151,1000,913,1000,0,0,2,5,1.2
77,fgas-4sigma,11.875,12.0,ok,True,0.2854,1000,946,1000,0,0,3,7,1.2
77,fgas-4sigma,12.0,12.125,ok,True,0.2597,1000,970,1000,0,0,4,9,1.2
77,fgas-4sigma,12.125,12.25,ok,True,0.2354,1000,993,1000,0,0,6,11,1.3
77,fgas-4sigma,12.25,12.375,ok,True,0.2142,1000,1000,1000,0,0,7,14,1.2
77,fgas-4sigma,12.375,12.5,ok,True,0.1938,1000,1000,1000,0,0,10,18,1.2
77,fgas-4sigma,12.5,12.625,ok,True,0.1771,1000,1000,1000,0,0,14,23,1.3
77,fgas-4sigma,12.625,12.75,ok,True,0.1608,1000,1000,1000,0,0,17,29,1.3
77,fgas-4sigma,12.75,12.875,ok,True,0.1463,1000,1000,1000,0,0,24,41,1.3
77,fgas-4sigma,12.875,13.0,ok,True,0.1324,1000,1000,1000,0,0,31,54,1.3
77,fgas-4sigma,13.0,13.125,ok,True,0.1205,1000,1000,1000,0,0,43,76,1.3
77,fgas-4sigma,13.125,13.25,ok,True,0.1093,1000,1000,1000,0,0,56,102,1.3
77,fgas-4sigma,13.25,13.375,ok,True,0.0994,1000,1000,1000,0,0,75,144,1.3
77,fgas-4sigma,13.375,13.5,ok,True,0.0901,1000,1000,1000,0,0,100,193,1.2
77,fgas-4sigma,13.5,13.625,ok,True,0.0821,1000,1000,1000,0,0,132,264,1.3
77,fgas-4sigma,13.625,13.75,ok,True,0.0745,1000,1000,1000,0,0,175,360,1.3
77,fgas-4sigma,13.75,13.875,ok,True,0.0679,1000,1000,1000,0,0,241,508,1.3
77,fgas-4sigma,13.875,14.0,ok,True,0.0616,1000,1000,1000,0,0,314,673,1.4
77,fgas-4sigma,14.0,14.125,ok,True,0.0560,1000,1000,1000,0,0,430,928,1.4
77,fgas-4sigma,14.125,14.25,ok,True,0.0508,1000,1000,1000,0,0,561,1215,1.5
77,fgas-4sigma,14.25,14.375,ok,True,0.0463,1000,1000,1000,0,0,751,1651,1.6
77,fgas-4sigma,14.375,14.5,ok,True,0.0420,1000,1000,1000,0,0,1010,2242,1.7
77,fgas-4sigma,14.5,14.625,ok,True,0.0382,648,648,648,0,0,1310,2894,1.6
77,fgas-4sigma,14.625,14.75,ok,True,0.0348,370,370,370,0,0,1736,3849,1.2
77,fgas-4sigma,14.75,14.875,ok,True,0.0315,191,191,191,0,0,2316,5151,0.7
77,fgas-4sigma,14.875,15.0,ok,True,0.0286,102,102,102,0,0,3154,7087,0.5
9,fgas-8sigma,10.0,10.125,ok,False,3.1016,259,96,237,61,4,0,3,0.2
9,fgas-8sigma,10.125,10.25,ok,False,2.8192,109,39,102,73,21,0,3,0.1
9,fgas-8sigma,10.25,10.375,ok,False,2.6591,766,309,704,14,0,0,3,0.2
9,fgas-8sigma,10.375,10.5,ok,False,2.4037,1000,437,924,4,0,0,3,0.2
9,fgas-8sigma,10.5,10.625,ok,False,2.1467,1000,453,924,2,0,0,2,0.2
9,fgas-8sigma,10.625,10.75,ok,False,1.9434,1000,545,924,2,0,1,3,0.2
9,fgas-8sigma,10.75,10.875,ok,False,1.7771,1000,583,923,2,0,1,3,0.2
9,fgas-8sigma,10.875,11.0,ok,False,1.6081,1000,586,936,1,0,1,3,0.2
9,fgas-8sigma,11.0,11.125,ok,False,1.4591,1000,654,934,2,0,1,3,0.2
9,fgas-8sigma,11.125,11.25,ok,False,1.3296,1000,712,955,0,0,1,3,0.2
9,fgas-8sigma,11.25,11.375,ok,False,1.2146,1000,758,973,0,0,1,4,0.2
9,fgas-8sigma,11.375,11.5,ok,False,1.1126,1000,823,994,0,0,2,5,0.2
9,fgas-8sigma,11.5,11.625,ok,False,1.0115,1000,908,1000,0,0,2,6,0.3
9,fgas-8sigma,11.625,11.75,ok,False,0.9175,1000,947,1000,0,0,3,8,0.3
9,fgas-8sigma,11.75,11.875,ok,False,0.8349,1000,971,1000,0,0,4,10,0.3
9,fgas-8sigma,11.875,12.0,ok,False,0.7599,1000,997,1000,0,0,6,13,0.3
9,fgas-8sigma,12.0,12.125,ok,False,0.6909,1000,996,1000,0,0,7,17,0.2
9,fgas-8sigma,12.125,12.25,ok,False,0.6265,1000,999,1000,0,0,9,22,0.3
9,fgas-8sigma,12.25,12.375,ok,False,0.5702,1000,1000,1000,0,0,12,30,0.3
9,fgas-8sigma,12.375,12.5,ok,False,0.5178,1000,1000,1000,0,0,16,38,0.3
9,fgas-8sigma,12.5,12.625,ok,False,0.4713,459,459,459,0,0,22,50,0.2
9,fgas-8sigma,12.625,12.75,ok,False,0.4276,177,177,177,0,0,28,64,0.1
9,fgas-8sigma,12.75,12.875,ok,False,0.3910,71,71,71,0,0,35,86,0.1
9,fgas-8sigma,12.875,13.0,ok,False,0.3576,20,20,20,3,0,49,112,0.0
9,fgas-8sigma,13.0,13.125,ok,False,0.3196,2,2,2,33,18,84,170,0.0
9,fgas-8sigma,13.125,13.25,ok,False,0.2950,2,2,2,27,12,93,186,0.0
9,fgas-8sigma,13.25,13.375,ok,False,0.2570,2,2,2,24,9,110,262,0.0
9,fgas-8sigma,13.375,13.5,no_halos,False,nan,0,0,0,0,0,0,0,0.0
9,fgas-8sigma,13.5,13.625,no_halos,False,nan,0,0,0,0,0,0,0,0.0
9,fgas-8sigma,13.625,13.75,no_halos,False,nan,0,0,0,0,0,0,0,0.0
9,fgas-8sigma,13.75,13.875,no_halos,False,nan,0,0,0,0,0,0,0,0.0
9,fgas-8sigma,13.875,14.0,no_halos,False,nan,0,0,0,0,0,0,0,0.0
9,fgas-8sigma,14.0,14.125,no_halos,False,nan,0,0,0,0,0,0,0,0.0
9,fgas-8sigma,14.125,14.25,no_halos,False,nan,0,0,0,0,0,0,0,0.0
9,fgas-8sigma,14.25,14.375,no_halos,False,nan,0,0,0,0,0,0,0,0.0
9,fgas-8sigma,14.375,14.5,no_halos,False,nan,0,0,0,0,0,0,0,0.0
9,fgas-8sigma,14.5,14.625,no_halos,False,nan,0,0,0,0,0,0,0,0.0
9,fgas-8sigma,14.625,14.75,no_halos,False,nan,0,0,0,0,0,0,0,0.0
9,fgas-8sigma,14.75,14.875,no_halos,False,nan,0,0,0,0,0,0,0,0.0
9,fgas-8sigma,14.875,15.0,no_halos,False,nan,0,0,0,0,0,0,0,0.0
13,fgas-8sigma,10.0,10.125,ok,False,3.1174,631,220,597,28,0,0,3,0.4
13,fgas-8sigma,10.125,10.25,ok,False,2.8499,286,110,271,44,2,0,3,0.3
13,fgas-8sigma,10.25,10.375,ok,False,2.6669,1000,440,935,5,0,0,3,0.4
13,fgas-8sigma,10.375,10.5,ok,False,2.4100,1000,474,945,1,0,0,3,0.4
13,fgas-8sigma,10.5,10.625,ok,False,2.1467,1000,496,934,2,0,0,3,0.4
13,fgas-8sigma,10.625,10.75,ok,False,1.9538,1000,528,929,1,0,1,3,0.4
13,fgas-8sigma,10.75,10.875,ok,False,1.7771,1000,596,948,0,0,1,3,0.4
13,fgas-8sigma,10.875,11.0,ok,False,1.6109,1000,605,941,1,0,1,3,0.4
13,fgas-8sigma,11.0,11.125,ok,False,1.4615,1000,653,944,0,0,1,3,0.4
13,fgas-8sigma,11.125,11.25,ok,False,1.3296,1000,688,964,0,0,1,3,0.4
13,fgas-8sigma,11.25,11.375,ok,False,1.2146,1000,749,964,0,0,1,4,0.4
13,fgas-8sigma,11.375,11.5,ok,False,1.1166,1000,854,998,0,0,2,5,0.4
13,fgas-8sigma,11.5,11.625,ok,False,1.0138,1000,882,1000,0,0,2,6,0.4
13,fgas-8sigma,11.625,11.75,ok,False,0.9189,1000,938,1000,0,0,3,8,0.4
13,fgas-8sigma,11.75,11.875,ok,False,0.8349,1000,975,1000,0,0,4,10,0.4
13,fgas-8sigma,11.875,12.0,ok,False,0.7599,1000,994,1000,0,0,5,13,0.4
13,fgas-8sigma,12.0,12.125,ok,False,0.6909,1000,999,1000,0,0,7,17,0.4
13,fgas-8sigma,12.125,12.25,ok,False,0.6299,1000,1000,1000,0,0,9,22,0.4
13,fgas-8sigma,12.25,12.375,ok,False,0.5709,1000,1000,1000,0,0,12,30,0.4
13,fgas-8sigma,12.375,12.5,ok,False,0.5184,1000,1000,1000,0,0,16,39,0.5
13,fgas-8sigma,12.5,12.625,ok,False,0.4713,1000,1000,1000,0,0,22,49,0.5
13,fgas-8sigma,12.625,12.75,ok,False,0.4284,1000,1000,1000,0,0,28,65,0.4
13,fgas-8sigma,12.75,12.875,ok,False,0.3897,860,860,860,0,0,38,86,0.4
13,fgas-8sigma,12.875,13.0,ok,False,0.3535,355,355,355,0,0,50,108,0.3
13,fgas-8sigma,13.0,13.125,ok,False,0.3212,125,125,125,0,0,64,144,0.2
13,fgas-8sigma,13.125,13.25,ok,True,0.2956,56,56,56,0,0,84,190,0.1
13,fgas-8sigma,13.25,13.375,ok,True,0.2634,16,16,16,0,0,117,253,0.1
13,fgas-8sigma,13.375,13.5,ok,False,0.2470,2,2,2,21,6,136,302,0.0
13,fgas-8sigma,13.5,13.625,ok,False,0.2234,2,2,2,15,10,183,378,0.0
13,fgas-8sigma,13.625,13.75,ok,False,0.2021,1,1,1,27,13,222,473,0.0
13,fgas-8sigma,13.75,13.875,no_halos,False,nan,0,0,0,0,0,0,0,0.0
13,fgas-8sigma,13.875,14.0,no_halos,False,nan,0,0,0,0,0,0,0,0.0
13,fgas-8sigma,14.0,14.125,no_halos,False,nan,0,0,0,0,0,0,0,0.0
13,fgas-8sigma,14.125,14.25,no_halos,False,nan,0,0,0,0,0,0,0,0.0
13,fgas-8sigma,14.25,14.375,no_halos,False,nan,0,0,0,0,0,0,0,0.0
13,fgas-8sigma,14.375,14.5,no_halos,False,nan,0,0,0,0,0,0,0,0.0
13,fgas-8sigma,14.5,14.625,no_halos,False,nan,0,0,0,0,0,0,0,0.0
13,fgas-8sigma,14.625,14.75,no_halos,False,nan,0,0,0,0,0,0,0,0.0
13,fgas-8sigma,14.75,14.875,no_halos,False,nan,0,0,0,0,0,0,0,0.0
13,fgas-8sigma,14.875,15.0,no_halos,False,nan,0,0,0,0,0,0,0,0.0
17,fgas-8sigma,10.0,10.125,ok,False,3.1335,1000,399,949,11,0,0,3,0.8
17,fgas-8sigma,10.125,10.25,ok,False,2.8455,486,200,454,27,0,0,3,0.6
17,fgas-8sigma,10.25,10.375,ok,False,2.6786,1000,426,943,7,0,0,3,0.7
17,fgas-8sigma,10.375,10.5,ok,False,2.4228,1000,476,936,2,0,0,3,0.7
17,fgas-8sigma,10.5,10.625,ok,False,2.1568,1000,467,941,2,0,0,3,0.7
17,fgas-8sigma,10.625,10.75,ok,False,1.9643,1000,557,935,0,0,1,3,0.7
17,fgas-8sigma,10.75,10.875,ok,False,1.7875,1000,595,946,0,0,1,3,0.7
17,fgas-8sigma,10.875,11.0,ok,False,1.6195,1000,622,961,1,0,1,3,0.7
17,fgas-8sigma,11.0,11.125,ok,False,1.4721,1000,668,961,0,0,1,3,0.7
17,fgas-8sigma,11.125,11.25,ok,False,1.3354,1000,703,943,0,0,1,3,0.7
17,fgas-8sigma,11.25,11.375,ok,False,1.2261,1000,729,970,0,0,1,4,0.7
17,fgas-8sigma,11.375,11.5,ok,False,1.1194,1000,814,997,0,0,2,5,0.8
17,fgas-8sigma,11.5,11.625,ok,False,1.0183,1000,890,1000,0,0,2,6,0.8
17,fgas-8sigma,11.625,11.75,ok,False,0.9236,1000,937,1000,0,0,3,8,0.9
17,fgas-8sigma,11.75,11.875,ok,False,0.8395,1000,965,1000,0,0,4,10,0.8
17,fgas-8sigma,11.875,12.0,ok,False,0.7612,1000,992,1000,0,0,5,13,0.8
17,fgas-8sigma,12.0,12.125,ok,False,0.6920,1000,999,1000,0,0,7,17,0.8
17,fgas-8sigma,12.125,12.25,ok,False,0.6291,1000,1000,1000,0,0,9,22,0.8
17,fgas-8sigma,12.25,12.375,ok,False,0.5737,1000,1000,1000,0,0,12,29,0.8
17,fgas-8sigma,12.375,12.5,ok,False,0.5208,1000,1000,1000,0,0,16,37,0.8
17,fgas-8sigma,12.5,12.625,ok,False,0.4733,1000,1000,1000,0,0,21,47,0.8
17,fgas-8sigma,12.625,12.75,ok,False,0.4292,1000,1000,1000,0,0,28,64,0.8
17,fgas-8sigma,12.75,12.875,ok,False,0.3910,1000,1000,1000,0,0,37,81,0.8
17,fgas-8sigma,12.875,13.0,ok,False,0.3540,1000,1000,1000,0,0,49,106,0.8
17,fgas-8sigma,13.0,13.125,ok,False,0.3225,1000,1000,1000,0,0,64,142,0.8
17,fgas-8sigma,13.125,13.25,ok,True,0.2943,771,771,771,0,0,84,183,0.8
17,fgas-8sigma,13.25,13.375,ok,True,0.2665,275,275,275,0,0,112,244,0.5
17,fgas-8sigma,13.375,13.5,ok,True,0.2428,150,150,150,0,0,148,331,0.4
17,fgas-8sigma,13.5,13.625,ok,True,0.2204,44,44,44,0,0,188,425,0.2
17,fgas-8sigma,13.625,13.75,ok,True,0.2007,15,15,15,0,0,268,617,0.1
17,fgas-8sigma,13.75,13.875,ok,False,0.1792,3,3,3,1,0,318,729,0.1
17,fgas-8sigma,13.875,14.0,no_halos,False,nan,0,0,0,0,0,0,0,0.1
17,fgas-8sigma,14.0,14.125,no_halos,False,nan,0,0,0,0,0,0,0,0.1
17,fgas-8sigma,14.125,14.25,no_halos,False,nan,0,0,0,0,0,0,0,0.1
17,fgas-8sigma,14.25,14.375,no_halos,False,nan,0,0,0,0,0,0,0,0.1
17,fgas-8sigma,14.375,14.5,no_halos,False,nan,0,0,0,0,0,0,0,0.1
17,fgas-8sigma,14.5,14.625,no_halos,False,nan,0,0,0,0,0,0,0,0.1
17,fgas-8sigma,14.625,14.75,no_halos,False,nan,0,0,0,0,0,0,0,0.1
17,fgas-8sigma,14.75,14.875,no_halos,False,nan,0,0,0,0,0,0,0,0.1
17,fgas-8sigma,14.875,15.0,no_halos,False,nan,0,0,0,0,0,0,0,0.1
37,fgas-8sigma,10.0,10.125,ok,False,2.4362,823,301,773,14,0,0,3,1.1
37,fgas-8sigma,10.125,10.25,ok,False,2.2095,455,170,420,33,0,0,3,0.8
37,fgas-8sigma,10.25,10.375,ok,False,2.0846,1000,431,943,3,0,0,3,1.4
37,fgas-8sigma,10.375,10.5,ok,False,1.8854,1000,452,922,1,0,0,3,1.1
37,fgas-8sigma,10.5,10.625,ok,False,1.6817,1000,493,929,0,0,0,3,1.1
37,fgas-8sigma,10.625,10.75,ok,False,1.5293,1000,549,938,1,0,1,3,1.1
37,fgas-8sigma,10.75,10.875,ok,False,1.3925,1000,549,926,0,0,1,3,1.1
37,fgas-8sigma,10.875,11.0,ok,False,1.2654,1000,616,940,1,0,1,3,1.1
37,fgas-8sigma,11.0,11.125,ok,False,1.1445,1000,665,937,0,0,1,3,1.1
37,fgas-8sigma,11.125,11.25,ok,False,1.0407,1000,683,926,0,0,1,3,1.1
37,fgas-8sigma,11.25,11.375,ok,False,0.9555,1000,692,961,1,0,1,3,1.1
37,fgas-8sigma,11.375,11.5,ok,False,0.8690,1000,792,995,0,0,1,5,1.1
37,fgas-8sigma,11.5,11.625,ok,False,0.7896,1000,888,1000,0,0,2,6,1.1
37,fgas-8sigma,11.625,11.75,ok,False,0.7154,1000,927,1000,0,0,3,8,1.1
37,fgas-8sigma,11.75,11.875,ok,False,0.6509,1000,973,1000,0,0,4,10,1.1
37,fgas-8sigma,11.875,12.0,ok,False,0.5951,1000,984,1000,0,0,5,12,1.1
37,fgas-8sigma,12.0,12.125,ok,False,0.5392,1000,999,1000,0,0,7,16,1.1
37,fgas-8sigma,12.125,12.25,ok,False,0.4891,1000,1000,1000,0,0,9,21,1.1
37,fgas-8sigma,12.25,12.375,ok,False,0.4450,1000,1000,1000,0,0,12,27,1.1
37,fgas-8sigma,12.375,12.5,ok,False,0.4053,1000,1000,1000,0,0,15,34,1.1
37,fgas-8sigma,12.5,12.625,ok,False,0.3683,1000,1000,1000,0,0,21,45,1.1
37,fgas-8sigma,12.625,12.75,ok,False,0.3342,1000,1000,1000,0,0,27,58,1.1
37,fgas-8sigma,12.75,12.875,ok,False,0.3040,1000,1000,1000,0,0,35,76,1.1
37,fgas-8sigma,12.875,13.0,ok,True,0.2766,1000,1000,1000,0,0,47,98,1.1
37,fgas-8sigma,13.0,13.125,ok,True,0.2505,1000,1000,1000,0,0,62,133,1.1
37,fgas-8sigma,13.125,13.25,ok,True,0.2281,1000,1000,1000,0,0,81,175,1.1
37,fgas-8sigma,13.25,13.375,ok,True,0.2075,1000,1000,1000,0,0,107,232,1.2
37,fgas-8sigma,13.375,13.5,ok,True,0.1883,1000,1000,1000,0,0,143,311,1.2
37,fgas-8sigma,13.5,13.625,ok,True,0.1715,877,877,877,0,0,190,408,1.2
37,fgas-8sigma,13.625,13.75,ok,True,0.1555,442,442,442,0,0,250,543,0.8
37,fgas-8sigma,13.75,13.875,ok,True,0.1421,203,203,203,0,0,334,720,0.5
37,fgas-8sigma,13.875,14.0,ok,True,0.1282,88,88,88,0,0,442,952,0.3
37,fgas-8sigma,14.0,14.125,ok,True,0.1177,31,31,31,0,0,587,1253,0.2
37,fgas-8sigma,14.125,14.25,ok,True,0.1052,10,10,10,0,0,664,1432,0.2
37,fgas-8sigma,14.25,14.375,ok,False,0.0962,2,2,2,1,0,922,2016,0.1
37,fgas-8sigma,14.375,14.5,no_halos,False,nan,0,0,0,0,0,0,0,0.1
37,fgas-8sigma,14.5,14.625,no_halos,False,nan,0,0,0,0,0,0,0,0.1
37,fgas-8sigma,14.625,14.75,no_halos,False,nan,0,0,0,0,0,0,0,0.1
37,fgas-8sigma,14.75,14.875,no_halos,False,nan,0,0,0,0,0,0,0,0.1
37,fgas-8sigma,14.875,15.0,no_halos,False,nan,0,0,0,0,0,0,0,0.1
47,fgas-8sigma,10.0,10.125,ok,False,2.0698,460,175,429,22,0,0,3,1.0
47,fgas-8sigma,10.125,10.25,ok,False,1.8648,262,98,233,40,2,0,3,0.7
47,fgas-8sigma,10.25,10.375,ok,False,1.7661,1000,389,921,2,0,0,3,1.2
47,fgas-8sigma,10.375,10.5,ok,False,1.5991,1000,463,908,1,0,0,3,1.2
47,fgas-8sigma,10.5,10.625,ok,False,1.4253,1000,482,927,1,0,0,3,1.2
47,fgas-8sigma,10.625,10.75,ok,False,1.2971,1000,518,918,1,0,1,3,1.2
47,fgas-8sigma,10.75,10.875,ok,False,1.1792,1000,545,934,0,0,1,3,1.3
47,fgas-8sigma,10.875,11.0,ok,False,1.0710,1000,606,916,1,0,1,3,1.2
47,fgas-8sigma,11.0,11.125,ok,False,0.9696,1000,640,926,0,0,1,3,1.2
47,fgas-8sigma,11.125,11.25,ok,False,0.8844,1000,644,925,0,0,1,3,1.2
47,fgas-8sigma,11.25,11.375,ok,False,0.8107,1000,659,951,1,0,1,3,1.2
47,fgas-8sigma,11.375,11.5,ok,False,0.7398,1000,771,996,0,0,1,4,1.2
47,fgas-8sigma,11.5,11.625,ok,False,0.6728,1000,850,1000,0,0,2,5,1.2
47,fgas-8sigma,11.625,11.75,ok,False,0.6086,1000,916,1000,0,0,3,7,1.2
47,fgas-8sigma,11.75,11.875,ok,False,0.5548,1000,965,1000,0,0,3,9,1.2
47,fgas-8sigma,11.875,12.0,ok,False,0.5040,1000,978,1000,0,0,5,12,1.2
47,fgas-8sigma,12.0,12.125,ok,False,0.4574,1000,996,1000,0,0,6,15,1.2
47,fgas-8sigma,12.125,12.25,ok,False,0.4169,1000,1000,1000,0,0,8,19,1.2
47,fgas-8sigma,12.25,12.375,ok,False,0.3775,1000,1000,1000,0,0,11,25,1.2
47,fgas-8sigma,12.375,12.5,ok,False,0.3433,1000,1000,1000,0,0,15,32,1.2
47,fgas-8sigma,12.5,12.625,ok,False,0.3121,1000,1000,1000,0,0,19,42,1.2
47,fgas-8sigma,12.625,12.75,ok,True,0.2831,1000,1000,1000,0,0,26,54,1.3
47,fgas-8sigma,12.75,12.875,ok,True,0.2574,1000,1000,1000,0,0,34,71,1.2
47,fgas-8sigma,12.875,13.0,ok,True,0.2338,1000,1000,1000,0,0,44,93,1.3
47,fgas-8sigma,13.0,13.125,ok,True,0.2127,1000,1000,1000,0,0,60,124,1.3
47,fgas-8sigma,13.125,13.25,ok,True,0.1933,1000,1000,1000,0,0,78,166,1.3
47,fgas-8sigma,13.25,13.375,ok,True,0.1758,1000,1000,1000,0,0,104,219,1.3
47,fgas-8sigma,13.375,13.5,ok,True,0.1596,1000,1000,1000,0,0,137,290,1.3
47,fgas-8sigma,13.5,13.625,ok,True,0.1453,1000,1000,1000,0,0,180,388,1.3
47,fgas-8sigma,13.625,13.75,ok,True,0.1317,1000,1000,1000,0,0,240,520,1.4
47,fgas-8sigma,13.75,13.875,ok,True,0.1198,735,735,735,0,0,321,694,1.2
47,fgas-8sigma,13.875,14.0,ok,True,0.1089,364,364,364,0,0,424,919,0.8
47,fgas-8sigma,14.0,14.125,ok,True,0.0993,188,188,188,0,0,556,1213,0.5
47,fgas-8sigma,14.125,14.25,ok,True,0.0899,77,77,77,0,0,699,1538,0.3
47,fgas-8sigma,14.25,14.375,ok,True,0.0824,30,30,30,0,0,907,2014,0.2
47,fgas-8sigma,14.375,14.5,ok,True,0.0731,7,7,7,0,0,1204,2603,0.2
47,fgas-8sigma,14.5,14.625,ok,False,0.0638,1,1,1,4,0,2038,4600,0.1
47,fgas-8sigma,14.625,14.75,ok,False,0.0625,1,1,1,3,0,1754,3899,0.1
47,fgas-8sigma,14.75,14.875,no_halos,False,nan,0,0,0,0,0,0,0,0.1
47,fgas-8sigma,14.875,15.0,no_halos,False,nan,0,0,0,0,0,0,0,0.1
57,fgas-8sigma,10.0,10.125,ok,False,1.7199,186,71,168,49,6,0,2,0.7
57,fgas-8sigma,10.125,10.25,ok,False,1.5436,125,50,116,58,19,0,2,0.5
57,fgas-8sigma,10.25,10.375,ok,False,1.4684,1000,389,900,7,0,0,2,1.2
57,fgas-8sigma,10.375,10.5,ok,False,1.3303,1000,428,892,2,0,0,3,1.2
57,fgas-8sigma,10.5,10.625,ok,False,1.1836,1000,457,910,1,0,0,2,1.2
57,fgas-8sigma,10.625,10.75,ok,False,1.0796,1000,501,888,1,0,1,2,1.2
57,fgas-8sigma,10.75,10.875,ok,False,0.9799,1000,512,910,2,1,1,3,1.2
57,fgas-8sigma,10.875,11.0,ok,False,0.8877,1000,565,884,1,0,1,2,1.2
57,fgas-8sigma,11.0,11.125,ok,False,0.8065,1000,633,891,1,0,1,3,1.2
57,fgas-8sigma,11.125,11.25,ok,False,0.7342,1000,620,885,0,0,1,3,1.2
57,fgas-8sigma,11.25,11.375,ok,False,0.6738,1000,648,936,0,0,1,3,1.2
57,fgas-8sigma,11.375,11.5,ok,False,0.6128,1000,738,993,0,0,1,4,1.2
57,fgas-8sigma,11.5,11.625,ok,False,0.5572,1000,820,1000,0,0,2,5,1.3
57,fgas-8sigma,11.625,11.75,ok,False,0.5064,1000,890,1000,0,0,2,6,1.2
57,fgas-8sigma,11.75,11.875,ok,False,0.4619,1000,954,1000,0,0,3,8,1.3
57,fgas-8sigma,11.875,12.0,ok,False,0.4180,1000,977,1000,0,0,4,10,1.3
57,fgas-8sigma,12.0,12.125,ok,False,0.3796,1000,993,1000,0,0,6,13,1.2
57,fgas-8sigma,12.125,12.25,ok,False,0.3454,1000,998,1000,0,0,8,17,1.2
57,fgas-8sigma,12.25,12.375,ok,False,0.3134,1000,1000,1000,0,0,10,22,1.2
57,fgas-8sigma,12.375,12.5,ok,True,0.2851,1000,1000,1000,0,0,13,28,1.2
57,fgas-8sigma,12.5,12.625,ok,True,0.2591,1000,1000,1000,0,0,18,37,1.2
57,fgas-8sigma,12.625,12.75,ok,True,0.2358,1000,1000,1000,0,0,23,48,1.2
57,fgas-8sigma,12.75,12.875,ok,True,0.2138,1000,1000,1000,0,0,32,63,1.3
57,fgas-8sigma,12.875,13.0,ok,True,0.1939,1000,1000,1000,0,0,42,83,1.3
57,fgas-8sigma,13.0,13.125,ok,True,0.1769,1000,1000,1000,0,0,57,114,1.3
57,fgas-8sigma,13.125,13.25,ok,True,0.1608,1000,1000,1000,0,0,74,151,1.3
57,fgas-8sigma,13.25,13.375,ok,True,0.1461,1000,1000,1000,0,0,100,204,1.3
57,fgas-8sigma,13.375,13.5,ok,True,0.1327,1000,1000,1000,0,0,131,270,1.3
57,fgas-8sigma,13.5,13.625,ok,True,0.1203,1000,1000,1000,0,0,173,360,1.4
57,fgas-8sigma,13.625,13.75,ok,True,0.1091,1000,1000,1000,0,0,230,492,1.4
57,fgas-8sigma,13.75,13.875,ok,True,0.0998,1000,1000,1000,0,0,299,637,1.3
57,fgas-8sigma,13.875,14.0,ok,True,0.0905,1000,1000,1000,0,0,397,860,1.4
57,fgas-8sigma,14.0,14.125,ok,True,0.0821,656,656,656,0,0,537,1164,1.3
57,fgas-8sigma,14.125,14.25,ok,True,0.0745,358,358,358,0,0,701,1523,0.9
57,fgas-8sigma,14.25,14.375,ok,True,0.0682,187,187,187,0,0,915,1999,0.6
57,fgas-8sigma,14.375,14.5,ok,True,0.0616,71,71,71,0,0,1183,2612,0.4
57,fgas-8sigma,14.5,14.625,ok,True,0.0557,36,36,36,0,0,1574,3452,0.3
57,fgas-8sigma,14.625,14.75,ok,True,0.0506,9,9,9,0,0,2189,4754,0.2
57,fgas-8sigma,14.75,14.875,ok,True,0.0467,5,5,5,0,0,3025,6478,0.2
57,fgas-8sigma,14.875,15.0,ok,False,0.0438,1,1,1,1,1,3321,7411,0.2
62,fgas-8sigma,10.0,10.125,ok,False,1.5506,92,30,82,69,21,0,2,0.5
62,fgas-8sigma,10.125,10.25,ok,False,1.3956,72,19,63,81,37,0,2,0.4
62,fgas-8sigma,10.25,10.375,ok,False,1.3309,879,336,778,4,0,0,2,1.2
62,fgas-8sigma,10.375,10.5,ok,False,1.2035,1000,438,874,2,0,0,2,1.3
62,fgas-8sigma,10.5,10.625,ok,False,1.0738,1000,458,872,2,0,0,2,1.4
62,fgas-8sigma,10.625,10.75,ok,False,0.9751,1000,471,867,5,0,0,2,1.3
62,fgas-8sigma,10.75,10.875,ok,False,0.8863,1000,498,868,2,0,0,2,1.3
62,fgas-8sigma,10.875,11.0,ok,False,0.8019,1000,556,889,0,0,1,2,1.3
62,fgas-8sigma,11.0,11.125,ok,False,0.7296,1000,580,895,1,0,1,2,1.2
62,fgas-8sigma,11.125,11.25,ok,False,0.6638,1000,612,879,0,0,1,2,1.2
62,fgas-8sigma,11.25,11.375,ok,False,0.6080,1000,629,923,1,0,1,3,1.3
62,fgas-8sigma,11.375,11.5,ok,False,0.5544,1000,700,994,0,0,1,4,1.2
62,fgas-8sigma,11.5,11.625,ok,False,0.5044,1000,801,1000,0,0,2,5,1.3
62,fgas-8sigma,11.625,11.75,ok,False,0.4591,1000,875,1000,0,0,2,6,1.2
62,fgas-8sigma,11.75,11.875,ok,False,0.4173,1000,940,1000,0,0,3,8,1.2
62,fgas-8sigma,11.875,12.0,ok,False,0.3797,1000,972,1000,0,0,4,10,1.2
62,fgas-8sigma,12.0,12.125,ok,False,0.3439,1000,989,1000,0,0,5,12,1.2
62,fgas-8sigma,12.125,12.25,ok,False,0.3128,1000,998,1000,0,0,7,15,1.2
62,fgas-8sigma,12.25,12.375,ok,True,0.2837,1000,999,1000,0,0,10,20,1.3
62,fgas-8sigma,12.375,12.5,ok,True,0.2583,1000,1000,1000,0,0,13,26,1.2
62,fgas-8sigma,12.5,12.625,ok,True,0.2345,1000,1000,1000,0,0,17,34,1.2
62,fgas-8sigma,12.625,12.75,ok,True,0.2130,1000,1000,1000,0,0,22,43,1.2
62,fgas-8sigma,12.75,12.875,ok,True,0.1938,1000,1000,1000,0,0,30,57,1.2
62,fgas-8sigma,12.875,13.0,ok,True,0.1761,1000,1000,1000,0,0,39,77,1.2
62,fgas-8sigma,13.0,13.125,ok,True,0.1596,1000,1000,1000,0,0,53,104,1.2
62,fgas-8sigma,13.125,13.25,ok,True,0.1455,1000,1000,1000,0,0,70,141,1.3
62,fgas-8sigma,13.25,13.375,ok,True,0.1321,1000,1000,1000,0,0,93,188,1.2
62,fgas-8sigma,13.375,13.5,ok,True,0.1200,1000,1000,1000,0,0,125,253,1.3
62,fgas-8sigma,13.5,13.625,ok,True,0.1087,1000,1000,1000,0,0,165,347,1.3
62,fgas-8sigma,13.625,13.75,ok,True,0.0988,1000,1000,1000,0,0,222,466,1.3
62,fgas-8sigma,13.75,13.875,ok,True,0.0901,1000,1000,1000,0,0,288,610,1.3
62,fgas-8sigma,13.875,14.0,ok,True,0.0818,1000,1000,1000,0,0,390,831,1.4
62,fgas-8sigma,14.0,14.125,ok,True,0.0744,1000,1000,1000,0,0,507,1099,1.5
62,fgas-8sigma,14.125,14.25,ok,True,0.0675,617,617,617,0,0,684,1492,1.2
62,fgas-8sigma,14.25,14.375,ok,True,0.0614,340,340,340,0,0,876,1925,0.9
62,fgas-8sigma,14.375,14.5,ok,True,0.0558,171,171,171,0,0,1166,2536,0.6
62,fgas-8sigma,14.5,14.625,ok,True,0.0508,75,75,75,0,0,1516,3421,0.4
62,fgas-8sigma,14.625,14.75,ok,True,0.0464,25,25,25,0,0,1950,4368,0.2
62,fgas-8sigma,14.75,14.875,ok,True,0.0419,13,13,13,0,0,2841,6123,0.2
62,fgas-8sigma,14.875,15.0,ok,True,0.0380,5,5,5,0,0,3790,8582,0.2
67,fgas-8sigma,10.0,10.125,ok,False,1.4143,50,15,41,82,53,0,1,0.3
67,fgas-8sigma,10.125,10.25,ok,False,1.2643,40,11,34,85,55,0,2,0.3
67,fgas-8sigma,10.25,10.375,ok,False,1.2035,514,175,428,22,0,0,2,1.1
67,fgas-8sigma,10.375,10.5,ok,False,1.0893,1000,388,833,4,0,0,2,1.2
67,fgas-8sigma,10.5,10.625,ok,False,0.9715,1000,395,831,1,0,0,2,1.2
67,fgas-8sigma,10.625,10.75,ok,False,0.8821,1000,458,826,4,0,0,2,1.2
67,fgas-8sigma,10.75,10.875,ok,False,0.8014,1000,507,841,2,0,1,2,1.1
67,fgas-8sigma,10.875,11.0,ok,False,0.7251,1000,494,850,3,0,0,2,1.2
67,fgas-8sigma,11.0,11.125,ok,False,0.6595,1000,524,837,0,0,1,2,1.1
67,fgas-8sigma,11.125,11.25,ok,False,0.6002,1000,556,854,2,0,1,2,1.2
67,fgas-8sigma,11.25,11.375,ok,False,0.5515,1000,590,889,0,0,1,2,1.1
67,fgas-8sigma,11.375,11.5,ok,False,0.5039,1000,700,989,1,0,1,3,1.2
67,fgas-8sigma,11.5,11.625,ok,False,0.4572,1000,777,1000,0,0,1,4,1.1
67,fgas-8sigma,11.625,11.75,ok,False,0.4149,1000,868,1000,0,0,2,5,1.2
67,fgas-8sigma,11.75,11.875,ok,False,0.3774,1000,935,1000,0,0,3,7,1.2
67,fgas-8sigma,11.875,12.0,ok,False,0.3428,1000,969,1000,0,0,4,8,1.2
67,fgas-8sigma,12.0,12.125,ok,False,0.3110,1000,986,1000,0,0,5,11,1.1
67,fgas-8sigma,12.125,12.25,ok,True,0.2831,1000,996,1000,0,0,7,14,1.1
67,fgas-8sigma,12.25,12.375,ok,True,0.2575,1000,999,1000,0,0,9,18,1.1
67,fgas-8sigma,12.375,12.5,ok,True,0.2325,1000,1000,1000,0,0,11,23,1.2
67,fgas-8sigma,12.5,12.625,ok,True,0.2119,1000,1000,1000,0,0,15,29,1.2
67,fgas-8sigma,12.625,12.75,ok,True,0.1926,1000,1000,1000,0,0,21,40,1.2
67,fgas-8sigma,12.75,12.875,ok,True,0.1751,1000,1000,1000,0,0,28,51,1.2
67,fgas-8sigma,12.875,13.0,ok,True,0.1592,1000,1000,1000,0,0,36,69,1.2
67,fgas-8sigma,13.0,13.125,ok,True,0.1445,1000,1000,1000,0,0,51,96,1.2
67,fgas-8sigma,13.125,13.25,ok,True,0.1315,1000,1000,1000,0,0,65,126,1.2
67,fgas-8sigma,13.25,13.375,ok,True,0.1193,1000,1000,1000,0,0,89,172,1.2
67,fgas-8sigma,13.375,13.5,ok,True,0.1084,1000,1000,1000,0,0,117,236,1.2
67,fgas-8sigma,13.5,13.625,ok,True,0.0984,1000,1000,1000,0,0,157,318,1.3
67,fgas-8sigma,13.625,13.75,ok,True,0.0895,1000,1000,1000,0,0,212,438,1.3
67,fgas-8sigma,13.75,13.875,ok,True,0.0812,1000,1000,1000,0,0,279,584,1.3
67,fgas-8sigma,13.875,14.0,ok,True,0.0738,1000,1000,1000,0,0,367,786,1.3
67,fgas-8sigma,14.0,14.125,ok,True,0.0670,1000,1000,1000,0,0,492,1042,1.4
67,fgas-8sigma,14.125,14.25,ok,True,0.0611,896,896,896,0,0,648,1402,1.4
67,fgas-8sigma,14.25,14.375,ok,True,0.0553,508,508,508,0,0,874,1897,1.1
67,fgas-8sigma,14.375,14.5,ok,True,0.0505,294,294,294,0,0,1098,2412,0.8
67,fgas-8sigma,14.5,14.625,ok,True,0.0459,167,167,167,0,0,1466,3193,0.6
67,fgas-8sigma,14.625,14.75,ok,True,0.0417,83,83,83,0,0,2120,4606,0.4
67,fgas-8sigma,14.75,14.875,ok,True,0.0383,16,16,16,0,0,2548,5639,0.2
67,fgas-8sigma,14.875,15.0,ok,True,0.0345,11,11,11,0,0,3684,8135,0.2
69,fgas-8sigma,10.0,10.125,ok,False,1.3535,42,11,39,89,54,0,2,0.3
69,fgas-8sigma,10.125,10.25,ok,False,1.2151,32,17,28,80,56,1,2,0.3
69,fgas-8sigma,10.25,10.375,ok,False,1.1550,476,169,382,13,3,0,2,0.9
69,fgas-8sigma,10.375,10.5,ok,False,1.0460,1000,387,826,3,0,0,2,1.2
69,fgas-8sigma,10.5,10.625,ok,False,0.9326,1000,433,842,4,0,0,2,1.1
69,fgas-8sigma,10.625,10.75,ok,False,0.8468,1000,430,822,6,1,0,2,1.1
69,fgas-8sigma,10.75,10.875,ok,False,0.7709,1000,468,818,3,0,0,2,1.1
69,fgas-8sigma,10.875,11.0,ok,False,0.6984,1000,499,830,5,0,0,2,1.1
69,fgas-8sigma,11.0,11.125,ok,False,0.6335,1000,531,840,0,1,1,2,1.1
69,fgas-8sigma,11.125,11.25,ok,False,0.5755,1000,509,820,0,0,1,2,1.1
69,fgas-8sigma,11.25,11.375,ok,False,0.5315,1000,598,906,0,0,1,2,1.2
69,fgas-8sigma,11.375,11.5,ok,False,0.4828,1000,662,994,1,0,1,3,1.2
69,fgas-8sigma,11.5,11.625,ok,False,0.4387,1000,788,1000,0,0,1,4,1.1
69,fgas-8sigma,11.625,11.75,ok,False,0.3981,1000,846,1000,0,0,2,5,1.1
69,fgas-8sigma,11.75,11.875,ok,False,0.3624,1000,915,1000,0,0,3,6,1.1
69,fgas-8sigma,11.875,12.0,ok,False,0.3295,1000,963,1000,0,0,3,8,1.1
69,fgas-8sigma,12.0,12.125,ok,True,0.2993,1000,978,1000,0,0,5,10,1.1
69,fgas-8sigma,12.125,12.25,ok,True,0.2717,1000,998,1000,0,0,6,13,1.1
69,fgas-8sigma,12.25,12.375,ok,True,0.2480,1000,1000,1000,0,0,8,17,1.1
69,fgas-8sigma,12.375,12.5,ok,True,0.2242,1000,1000,1000,0,0,11,21,1.1
69,fgas-8sigma,12.5,12.625,ok,True,0.2045,1000,1000,1000,0,0,15,28,1.1
69,fgas-8sigma,12.625,12.75,ok,True,0.1857,1000,1000,1000,0,0,20,37,1.2
69,fgas-8sigma,12.75,12.875,ok,True,0.1678,1000,1000,1000,0,0,27,49,1.2
69,fgas-8sigma,12.875,13.0,ok,True,0.1530,1000,1000,1000,0,0,35,65,1.2
69,fgas-8sigma,13.0,13.125,ok,True,0.1387,1000,1000,1000,0,0,48,89,1.2
69,fgas-8sigma,13.125,13.25,ok,True,0.1261,1000,1000,1000,0,0,62,119,1.2
69,fgas-8sigma,13.25,13.375,ok,True,0.1146,1000,1000,1000,0,0,84,166,1.2
69,fgas-8sigma,13.375,13.5,ok,True,0.1044,1000,1000,1000,0,0,113,226,1.2
69,fgas-8sigma,13.5,13.625,ok,True,0.0947,1000,1000,1000,0,0,151,301,1.3
69,fgas-8sigma,13.625,13.75,ok,True,0.0863,1000,1000,1000,0,0,204,422,1.3
69,fgas-8sigma,13.75,13.875,ok,True,0.0781,1000,1000,1000,0,0,268,567,1.3
69,fgas-8sigma,13.875,14.0,ok,True,0.0711,1000,1000,1000,0,0,360,765,1.3
69,fgas-8sigma,14.0,14.125,ok,True,0.0645,1000,1000,1000,0,0,476,1016,1.4
69,fgas-8sigma,14.125,14.25,ok,True,0.0585,1000,1000,1000,0,0,635,1360,1.5
69,fgas-8sigma,14.25,14.375,ok,True,0.0532,573,573,573,0,0,837,1831,1.2
69,fgas-8sigma,14.375,14.5,ok,True,0.0486,359,359,359,0,0,1108,2435,1.0
69,fgas-8sigma,14.5,14.625,ok,True,0.0441,167,167,167,0,0,1390,3057,0.6
69,fgas-8sigma,14.625,14.75,ok,True,0.0399,93,93,93,0,0,1960,4393,0.4
69,fgas-8sigma,14.75,14.875,ok,True,0.0365,34,34,34,0,0,2638,5784,0.3
69,fgas-8sigma,14.875,15.0,ok,True,0.0335,17,17,17,0,0,3110,7170,0.2
71,fgas-8sigma,10.0,10.125,ok,False,1.2929,23,11,18,89,73,0,1,0.3
71,fgas-8sigma,10.125,10.25,ok,False,1.1651,26,10,24,90,67,0,2,0.3
71,fgas-8sigma,10.25,10.375,ok,False,1.1138,396,138,322,23,6,0,2,1.2
71,fgas-8sigma,10.375,10.5,ok,False,1.0067,1000,378,827,2,0,0,2,1.2
71,fgas-8sigma,10.5,10.625,ok,False,0.8993,1000,389,812,9,0,0,2,1.1
71,fgas-8sigma,10.625,10.75,ok,False,0.8148,1000,436,802,3,0,0,2,1.1
71,fgas-8sigma,10.75,10.875,ok,False,0.7430,1000,451,820,5,0,0,2,1.1
71,fgas-8sigma,10.875,11.0,ok,False,0.6722,1000,471,829,3,0,0,2,1.1
71,fgas-8sigma,11.0,11.125,ok,False,0.6107,1000,507,828,1,0,1,2,1.1
71,fgas-8sigma,11.125,11.25,ok,False,0.5549,1000,542,818,0,0,1,2,1.1
71,fgas-8sigma,11.25,11.375,ok,False,0.5084,1000,552,904,2,0,1,2,1.1
71,fgas-8sigma,11.375,11.5,ok,False,0.4648,1000,647,987,1,0,1,3,1.1
71,fgas-8sigma,11.5,11.625,ok,False,0.4210,1000,729,1000,0,0,1,4,1.1
71,fgas-8sigma,11.625,11.75,ok,False,0.3835,1000,845,1000,0,0,2,5,1.1
71,fgas-8sigma,11.75,11.875,ok,False,0.3489,1000,913,1000,0,0,2,6,1.1
71,fgas-8sigma,11.875,12.0,ok,False,0.3175,1000,959,1000,0,0,3,8,1.1
71,fgas-8sigma,12.0,12.125,ok,True,0.2880,1000,984,1000,0,0,4,10,1.1
71,fgas-8sigma,12.125,12.25,ok,True,0.2608,1000,997,1000,0,0,6,13,1.1
71,fgas-8sigma,12.25,12.375,ok,True,0.2379,1000,1000,1000,0,0,8,16,1.1
71,fgas-8sigma,12.375,12.5,ok,True,0.2153,1000,1000,1000,0,0,11,21,1.1
71,fgas-8sigma,12.5,12.625,ok,True,0.1963,1000,1000,1000,0,0,15,26,1.1
71,fgas-8sigma,12.625,12.75,ok,True,0.1783,1000,1000,1000,0,0,19,35,1.1
71,fgas-8sigma,12.75,12.875,ok,True,0.1625,1000,1000,1000,0,0,26,46,1.1
71,fgas-8sigma,12.875,13.0,ok,True,0.1471,1000,1000,1000,0,0,34,63,1.1
71,fgas-8sigma,13.0,13.125,ok,True,0.1336,1000,1000,1000,0,0,45,84,1.1
71,fgas-8sigma,13.125,13.25,ok,True,0.1216,1000,1000,1000,0,0,61,115,1.1
71,fgas-8sigma,13.25,13.375,ok,True,0.1103,1000,1000,1000,0,0,81,156,1.2
71,fgas-8sigma,13.375,13.5,ok,True,0.1005,1000,1000,1000,0,0,110,216,1.2
71,fgas-8sigma,13.5,13.625,ok,True,0.0910,1000,1000,1000,0,0,147,297,1.2
71,fgas-8sigma,13.625,13.75,ok,True,0.0828,1000,1000,1000,0,0,194,399,1.2
71,fgas-8sigma,13.75,13.875,ok,True,0.0751,1000,1000,1000,0,0,259,548,1.3
71,fgas-8sigma,13.875,14.0,ok,True,0.0685,1000,1000,1000,0,0,346,736,1.3
71,fgas-8sigma,14.0,14.125,ok,True,0.0620,1000,1000,1000,0,0,465,994,1.4
71,fgas-8sigma,14.125,14.25,ok,True,0.0565,1000,1000,1000,0,0,604,1319,1.4
71,fgas-8sigma,14.25,14.375,ok,True,0.0514,630,630,630,0,0,810,1766,1.2
71,fgas-8sigma,14.375,14.5,ok,True,0.0468,425,425,425,0,0,1086,2374,1.0
71,fgas-8sigma,14.5,14.625,ok,True,0.0424,196,196,196,0,0,1428,3142,0.7
71,fgas-8sigma,14.625,14.75,ok,True,0.0387,108,108,108,0,0,1840,3997,0.5
71,fgas-8sigma,14.75,14.875,ok,True,0.0349,60,60,60,0,0,2629,5806,0.3
71,fgas-8sigma,14.875,15.0,ok,True,0.0319,19,19,19,0,0,3134,7042,0.2
73,fgas-8sigma,10.0,10.125,ok,False,1.2656,16,2,13,98,76,0,2,0.2
73,fgas-8sigma,10.125,10.25,ok,False,1.1263,27,10,21,87,73,0,1,0.2
73,fgas-8sigma,10.25,10.375,ok,False,1.0734,281,87,233,44,6,0,2,0.7
73,fgas-8sigma,10.375,10.5,ok,False,0.9694,778,293,602,9,0,0,1,1.0
73,fgas-8sigma,10.5,10.625,ok,False,0.8660,1000,394,791,5,0,0,1,1.0
73,fgas-8sigma,10.625,10.75,ok,False,0.7848,1000,411,771,4,0,0,1,1.1
73,fgas-8sigma,10.75,10.875,ok,False,0.7165,1000,431,783,5,1,0,2,1.0
73,fgas-8sigma,10.875,11.0,ok,False,0.6455,1000,445,795,3,1,0,1,1.1
73,fgas-8sigma,11.0,11.125,ok,False,0.5892,1000,504,825,1,0,1,2,1.1
73,fgas-8sigma,11.125,11.25,ok,False,0.5337,1000,481,779,1,0,0,2,1.1
73,fgas-8sigma,11.25,11.375,ok,False,0.4920,1000,545,869,0,0,1,2,1.1
73,fgas-8sigma,11.375,11.5,ok,False,0.4483,1000,654,987,0,0,1,3,1.1
73,fgas-8sigma,11.5,11.625,ok,False,0.4072,1000,718,1000,0,0,1,3,1.1
73,fgas-8sigma,11.625,11.75,ok,False,0.3701,1000,815,1000,0,0,2,4,1.1
73,fgas-8sigma,11.75,11.875,ok,False,0.3351,1000,898,1000,0,0,2,6,1.1
73,fgas-8sigma,11.875,12.0,ok,False,0.3059,1000,946,1000,0,0,3,7,1.0
73,fgas-8sigma,12.0,12.125,ok,True,0.2779,1000,978,1000,0,0,4,9,1.1
73,fgas-8sigma,12.125,12.25,ok,True,0.2515,1000,993,1000,0,0,6,12,1.1
73,fgas-8sigma,12.25,12.375,ok,True,0.2289,1000,998,1000,0,0,8,15,1.1
73,fgas-8sigma,12.375,12.5,ok,True,0.2081,1000,1000,1000,0,0,10,19,1.1
73,fgas-8sigma,12.5,12.625,ok,True,0.1890,1000,1000,1000,0,0,14,24,1.1
73,fgas-8sigma,12.625,12.75,ok,True,0.1711,1000,1000,1000,0,0,19,33,1.1
73,fgas-8sigma,12.75,12.875,ok,True,0.1560,1000,1000,1000,0,0,25,44,1.1
73,fgas-8sigma,12.875,13.0,ok,True,0.1418,1000,1000,1000,0,0,32,58,1.1
73,fgas-8sigma,13.0,13.125,ok,True,0.1285,1000,1000,1000,0,0,44,79,1.1
73,fgas-8sigma,13.125,13.25,ok,True,0.1169,1000,1000,1000,0,0,58,107,1.1
73,fgas-8sigma,13.25,13.375,ok,True,0.1063,1000,1000,1000,0,0,77,146,1.1
73,fgas-8sigma,13.375,13.5,ok,True,0.0966,1000,1000,1000,0,0,105,204,1.1
73,fgas-8sigma,13.5,13.625,ok,True,0.0879,1000,1000,1000,0,0,136,274,1.2
73,fgas-8sigma,13.625,13.75,ok,True,0.0800,1000,1000,1000,0,0,184,380,1.1
73,fgas-8sigma,13.75,13.875,ok,True,0.0725,1000,1000,1000,0,0,250,521,1.2
73,fgas-8sigma,13.875,14.0,ok,True,0.0657,1000,1000,1000,0,0,333,716,1.3
73,fgas-8sigma,14.0,14.125,ok,True,0.0599,1000,1000,1000,0,0,445,950,1.3
73,fgas-8sigma,14.125,14.25,ok,True,0.0545,1000,1000,1000,0,0,590,1276,1.4
73,fgas-8sigma,14.25,14.375,ok,True,0.0495,677,677,677,0,0,781,1710,1.2
73,fgas-8sigma,14.375,14.5,ok,True,0.0449,431,431,431,0,0,1074,2370,1.0
73,fgas-8sigma,14.5,14.625,ok,True,0.0408,240,240,240,0,0,1372,2992,0.7
73,fgas-8sigma,14.625,14.75,ok,True,0.0370,114,114,114,0,0,1816,4126,0.4
73,fgas-8sigma,14.75,14.875,ok,True,0.0338,48,48,48,0,0,2568,5737,0.3
73,fgas-8sigma,14.875,15.0,ok,True,0.0307,28,28,28,0,0,3072,6918,0.2
75,fgas-8sigma,10.0,10.125,ok,False,1.2251,24,5,19,95,76,0,2,0.3
75,fgas-8sigma,10.125,10.25,ok,False,1.0813,11,6,7,93,86,1,2,0.3
75,fgas-8sigma,10.25,10.375,ok,False,1.0356,239,72,178,45,9,0,1,0.9
75,fgas-8sigma,10.375,10.5,ok,False,0.9373,646,220,485,10,2,0,1,1.3
75,fgas-8sigma,10.5,10.625,ok,False,0.8352,1000,379,746,7,0,0,1,1.5
75,fgas-8sigma,10.625,10.75,ok,False,0.7587,1000,388,761,7,1,0,1,1.5
75,fgas-8sigma,10.75,10.875,ok,False,0.6904,1000,421,750,2,0,0,1,1.5
75,fgas-8sigma,10.875,11.0,ok,False,0.6241,1000,449,750,5,1,0,1,1.5
75,fgas-8sigma,11.0,11.125,ok,False,0.5682,1000,478,785,1,1,0,1,1.5
75,fgas-8sigma,11.125,11.25,ok,False,0.5162,1000,472,784,0,2,0,1,1.5
75,fgas-8sigma,11.25,11.375,ok,False,0.4756,1000,507,878,1,2,1,2,1.5
75,fgas-8sigma,11.375,11.5,ok,False,0.4331,1000,632,990,0,1,1,3,1.5
75,fgas-8sigma,11.5,11.625,ok,False,0.3927,1000,716,1000,0,0,1,3,1.5
75,fgas-8sigma,11.625,11.75,ok,False,0.3564,1000,788,1000,0,0,2,4,1.5
75,fgas-8sigma,11.75,11.875,ok,False,0.3239,1000,892,1000,0,0,2,5,1.5
75,fgas-8sigma,11.875,12.0,ok,True,0.2955,1000,940,1000,0,0,3,7,1.5
75,fgas-8sigma,12.0,12.125,ok,True,0.2681,1000,967,1000,0,0,4,9,1.5
75,fgas-8sigma,12.125,12.25,ok,True,0.2437,1000,994,1000,0,0,5,11,1.5
75,fgas-8sigma,12.25,12.375,ok,True,0.2210,1000,1000,1000,0,0,7,14,1.5
75,fgas-8sigma,12.375,12.5,ok,True,0.2003,1000,1000,1000,0,0,10,18,1.5
75,fgas-8sigma,12.5,12.625,ok,True,0.1829,1000,1000,1000,0,0,13,23,1.5
75,fgas-8sigma,12.625,12.75,ok,True,0.1657,1000,1000,1000,0,0,17,30,1.5
75,fgas-8sigma,12.75,12.875,ok,True,0.1504,1000,1000,1000,0,0,24,41,1.5
75,fgas-8sigma,12.875,13.0,ok,True,0.1366,1000,1000,1000,0,0,32,55,1.5
75,fgas-8sigma,13.0,13.125,ok,True,0.1244,1000,1000,1000,0,0,42,74,1.6
75,fgas-8sigma,13.125,13.25,ok,True,0.1128,1000,1000,1000,0,0,56,100,1.6
75,fgas-8sigma,13.25,13.375,ok,True,0.1026,1000,1000,1000,0,0,75,140,1.6
75,fgas-8sigma,13.375,13.5,ok,True,0.0931,1000,1000,1000,0,0,100,190,1.6
75,fgas-8sigma,13.5,13.625,ok,True,0.0846,1000,1000,1000,0,0,134,266,1.6
75,fgas-8sigma,13.625,13.75,ok,True,0.0770,1000,1000,1000,0,0,180,365,1.7
75,fgas-8sigma,13.75,13.875,ok,True,0.0699,1000,1000,1000,0,0,239,497,1.7
75,fgas-8sigma,13.875,14.0,ok,True,0.0635,1000,1000,1000,0,0,324,684,1.8
75,fgas-8sigma,14.0,14.125,ok,True,0.0577,1000,1000,1000,0,0,434,922,1.8
75,fgas-8sigma,14.125,14.25,ok,True,0.0525,1000,1000,1000,0,0,574,1232,2.0
75,fgas-8sigma,14.25,14.375,ok,True,0.0478,678,678,678,0,0,763,1658,1.8
75,fgas-8sigma,14.375,14.5,ok,True,0.0433,438,438,438,0,0,1029,2238,1.4
75,fgas-8sigma,14.5,14.625,ok,True,0.0395,273,273,273,0,0,1330,2927,1.1
75,fgas-8sigma,14.625,14.75,ok,True,0.0358,115,115,115,0,0,1815,4069,0.7
75,fgas-8sigma,14.75,14.875,ok,True,0.0327,63,63,63,0,0,2369,5285,0.5
75,fgas-8sigma,14.875,15.0,ok,True,0.0297,22,22,22,0,0,3103,7072,0.3
77,fgas-8sigma,10.0,10.125,ok,False,1.1762,147,33,115,66,26,0,1,0.8
77,fgas-8sigma,10.125,10.25,ok,False,1.0540,523,129,395,43,5,0,1,1.4
77,fgas-8sigma,10.25,10.375,ok,False,1.0020,1000,302,748,15,1,0,1,1.7
77,fgas-8sigma,10.375,10.5,ok,False,0.8997,1000,352,766,10,1,0,1,1.7
77,fgas-8sigma,10.5,10.625,ok,False,0.8107,1000,352,762,9,0,0,1,1.7
77,fgas-8sigma,10.625,10.75,ok,False,0.7353,1000,383,764,10,1,0,1,1.7
77,fgas-8sigma,10.75,10.875,ok,False,0.6699,1000,415,743,7,0,0,1,1.7
77,fgas-8sigma,10.875,11.0,ok,False,0.6072,1000,458,777,5,2,0,2,1.7
77,fgas-8sigma,11.0,11.125,ok,False,0.5513,1000,467,801,5,0,0,2,1.7
77,fgas-8sigma,11.125,11.25,ok,False,0.5016,1000,495,811,3,1,0,2,1.7
77,fgas-8sigma,11.25,11.375,ok,False,0.4605,1000,567,890,0,0,1,2,1.7
77,fgas-8sigma,11.375,11.5,ok,False,0.4192,1000,645,990,0,0,1,3,1.7
77,fgas-8sigma,11.5,11.625,ok,False,0.3821,1000,757,1000,0,0,1,3,1.7
77,fgas-8sigma,11.625,11.75,ok,False,0.3449,1000,842,1000,0,0,2,4,1.7
77,fgas-8sigma,11.75,11.875,ok,False,0.3147,1000,894,1000,0,0,2,5,1.7
77,fgas-8sigma,11.875,12.0,ok,True,0.2851,1000,947,1000,0,0,3,7,1.7
77,fgas-8sigma,12.0,12.125,ok,True,0.2593,1000,980,1000,0,0,4,9,1.7
77,fgas-8sigma,12.125,12.25,ok,True,0.2351,1000,995,1000,0,0,6,11,1.8
77,fgas-8sigma,12.25,12.375,ok,True,0.2142,1000,998,1000,0,0,7,14,1.9
77,fgas-8sigma,12.375,12.5,ok,True,0.1946,1000,1000,1000,0,0,10,17,1.7
77,fgas-8sigma,12.5,12.625,ok,True,0.1769,1000,1000,1000,0,0,13,22,1.8
77,fgas-8sigma,12.625,12.75,ok,True,0.1610,1000,1000,1000,0,0,17,29,1.8
77,fgas-8sigma,12.75,12.875,ok,True,0.1463,1000,1000,1000,0,0,23,39,1.8
77,fgas-8sigma,12.875,13.0,ok,True,0.1324,1000,1000,1000,0,0,31,53,1.8
77,fgas-8sigma,13.0,13.125,ok,True,0.1206,1000,1000,1000,0,0,42,72,1.8
77,fgas-8sigma,13.125,13.25,ok,True,0.1093,1000,1000,1000,0,0,56,99,1.8
77,fgas-8sigma,13.25,13.375,ok,True,0.0994,1000,1000,1000,0,0,75,138,1.9
77,fgas-8sigma,13.375,13.5,ok,True,0.0901,1000,1000,1000,0,0,101,190,1.8
77,fgas-8sigma,13.5,13.625,ok,True,0.0821,1000,1000,1000,0,0,131,256,1.8
77,fgas-8sigma,13.625,13.75,ok,True,0.0746,1000,1000,1000,0,0,173,348,1.9
77,fgas-8sigma,13.75,13.875,ok,True,0.0677,1000,1000,1000,0,0,239,492,1.9
77,fgas-8sigma,13.875,14.0,ok,True,0.0615,1000,1000,1000,0,0,314,658,2.0
77,fgas-8sigma,14.0,14.125,ok,True,0.0560,1000,1000,1000,0,0,421,888,2.0
77,fgas-8sigma,14.125,14.25,ok,True,0.0507,1000,1000,1000,0,0,561,1206,2.2
77,fgas-8sigma,14.25,14.375,ok,True,0.0463,1000,1000,1000,0,0,754,1646,2.3
77,fgas-8sigma,14.375,14.5,ok,True,0.0420,1000,1000,1000,0,0,1011,2232,2.5
77,fgas-8sigma,14.5,14.625,ok,True,0.0382,648,648,648,0,0,1310,2884,2.1
77,fgas-8sigma,14.625,14.75,ok,True,0.0348,370,370,370,0,0,1736,3839,1.6
77,fgas-8sigma,14.75,14.875,ok,True,0.0315,191,191,191,0,0,2316,5207,1.0
77,fgas-8sigma,14.875,15.0,ok,True,0.0286,102,102,102,0,0,3154,7101,0.8
9,Mstar-1sigma,10.0,10.125,ok,False,3.1016,259,96,242,61,3,0,3,0.2
9,Mstar-1sigma,10.125,10.25,ok,False,2.8192,109,39,99,73,17,0,3,0.1
9,Mstar-1sigma,10.25,10.375,ok,False,2.6591,767,308,713,14,0,0,3,0.3
9,Mstar-1sigma,10.375,10.5,ok,False,2.4037,1000,439,914,6,0,0,2,0.3
9,Mstar-1sigma,10.5,10.625,ok,False,2.1442,1000,462,920,1,0,0,3,0.3
9,Mstar-1sigma,10.625,10.75,ok,False,1.9434,1000,532,934,5,0,1,3,0.3
9,Mstar-1sigma,10.75,10.875,ok,False,1.7702,1000,550,940,1,0,1,3,0.3
9,Mstar-1sigma,10.875,11.0,ok,False,1.5997,1000,586,940,0,0,1,3,0.3
9,Mstar-1sigma,11.0,11.125,ok,False,1.4568,1000,647,956,0,0,1,3,0.3
9,Mstar-1sigma,11.125,11.25,ok,False,1.3296,1000,699,951,0,0,1,3,0.3
9,Mstar-1sigma,11.25,11.375,ok,False,1.2130,1000,747,972,1,0,1,4,0.3
9,Mstar-1sigma,11.375,11.5,ok,False,1.1139,1000,835,994,0,0,2,5,0.3
9,Mstar-1sigma,11.5,11.625,ok,False,1.0093,1000,902,1000,0,0,2,6,0.3
9,Mstar-1sigma,11.625,11.75,ok,False,0.9189,1000,956,1000,0,0,3,8,0.3
9,Mstar-1sigma,11.75,11.875,ok,False,0.8349,1000,981,1000,0,0,4,10,0.3
9,Mstar-1sigma,11.875,12.0,ok,False,0.7586,1000,993,1000,0,0,6,13,0.3
9,Mstar-1sigma,12.0,12.125,ok,False,0.6899,1000,998,1000,0,0,7,17,0.3
9,Mstar-1sigma,12.125,12.25,ok,False,0.6291,1000,1000,1000,0,0,9,23,0.3
9,Mstar-1sigma,12.25,12.375,ok,False,0.5702,1000,1000,1000,0,0,12,29,0.3
9,Mstar-1sigma,12.375,12.5,ok,False,0.5172,1000,1000,1000,0,0,16,38,0.3
9,Mstar-1sigma,12.5,12.625,ok,False,0.4713,467,467,467,0,0,21,50,0.3
9,Mstar-1sigma,12.625,12.75,ok,False,0.4284,173,173,173,0,0,28,64,0.2
9,Mstar-1sigma,12.75,12.875,ok,False,0.3907,72,72,72,0,0,36,86,0.1
9,Mstar-1sigma,12.875,13.0,ok,False,0.3562,20,20,20,3,0,49,108,0.1
9,Mstar-1sigma,13.0,13.125,ok,False,0.3196,2,2,2,33,20,84,162,0.0
9,Mstar-1sigma,13.125,13.25,ok,False,0.2950,2,2,2,27,12,93,186,0.0
9,Mstar-1sigma,13.25,13.375,ok,False,0.2570,2,2,2,24,12,110,252,0.0
9,Mstar-1sigma,13.375,13.5,no_halos,False,nan,0,0,0,0,0,0,0,0.0
9,Mstar-1sigma,13.5,13.625,no_halos,False,nan,0,0,0,0,0,0,0,0.0
9,Mstar-1sigma,13.625,13.75,no_halos,False,nan,0,0,0,0,0,0,0,0.0
9,Mstar-1sigma,13.75,13.875,no_halos,False,nan,0,0,0,0,0,0,0,0.0
9,Mstar-1sigma,13.875,14.0,no_halos,False,nan,0,0,0,0,0,0,0,0.0
9,Mstar-1sigma,14.0,14.125,no_halos,False,nan,0,0,0,0,0,0,0,0.0
9,Mstar-1sigma,14.125,14.25,no_halos,False,nan,0,0,0,0,0,0,0,0.0
9,Mstar-1sigma,14.25,14.375,no_halos,False,nan,0,0,0,0,0,0,0,0.0
9,Mstar-1sigma,14.375,14.5,no_halos,False,nan,0,0,0,0,0,0,0,0.0
9,Mstar-1sigma,14.5,14.625,no_halos,False,nan,0,0,0,0,0,0,0,0.0
9,Mstar-1sigma,14.625,14.75,no_halos,False,nan,0,0,0,0,0,0,0,0.0
9,Mstar-1sigma,14.75,14.875,no_halos,False,nan,0,0,0,0,0,0,0,0.0
9,Mstar-1sigma,14.875,15.0,no_halos,False,nan,0,0,0,0,0,0,0,0.0
13,Mstar-1sigma,10.0,10.125,ok,False,3.1174,631,220,596,28,0,0,3,0.5
13,Mstar-1sigma,10.125,10.25,ok,False,2.8499,285,109,266,44,5,0,3,0.4
13,Mstar-1sigma,10.25,10.375,ok,False,2.6669,1000,440,939,7,0,0,3,0.6
13,Mstar-1sigma,10.375,10.5,ok,False,2.4100,1000,481,927,0,0,0,3,0.6
13,Mstar-1sigma,10.5,10.625,ok,False,2.1442,1000,505,931,2,0,1,3,0.6
13,Mstar-1sigma,10.625,10.75,ok,False,1.9496,1000,529,945,1,0,1,3,0.6
13,Mstar-1sigma,10.75,10.875,ok,False,1.7736,1000,566,937,0,0,1,3,0.6
13,Mstar-1sigma,10.875,11.0,ok,False,1.6109,1000,627,936,0,0,1,3,0.6
13,Mstar-1sigma,11.0,11.125,ok,False,1.4661,1000,676,946,1,0,1,3,0.6
13,Mstar-1sigma,11.125,11.25,ok,False,1.3315,1000,704,962,0,0,1,3,0.6
13,Mstar-1sigma,11.25,11.375,ok,False,1.2179,1000,760,962,1,0,1,4,0.6
13,Mstar-1sigma,11.375,11.5,ok,False,1.1180,1000,819,996,0,0,2,5,0.6
13,Mstar-1sigma,11.5,11.625,ok,False,1.0126,1000,912,1000,0,0,2,6,0.6
13,Mstar-1sigma,11.625,11.75,ok,False,0.9208,1000,939,1000,0,0,3,8,0.6
13,Mstar-1sigma,11.75,11.875,ok,False,0.8349,1000,984,1000,0,0,4,10,0.6
13,Mstar-1sigma,11.875,12.0,ok,False,0.7586,1000,995,1000,0,0,5,13,0.6
13,Mstar-1sigma,12.0,12.125,ok,False,0.6899,1000,1000,1000,0,0,7,17,0.6
13,Mstar-1sigma,12.125,12.25,ok,False,0.6265,1000,1000,1000,0,0,9,22,0.6
13,Mstar-1sigma,12.25,12.375,ok,False,0.5687,1000,1000,1000,0,0,13,29,0.6
13,Mstar-1sigma,12.375,12.5,ok,False,0.5190,1000,1000,1000,0,0,16,38,0.6
13,Mstar-1sigma,12.5,12.625,ok,False,0.4708,1000,1000,1000,0,0,22,49,0.6
13,Mstar-1sigma,12.625,12.75,ok,False,0.4284,1000,1000,1000,0,0,28,65,0.6
13,Mstar-1sigma,12.75,12.875,ok,False,0.3890,847,847,847,0,0,38,85,0.6
13,Mstar-1sigma,12.875,13.0,ok,False,0.3538,368,368,368,0,0,50,111,0.4
13,Mstar-1sigma,13.0,13.125,ok,False,0.3221,135,135,135,0,0,64,142,0.3
13,Mstar-1sigma,13.125,13.25,ok,True,0.2956,52,52,52,0,0,83,196,0.2
13,Mstar-1sigma,13.25,13.375,ok,True,0.2634,18,18,18,0,0,116,254,0.1
13,Mstar-1sigma,13.375,13.5,ok,False,0.2458,2,2,2,18,4,152,348,0.1
13,Mstar-1sigma,13.5,13.625,ok,False,0.2243,1,1,1,37,14,169,365,0.1
13,Mstar-1sigma,13.625,13.75,ok,False,0.2021,1,1,1,27,7,222,478,0.1
13,Mstar-1sigma,13.75,13.875,no_halos,False,nan,0,0,0,0,0,0,0,0.1
13,Mstar-1sigma,13.875,14.0,no_halos,False,nan,0,0,0,0,0,0,0,0.1
13,Mstar-1sigma,14.0,14.125,no_halos,False,nan,0,0,0,0,0,0,0,0.1
13,Mstar-1sigma,14.125,14.25,no_halos,False,nan,0,0,0,0,0,0,0,0.1
13,Mstar-1sigma,14.25,14.375,no_halos,False,nan,0,0,0,0,0,0,0,0.1
13,Mstar-1sigma,14.375,14.5,no_halos,False,nan,0,0,0,0,0,0,0,0.1
13,Mstar-1sigma,14.5,14.625,no_halos,False,nan,0,0,0,0,0,0,0,0.1
13,Mstar-1sigma,14.625,14.75,no_halos,False,nan,0,0,0,0,0,0,0,0.1
13,Mstar-1sigma,14.75,14.875,no_halos,False,nan,0,0,0,0,0,0,0,0.1
13,Mstar-1sigma,14.875,15.0,no_halos,False,nan,0,0,0,0,0,0,0,0.1
17,Mstar-1sigma,10.0,10.125,ok,False,3.1335,1000,397,955,11,0,0,3,1.0
17,Mstar-1sigma,10.125,10.25,ok,False,2.8455,492,201,456,25,0,0,3,0.8
17,Mstar-1sigma,10.25,10.375,ok,False,2.6786,1000,436,946,4,0,0,3,1.0
17,Mstar-1sigma,10.375,10.5,ok,False,2.4261,1000,467,947,2,0,0,3,1.0
17,Mstar-1sigma,10.5,10.625,ok,False,2.1594,1000,511,947,0,0,1,3,1.0
17,Mstar-1sigma,10.625,10.75,ok,False,1.9601,1000,506,942,1,0,1,3,1.0
17,Mstar-1sigma,10.75,10.875,ok,False,1.7892,1000,572,934,0,0,1,3,1.0
17,Mstar-1sigma,10.875,11.0,ok,False,1.6195,1000,635,950,1,0,1,3,1.0
17,Mstar-1sigma,11.0,11.125,ok,False,1.4709,1000,692,946,0,0,1,3,1.0
17,Mstar-1sigma,11.125,11.25,ok,False,1.3393,1000,702,957,0,0,1,3,1.0
17,Mstar-1sigma,11.25,11.375,ok,False,1.2228,1000,741,962,0,0,1,4,1.0
17,Mstar-1sigma,11.375,11.5,ok,False,1.1207,1000,805,997,0,0,2,5,1.0
17,Mstar-1sigma,11.5,11.625,ok,False,1.0166,1000,879,1000,0,0,2,6,1.0
17,Mstar-1sigma,11.625,11.75,ok,False,0.9264,1000,931,1000,0,0,3,8,1.0
17,Mstar-1sigma,11.75,11.875,ok,False,0.8395,1000,968,1000,0,0,4,10,1.0
17,Mstar-1sigma,11.875,12.0,ok,False,0.7612,1000,983,1000,0,0,5,13,1.0
17,Mstar-1sigma,12.0,12.125,ok,False,0.6930,1000,998,1000,0,0,7,17,1.0
17,Mstar-1sigma,12.125,12.25,ok,False,0.6308,1000,999,1000,0,0,9,21,1.0
17,Mstar-1sigma,12.25,12.375,ok,False,0.5716,1000,1000,1000,0,0,12,29,1.0
17,Mstar-1sigma,12.375,12.5,ok,False,0.5214,1000,1000,1000,0,0,16,37,1.0
17,Mstar-1sigma,12.5,12.625,ok,False,0.4733,1000,1000,1000,0,0,21,48,1.0
17,Mstar-1sigma,12.625,12.75,ok,False,0.4304,1000,1000,1000,0,0,28,63,1.1
17,Mstar-1sigma,12.75,12.875,ok,False,0.3917,1000,1000,1000,0,0,37,83,1.1
17,Mstar-1sigma,12.875,13.0,ok,False,0.3540,1000,1000,1000,0,0,49,110,1.1
17,Mstar-1sigma,13.0,13.125,ok,False,0.3230,1000,1000,1000,0,0,65,144,1.1
17,Mstar-1sigma,13.125,13.25,ok,True,0.2943,810,810,810,0,0,84,186,1.0
17,Mstar-1sigma,13.25,13.375,ok,True,0.2668,293,293,293,0,0,112,250,0.7
17,Mstar-1sigma,13.375,13.5,ok,True,0.2425,156,156,156,0,0,147,330,0.5
17,Mstar-1sigma,13.5,13.625,ok,True,0.2196,56,56,56,0,0,197,442,0.3
17,Mstar-1sigma,13.625,13.75,ok,True,0.1996,17,17,17,0,0,247,598,0.2
17,Mstar-1sigma,13.75,13.875,ok,False,0.1792,3,3,3,1,0,318,709,0.1
17,Mstar-1sigma,13.875,14.0,no_halos,False,nan,0,0,0,0,0,0,0,0.1
17,Mstar-1sigma,14.0,14.125,no_halos,False,nan,0,0,0,0,0,0,0,0.1
17,Mstar-1sigma,14.125,14.25,no_halos,False,nan,0,0,0,0,0,0,0,0.1
17,Mstar-1sigma,14.25,14.375,no_halos,False,nan,0,0,0,0,0,0,0,0.1
17,Mstar-1sigma,14.375,14.5,no_halos,False,nan,0,0,0,0,0,0,0,0.1
17,Mstar-1sigma,14.5,14.625,no_halos,False,nan,0,0,0,0,0,0,0,0.1
17,Mstar-1sigma,14.625,14.75,no_halos,False,nan,0,0,0,0,0,0,0,0.1
17,Mstar-1sigma,14.75,14.875,no_halos,False,nan,0,0,0,0,0,0,0,0.1
17,Mstar-1sigma,14.875,15.0,no_halos,False,nan,0,0,0,0,0,0,0,0.1
37,Mstar-1sigma,10.0,10.125,ok,False,2.4362,818,301,769,13,0,0,3,1.5
37,Mstar-1sigma,10.125,10.25,ok,False,2.2095,455,174,423,32,0,0,3,1.0
37,Mstar-1sigma,10.25,10.375,ok,False,2.0846,1000,407,947,0,0,0,3,1.4
37,Mstar-1sigma,10.375,10.5,ok,False,1.8828,1000,454,929,1,0,0,3,1.5
37,Mstar-1sigma,10.5,10.625,ok,False,1.6817,1000,515,931,3,0,1,3,1.5
37,Mstar-1sigma,10.625,10.75,ok,False,1.5260,1000,518,930,1,0,1,3,1.4
37,Mstar-1sigma,10.75,10.875,ok,False,1.3897,1000,569,940,1,0,1,3,1.5
37,Mstar-1sigma,10.875,11.0,ok,False,1.2575,1000,600,960,2,0,1,3,1.4
37,Mstar-1sigma,11.0,11.125,ok,False,1.1445,1000,642,936,0,0,1,3,1.5
37,Mstar-1sigma,11.125,11.25,ok,False,1.0423,1000,677,937,0,0,1,3,1.4
37,Mstar-1sigma,11.25,11.375,ok,False,0.9569,1000,723,963,0,0,1,3,1.4
37,Mstar-1sigma,11.375,11.5,ok,False,0.8717,1000,820,993,0,0,2,5,1.5
37,Mstar-1sigma,11.5,11.625,ok,False,0.7923,1000,878,1000,0,0,2,6,1.5
37,Mstar-1sigma,11.625,11.75,ok,False,0.7191,1000,903,1000,0,0,3,7,1.5
37,Mstar-1sigma,11.75,11.875,ok,False,0.6534,1000,953,1000,0,0,4,9,1.5
37,Mstar-1sigma,11.875,12.0,ok,False,0.5946,1000,990,1000,0,0,5,12,1.5
37,Mstar-1sigma,12.0,12.125,ok,False,0.5388,1000,994,1000,0,0,6,16,1.5
37,Mstar-1sigma,12.125,12.25,ok,False,0.4898,1000,999,1000,0,0,9,20,1.5
37,Mstar-1sigma,12.25,12.375,ok,False,0.4456,1000,1000,1000,0,0,12,27,1.5
37,Mstar-1sigma,12.375,12.5,ok,False,0.4049,1000,1000,1000,0,0,15,34,1.5
37,Mstar-1sigma,12.5,12.625,ok,False,0.3667,1000,1000,1000,0,0,20,46,1.5
37,Mstar-1sigma,12.625,12.75,ok,False,0.3342,1000,1000,1000,0,0,26,58,1.5
37,Mstar-1sigma,12.75,12.875,ok,False,0.3040,1000,1000,1000,0,0,35,76,1.6
37,Mstar-1sigma,12.875,13.0,ok,True,0.2758,1000,1000,1000,0,0,46,102,1.5
37,Mstar-1sigma,13.0,13.125,ok,True,0.2512,1000,1000,1000,0,0,63,136,1.5
37,Mstar-1sigma,13.125,13.25,ok,True,0.2286,1000,1000,1000,0,0,82,180,1.6
37,Mstar-1sigma,13.25,13.375,ok,True,0.2075,1000,1000,1000,0,0,108,238,1.6
37,Mstar-1sigma,13.375,13.5,ok,True,0.1883,1000,1000,1000,0,0,144,318,1.6
37,Mstar-1sigma,13.5,13.625,ok,True,0.1713,950,950,950,0,0,189,415,1.6
37,Mstar-1sigma,13.625,13.75,ok,True,0.1558,446,446,446,0,0,247,548,1.1
37,Mstar-1sigma,13.75,13.875,ok,True,0.1421,214,214,214,0,0,334,740,0.7
37,Mstar-1sigma,13.875,14.0,ok,True,0.1284,81,81,81,0,0,433,939,0.4
37,Mstar-1sigma,14.0,14.125,ok,True,0.1178,29,29,29,0,0,565,1202,0.3
37,Mstar-1sigma,14.125,14.25,ok,True,0.1052,11,11,11,0,0,642,1498,0.2
37,Mstar-1sigma,14.25,14.375,ok,False,0.0962,1,1,1,5,1,818,1718,0.2
37,Mstar-1sigma,14.375,14.5,no_halos,False,nan,0,0,0,0,0,0,0,0.2
37,Mstar-1sigma,14.5,14.625,no_halos,False,nan,0,0,0,0,0,0,0,0.2
37,Mstar-1sigma,14.625,14.75,no_halos,False,nan,0,0,0,0,0,0,0,0.2
37,Mstar-1sigma,14.75,14.875,no_halos,False,nan,0,0,0,0,0,0,0,0.2
37,Mstar-1sigma,14.875,15.0,no_halos,False,nan,0,0,0,0,0,0,0,0.2
47,Mstar-1sigma,10.0,10.125,ok,False,2.0661,466,174,431,22,0,0,3,0.9
47,Mstar-1sigma,10.125,10.25,ok,False,1.8648,268,97,249,41,1,0,3,0.6
47,Mstar-1sigma,10.25,10.375,ok,False,1.7714,1000,388,938,2,0,0,3,1.2
47,Mstar-1sigma,10.375,10.5,ok,False,1.6013,1000,464,924,0,0,0,3,1.2
47,Mstar-1sigma,10.5,10.625,ok,False,1.4271,1000,505,920,1,0,1,3,1.1
47,Mstar-1sigma,10.625,10.75,ok,False,1.2956,1000,513,929,0,0,1,3,1.1
47,Mstar-1sigma,10.75,10.875,ok,False,1.1803,1000,586,928,0,0,1,3,1.1
47,Mstar-1sigma,10.875,11.0,ok,False,1.0690,1000,587,925,3,0,1,3,1.1
47,Mstar-1sigma,11.0,11.125,ok,False,0.9696,1000,617,931,1,0,1,3,1.1
47,Mstar-1sigma,11.125,11.25,ok,False,0.8857,1000,675,925,0,0,1,3,1.1
47,Mstar-1sigma,11.25,11.375,ok,False,0.8107,1000,719,949,0,0,1,3,1.2
47,Mstar-1sigma,11.375,11.5,ok,False,0.7398,1000,773,996,0,0,1,4,1.1
47,Mstar-1sigma,11.5,11.625,ok,False,0.6701,1000,848,1000,0,0,2,5,1.1
47,Mstar-1sigma,11.625,11.75,ok,False,0.6099,1000,929,1000,0,0,3,7,1.2
47,Mstar-1sigma,11.75,11.875,ok,False,0.5559,1000,957,1000,0,0,3,8,1.1
47,Mstar-1sigma,11.875,12.0,ok,False,0.5032,1000,987,1000,0,0,5,11,1.2
47,Mstar-1sigma,12.0,12.125,ok,False,0.4567,1000,994,1000,0,0,6,15,1.2
47,Mstar-1sigma,12.125,12.25,ok,False,0.4163,1000,1000,1000,0,0,8,20,1.1
47,Mstar-1sigma,12.25,12.375,ok,False,0.3775,1000,1000,1000,0,0,10,24,1.1
47,Mstar-1sigma,12.375,12.5,ok,False,0.3425,1000,1000,1000,0,0,15,32,1.2
47,Mstar-1sigma,12.5,12.625,ok,False,0.3118,1000,1000,1000,0,0,20,41,1.2
47,Mstar-1sigma,12.625,12.75,ok,True,0.2831,1000,1000,1000,0,0,26,56,1.2
47,Mstar-1sigma,12.75,12.875,ok,True,0.2574,1000,1000,1000,0,0,33,72,1.2
47,Mstar-1sigma,12.875,13.0,ok,True,0.2346,1000,1000,1000,0,0,44,96,1.2
47,Mstar-1sigma,13.0,13.125,ok,True,0.2127,1000,1000,1000,0,0,59,127,1.2
47,Mstar-1sigma,13.125,13.25,ok,True,0.1930,1000,1000,1000,0,0,79,168,1.2
47,Mstar-1sigma,13.25,13.375,ok,True,0.1756,1000,1000,1000,0,0,105,225,1.2
47,Mstar-1sigma,13.375,13.5,ok,True,0.1596,1000,1000,1000,0,0,138,303,1.3
47,Mstar-1sigma,13.5,13.625,ok,True,0.1449,1000,1000,1000,0,0,184,403,1.5
47,Mstar-1sigma,13.625,13.75,ok,True,0.1319,1000,1000,1000,0,0,241,528,1.3
47,Mstar-1sigma,13.75,13.875,ok,True,0.1202,763,763,763,0,0,318,703,1.1
47,Mstar-1sigma,13.875,14.0,ok,True,0.1092,396,396,396,0,0,420,934,1.0
47,Mstar-1sigma,14.0,14.125,ok,True,0.0988,200,200,200,0,0,554,1224,0.6
47,Mstar-1sigma,14.125,14.25,ok,True,0.0900,74,74,74,0,0,710,1556,0.3
47,Mstar-1sigma,14.25,14.375,ok,True,0.0821,30,30,30,0,0,940,2072,0.2
47,Mstar-1sigma,14.375,14.5,ok,True,0.0731,11,11,11,0,0,1226,2631,0.2
47,Mstar-1sigma,14.5,14.625,ok,False,0.0638,1,1,1,4,0,2038,4637,0.1
47,Mstar-1sigma,14.625,14.75,ok,False,0.0626,2,2,2,2,0,1984,4546,0.1
47,Mstar-1sigma,14.75,14.875,no_halos,False,nan,0,0,0,0,0,0,0,0.1
47,Mstar-1sigma,14.875,15.0,no_halos,False,nan,0,0,0,0,0,0,0,0.1
57,Mstar-1sigma,10.0,10.125,ok,False,1.7199,193,73,116,50,26,0,1,0.7
57,Mstar-1sigma,10.125,10.25,ok,False,1.5436,123,49,72,60,45,0,1,0.5
57,Mstar-1sigma,10.25,10.375,ok,False,1.4684,1000,380,651,5,1,0,1,1.3
57,Mstar-1sigma,10.375,10.5,ok,False,1.3284,1000,417,630,0,1,0,1,1.2
57,Mstar-1sigma,10.5,10.625,ok,False,1.1836,1000,475,652,1,2,0,1,1.2
57,Mstar-1sigma,10.625,10.75,ok,False,1.0759,1000,508,650,1,4,1,1,1.2
57,Mstar-1sigma,10.75,10.875,ok,False,0.9810,1000,554,653,4,1,1,1,1.2
57,Mstar-1sigma,10.875,11.0,ok,False,0.8886,1000,586,639,3,1,1,1,1.2
57,Mstar-1sigma,11.0,11.125,ok,False,0.8079,1000,577,672,3,1,1,1,1.2
57,Mstar-1sigma,11.125,11.25,ok,False,0.7296,1000,622,628,3,0,1,1,1.2
57,Mstar-1sigma,11.25,11.375,ok,False,0.6728,1000,665,693,0,2,1,1,1.2
57,Mstar-1sigma,11.375,11.5,ok,False,0.6136,1000,754,740,0,1,1,1,1.2
57,Mstar-1sigma,11.5,11.625,ok,False,0.5565,1000,822,825,0,0,2,2,1.2
57,Mstar-1sigma,11.625,11.75,ok,False,0.5070,1000,896,903,0,0,2,2,1.2
57,Mstar-1sigma,11.75,11.875,ok,False,0.4596,1000,955,950,0,0,3,3,1.2
57,Mstar-1sigma,11.875,12.0,ok,False,0.4192,1000,975,973,0,0,4,4,1.2
57,Mstar-1sigma,12.0,12.125,ok,False,0.3802,1000,990,993,0,0,6,5,1.3
57,Mstar-1sigma,12.125,12.25,ok,False,0.3454,1000,1000,998,0,0,8,8,1.2
57,Mstar-1sigma,12.25,12.375,ok,False,0.3130,1000,1000,999,0,0,10,10,1.2
57,Mstar-1sigma,12.375,12.5,ok,True,0.2851,1000,1000,1000,0,0,13,13,1.2
57,Mstar-1sigma,12.5,12.625,ok,True,0.2586,1000,1000,1000,0,0,18,17,1.2
57,Mstar-1sigma,12.625,12.75,ok,True,0.2361,1000,1000,1000,0,0,24,23,1.3
57,Mstar-1sigma,12.75,12.875,ok,True,0.2142,1000,1000,1000,0,0,32,30,1.3
57,Mstar-1sigma,12.875,13.0,ok,True,0.1942,1000,1000,1000,0,0,42,40,1.3
57,Mstar-1sigma,13.0,13.125,ok,True,0.1763,1000,1000,1000,0,0,57,54,1.3
57,Mstar-1sigma,13.125,13.25,ok,True,0.1601,1000,1000,1000,0,0,75,70,1.3
57,Mstar-1sigma,13.25,13.375,ok,True,0.1465,1000,1000,1000,0,0,98,95,1.3
57,Mstar-1sigma,13.375,13.5,ok,True,0.1325,1000,1000,1000,0,0,133,126,1.3
57,Mstar-1sigma,13.5,13.625,ok,True,0.1207,1000,1000,1000,0,0,171,166,1.3
57,Mstar-1sigma,13.625,13.75,ok,True,0.1094,1000,1000,1000,0,0,231,229,1.3
57,Mstar-1sigma,13.75,13.875,ok,True,0.0994,1000,1000,1000,0,0,302,293,1.3
57,Mstar-1sigma,13.875,14.0,ok,True,0.0904,1000,1000,1000,0,0,401,392,1.4
57,Mstar-1sigma,14.0,14.125,ok,True,0.0821,729,729,729,0,0,543,536,1.2
57,Mstar-1sigma,14.125,14.25,ok,True,0.0747,392,392,392,0,0,698,690,0.9
57,Mstar-1sigma,14.25,14.375,ok,True,0.0682,199,199,199,0,0,892,911,0.6
57,Mstar-1sigma,14.375,14.5,ok,True,0.0616,76,76,76,0,0,1168,1168,0.4
57,Mstar-1sigma,14.5,14.625,ok,True,0.0557,28,28,28,0,0,1574,1566,0.2
57,Mstar-1sigma,14.625,14.75,ok,True,0.0506,9,9,9,0,0,2189,2169,0.2
57,Mstar-1sigma,14.75,14.875,ok,True,0.0464,6,6,6,0,0,2966,2886,0.2
57,Mstar-1sigma,14.875,15.0,no_halos,False,nan,0,0,0,0,0,0,0,0.1
62,Mstar-1sigma,10.0,10.125,ok,False,1.5506,103,36,91,64,17,0,2,0.5
62,Mstar-1sigma,10.125,10.25,ok,False,1.3933,70,14,60,84,30,0,3,0.4
62,Mstar-1sigma,10.25,10.375,ok,False,1.3309,932,355,834,3,0,0,2,1.3
62,Mstar-1sigma,10.375,10.5,ok,False,1.2035,1000,414,897,3,0,0,2,1.2
62,Mstar-1sigma,10.5,10.625,ok,False,1.0724,1000,444,905,1,0,0,2,1.2
62,Mstar-1sigma,10.625,10.75,ok,False,0.9763,1000,492,896,2,0,0,2,1.2
62,Mstar-1sigma,10.75,10.875,ok,False,0.8872,1000,493,889,5,0,0,2,1.2
62,Mstar-1sigma,10.875,11.0,ok,False,0.8043,1000,525,896,3,0,1,2,1.2
62,Mstar-1sigma,11.0,11.125,ok,False,0.7309,1000,575,896,1,1,1,2,1.2
62,Mstar-1sigma,11.125,11.25,ok,False,0.6622,1000,607,891,2,1,1,2,1.2
62,Mstar-1sigma,11.25,11.375,ok,False,0.6089,1000,617,912,1,0,1,3,1.3
62,Mstar-1sigma,11.375,11.5,ok,False,0.5559,1000,708,990,1,0,1,4,1.2
62,Mstar-1sigma,11.5,11.625,ok,False,0.5050,1000,790,1000,0,0,1,4,1.3
62,Mstar-1sigma,11.625,11.75,ok,False,0.4586,1000,887,1000,0,0,2,6,1.3
62,Mstar-1sigma,11.75,11.875,ok,False,0.4165,1000,940,1000,0,0,3,7,1.2
62,Mstar-1sigma,11.875,12.0,ok,False,0.3776,1000,968,1000,0,0,4,10,1.3
62,Mstar-1sigma,12.0,12.125,ok,False,0.3445,1000,995,1000,0,0,5,12,1.3
62,Mstar-1sigma,12.125,12.25,ok,False,0.3128,1000,997,1000,0,0,8,16,1.3
62,Mstar-1sigma,12.25,12.375,ok,True,0.2845,1000,1000,1000,0,0,9,20,1.2
62,Mstar-1sigma,12.375,12.5,ok,True,0.2576,1000,1000,1000,0,0,13,26,1.2
62,Mstar-1sigma,12.5,12.625,ok,True,0.2345,1000,1000,1000,0,0,18,34,1.2
62,Mstar-1sigma,12.625,12.75,ok,True,0.2135,1000,1000,1000,0,0,23,47,1.3
62,Mstar-1sigma,12.75,12.875,ok,True,0.1935,1000,1000,1000,0,0,30,60,1.3
62,Mstar-1sigma,12.875,13.0,ok,True,0.1758,1000,1000,1000,0,0,39,81,1.3
62,Mstar-1sigma,13.0,13.125,ok,True,0.1598,1000,1000,1000,0,0,54,111,1.3
62,Mstar-1sigma,13.125,13.25,ok,True,0.1451,1000,1000,1000,0,0,70,146,1.3
62,Mstar-1sigma,13.25,13.375,ok,True,0.1320,1000,1000,1000,0,0,93,197,1.3
62,Mstar-1sigma,13.375,13.5,ok,True,0.1197,1000,1000,1000,0,0,126,270,1.3
62,Mstar-1sigma,13.5,13.625,ok,True,0.1089,1000,1000,1000,0,0,166,357,1.3
62,Mstar-1sigma,13.625,13.75,ok,True,0.0988,1000,1000,1000,0,0,222,480,1.4
62,Mstar-1sigma,13.75,13.875,ok,True,0.0899,1000,1000,1000,0,0,289,625,1.4
62,Mstar-1sigma,13.875,14.0,ok,True,0.0818,1000,1000,1000,0,0,393,849,1.5
62,Mstar-1sigma,14.0,14.125,ok,True,0.0744,1000,1000,1000,0,0,504,1106,1.5
62,Mstar-1sigma,14.125,14.25,ok,True,0.0675,658,658,658,0,0,688,1508,1.3
62,Mstar-1sigma,14.25,14.375,ok,True,0.0614,377,377,377,0,0,870,1926,1.0
62,Mstar-1sigma,14.375,14.5,ok,True,0.0558,184,184,184,0,0,1158,2524,0.6
62,Mstar-1sigma,14.5,14.625,ok,True,0.0506,76,76,76,0,0,1516,3376,0.4
62,Mstar-1sigma,14.625,14.75,ok,True,0.0466,30,30,30,0,0,1968,4362,0.3
62,Mstar-1sigma,14.75,14.875,ok,True,0.0419,13,13,13,0,0,2607,5630,0.2
62,Mstar-1sigma,14.875,15.0,ok,True,0.0380,5,5,5,0,0,3749,8104,0.2
67,Mstar-1sigma,10.0,10.125,ok,False,1.4178,51,11,42,88,55,0,2,0.3
67,Mstar-1sigma,10.125,10.25,ok,False,1.2597,41,9,32,88,57,0,2,0.3
67,Mstar-1sigma,10.25,10.375,ok,False,1.2035,547,184,462,14,1,0,2,1.0
67,Mstar-1sigma,10.375,10.5,ok,False,1.0893,1000,401,851,2,0,0,2,1.2
67,Mstar-1sigma,10.5,10.625,ok,False,0.9694,1000,421,842,3,0,0,2,1.2
67,Mstar-1sigma,10.625,10.75,ok,False,0.8794,1000,425,858,6,0,0,2,1.2
67,Mstar-1sigma,10.75,10.875,ok,False,0.8023,1000,466,853,3,1,0,2,1.2
67,Mstar-1sigma,10.875,11.0,ok,False,0.7266,1000,519,831,0,0,1,2,1.2
67,Mstar-1sigma,11.0,11.125,ok,False,0.6595,1000,556,857,1,0,1,2,1.2
67,Mstar-1sigma,11.125,11.25,ok,False,0.5997,1000,563,866,1,0,1,2,1.2
67,Mstar-1sigma,11.25,11.375,ok,False,0.5524,1000,618,914,3,0,1,2,1.2
67,Mstar-1sigma,11.375,11.5,ok,False,0.5032,1000,662,984,0,0,1,3,1.2
67,Mstar-1sigma,11.5,11.625,ok,False,0.4560,1000,814,1000,0,0,2,4,1.2
67,Mstar-1sigma,11.625,11.75,ok,False,0.4157,1000,867,1000,0,0,2,5,1.2
67,Mstar-1sigma,11.75,11.875,ok,False,0.3762,1000,928,1000,0,0,3,6,1.2
67,Mstar-1sigma,11.875,12.0,ok,False,0.3420,1000,961,1000,0,0,4,8,1.2
67,Mstar-1sigma,12.0,12.125,ok,False,0.3110,1000,991,1000,0,0,5,11,1.2
67,Mstar-1sigma,12.125,12.25,ok,True,0.2824,1000,995,1000,0,0,7,14,1.2
67,Mstar-1sigma,12.25,12.375,ok,True,0.2571,1000,999,1000,0,0,9,18,1.3
67,Mstar-1sigma,12.375,12.5,ok,True,0.2332,1000,1000,1000,0,0,12,23,1.2
67,Mstar-1sigma,12.5,12.625,ok,True,0.2115,1000,1000,1000,0,0,16,31,1.2
67,Mstar-1sigma,12.625,12.75,ok,True,0.1931,1000,1000,1000,0,0,21,41,1.3
67,Mstar-1sigma,12.75,12.875,ok,True,0.1753,1000,1000,1000,0,0,27,55,1.2
67,Mstar-1sigma,12.875,13.0,ok,True,0.1589,1000,1000,1000,0,0,37,75,1.3
67,Mstar-1sigma,13.0,13.125,ok,True,0.1440,1000,1000,1000,0,0,50,101,1.3
67,Mstar-1sigma,13.125,13.25,ok,True,0.1313,1000,1000,1000,0,0,66,135,1.3
67,Mstar-1sigma,13.25,13.375,ok,True,0.1194,1000,1000,1000,0,0,88,184,1.3
67,Mstar-1sigma,13.375,13.5,ok,True,0.1082,1000,1000,1000,0,0,118,250,1.3
67,Mstar-1sigma,13.5,13.625,ok,True,0.0985,1000,1000,1000,0,0,156,336,1.3
67,Mstar-1sigma,13.625,13.75,ok,True,0.0893,1000,1000,1000,0,0,212,456,1.4
67,Mstar-1sigma,13.75,13.875,ok,True,0.0817,1000,1000,1000,0,0,277,601,1.4
67,Mstar-1sigma,13.875,14.0,ok,True,0.0737,1000,1000,1000,0,0,370,804,1.4
67,Mstar-1sigma,14.0,14.125,ok,True,0.0672,1000,1000,1000,0,0,492,1078,1.5
67,Mstar-1sigma,14.125,14.25,ok,True,0.0611,995,995,995,0,0,650,1436,1.6
67,Mstar-1sigma,14.25,14.375,ok,True,0.0553,562,562,562,0,0,864,1891,1.2
67,Mstar-1sigma,14.375,14.5,ok,True,0.0507,334,334,334,0,0,1089,2408,0.9
67,Mstar-1sigma,14.5,14.625,ok,True,0.0458,161,161,161,0,0,1484,3299,0.6
67,Mstar-1sigma,14.625,14.75,ok,True,0.0417,84,84,84,0,0,2009,4412,0.4
67,Mstar-1sigma,14.75,14.875,ok,True,0.0377,20,20,20,0,0,2594,5800,0.2
67,Mstar-1sigma,14.875,15.0,ok,True,0.0351,9,9,9,0,0,2972,6851,0.2
71,Mstar-1sigma,10.0,10.125,ok,False,1.2929,19,7,15,93,77,0,1,0.2
71,Mstar-1sigma,10.125,10.25,ok,False,1.1674,28,10,23,91,73,0,2,0.2
71,Mstar-1sigma,10.25,10.375,ok,False,1.1138,433,156,359,15,2,0,2,0.9
71,Mstar-1sigma,10.375,10.5,ok,False,1.0067,1000,376,832,3,0,0,2,1.2
71,Mstar-1sigma,10.5,10.625,ok,False,0.9006,1000,391,827,6,0,0,2,1.1
71,Mstar-1sigma,10.625,10.75,ok,False,0.8148,1000,447,819,6,0,0,2,1.1
71,Mstar-1sigma,10.75,10.875,ok,False,0.7412,1000,454,816,4,0,0,2,1.2
71,Mstar-1sigma,10.875,11.0,ok,False,0.6707,1000,490,778,4,0,0,2,1.1
71,Mstar-1sigma,11.0,11.125,ok,False,0.6101,1000,519,812,3,0,1,2,1.1
71,Mstar-1sigma,11.125,11.25,ok,False,0.5549,1000,536,825,0,1,1,2,1.1
71,Mstar-1sigma,11.25,11.375,ok,False,0.5110,1000,549,872,0,0,1,2,1.1
71,Mstar-1sigma,11.375,11.5,ok,False,0.4648,1000,660,987,0,0,1,3,1.2
71,Mstar-1sigma,11.5,11.625,ok,False,0.4233,1000,764,1000,0,0,1,4,1.1
71,Mstar-1sigma,11.625,11.75,ok,False,0.3842,1000,824,1000,0,0,2,4,1.2
71,Mstar-1sigma,11.75,11.875,ok,False,0.3481,1000,912,1000,0,0,2,6,1.1
71,Mstar-1sigma,11.875,12.0,ok,False,0.3170,1000,960,1000,0,0,3,7,1.1
71,Mstar-1sigma,12.0,12.125,ok,True,0.2880,1000,988,1000,0,0,5,10,1.2
71,Mstar-1sigma,12.125,12.25,ok,True,0.2621,1000,992,1000,0,0,6,12,1.2
71,Mstar-1sigma,12.25,12.375,ok,True,0.2375,1000,1000,1000,0,0,8,16,1.2
71,Mstar-1sigma,12.375,12.5,ok,True,0.2156,1000,1000,1000,0,0,11,22,1.2
71,Mstar-1sigma,12.5,12.625,ok,True,0.1959,1000,1000,1000,0,0,15,28,1.2
71,Mstar-1sigma,12.625,12.75,ok,True,0.1781,1000,1000,1000,0,0,19,38,1.2
71,Mstar-1sigma,12.75,12.875,ok,True,0.1620,1000,1000,1000,0,0,26,50,1.2
71,Mstar-1sigma,12.875,13.0,ok,True,0.1473,1000,1000,1000,0,0,34,65,1.2
71,Mstar-1sigma,13.0,13.125,ok,True,0.1338,1000,1000,1000,0,0,45,91,1.2
71,Mstar-1sigma,13.125,13.25,ok,True,0.1214,1000,1000,1000,0,0,62,124,1.2
71,Mstar-1sigma,13.25,13.375,ok,True,0.1106,1000,1000,1000,0,0,82,168,1.2
71,Mstar-1sigma,13.375,13.5,ok,True,0.1001,1000,1000,1000,0,0,109,230,1.3
71,Mstar-1sigma,13.5,13.625,ok,True,0.0910,1000,1000,1000,0,0,144,310,1.3
71,Mstar-1sigma,13.625,13.75,ok,True,0.0829,1000,1000,1000,0,0,194,414,1.3
71,Mstar-1sigma,13.75,13.875,ok,True,0.0751,1000,1000,1000,0,0,260,564,1.3
71,Mstar-1sigma,13.875,14.0,ok,True,0.0682,1000,1000,1000,0,0,344,748,1.4
71,Mstar-1sigma,14.0,14.125,ok,True,0.0620,1000,1000,1000,0,0,460,1000,1.5
71,Mstar-1sigma,14.125,14.25,ok,True,0.0565,1000,1000,1000,0,0,605,1332,1.5
71,Mstar-1sigma,14.25,14.375,ok,True,0.0514,718,718,718,0,0,812,1786,1.3
71,Mstar-1sigma,14.375,14.5,ok,True,0.0467,475,475,475,0,0,1083,2387,1.1
71,Mstar-1sigma,14.5,14.625,ok,True,0.0425,230,230,230,0,0,1418,3115,0.7
71,Mstar-1sigma,14.625,14.75,ok,True,0.0387,114,114,114,0,0,1892,4204,0.5
71,Mstar-1sigma,14.75,14.875,ok,True,0.0349,51,51,51,0,0,2619,5746,0.3
71,Mstar-1sigma,14.875,15.0,ok,True,0.0323,18,18,18,0,0,3032,6832,0.2
73,Mstar-1sigma,10.0,10.125,ok,False,1.2656,28,7,26,93,67,0,2,0.3
73,Mstar-1sigma,10.125,10.25,ok,False,1.1252,25,7,15,93,71,0,2,0.2
73,Mstar-1sigma,10.25,10.375,ok,False,1.0714,298,92,230,41,10,0,2,0.7
73,Mstar-1sigma,10.375,10.5,ok,False,0.9711,846,315,696,8,1,0,2,1.1
73,Mstar-1sigma,10.5,10.625,ok,False,0.8660,1000,428,778,7,0,0,2,1.1
73,Mstar-1sigma,10.625,10.75,ok,False,0.7864,1000,411,794,6,2,0,2,1.1
73,Mstar-1sigma,10.75,10.875,ok,False,0.7156,1000,431,787,3,1,0,2,1.1
73,Mstar-1sigma,10.875,11.0,ok,False,0.6448,1000,472,811,2,0,0,2,1.1
73,Mstar-1sigma,11.0,11.125,ok,False,0.5867,1000,502,807,3,0,1,2,1.1
73,Mstar-1sigma,11.125,11.25,ok,False,0.5337,1000,491,819,0,0,0,2,1.1
73,Mstar-1sigma,11.25,11.375,ok,False,0.4915,1000,540,858,0,0,1,2,1.1
73,Mstar-1sigma,11.375,11.5,ok,False,0.4483,1000,641,984,0,0,1,3,1.1
73,Mstar-1sigma,11.5,11.625,ok,False,0.4066,1000,732,998,0,0,1,3,1.1
73,Mstar-1sigma,11.625,11.75,ok,False,0.3701,1000,824,1000,0,0,2,4,1.1
73,Mstar-1sigma,11.75,11.875,ok,False,0.3359,1000,916,1000,0,0,2,5,1.1
73,Mstar-1sigma,11.875,12.0,ok,False,0.3054,1000,951,1000,0,0,3,7,1.2
73,Mstar-1sigma,12.0,12.125,ok,True,0.2771,1000,979,1000,0,0,4,9,1.1
73,Mstar-1sigma,12.125,12.25,ok,True,0.2515,1000,996,1000,0,0,6,12,1.1
73,Mstar-1sigma,12.25,12.375,ok,True,0.2285,1000,999,1000,0,0,8,15,1.1
73,Mstar-1sigma,12.375,12.5,ok,True,0.2072,1000,1000,1000,0,0,11,20,1.1
73,Mstar-1sigma,12.5,12.625,ok,True,0.1890,1000,1000,1000,0,0,14,26,1.2
73,Mstar-1sigma,12.625,12.75,ok,True,0.1720,1000,1000,1000,0,0,19,36,1.2
73,Mstar-1sigma,12.75,12.875,ok,True,0.1559,1000,1000,1000,0,0,25,47,1.2
73,Mstar-1sigma,12.875,13.0,ok,True,0.1418,1000,1000,1000,0,0,34,64,1.2
73,Mstar-1sigma,13.0,13.125,ok,True,0.1290,1000,1000,1000,0,0,45,87,1.2
73,Mstar-1sigma,13.125,13.25,ok,True,0.1167,1000,1000,1000,0,0,59,118,1.2
73,Mstar-1sigma,13.25,13.375,ok,True,0.1066,1000,1000,1000,0,0,78,160,1.2
73,Mstar-1sigma,13.375,13.5,ok,True,0.0967,1000,1000,1000,0,0,105,217,1.2
73,Mstar-1sigma,13.5,13.625,ok,True,0.0877,1000,1000,1000,0,0,142,300,1.2
73,Mstar-1sigma,13.625,13.75,ok,True,0.0796,1000,1000,1000,0,0,188,399,1.3
73,Mstar-1sigma,13.75,13.875,ok,True,0.0724,1000,1000,1000,0,0,251,542,1.3
73,Mstar-1sigma,13.875,14.0,ok,True,0.0658,1000,1000,1000,0,0,339,738,1.3
73,Mstar-1sigma,14.0,14.125,ok,True,0.0599,1000,1000,1000,0,0,441,965,1.4
73,Mstar-1sigma,14.125,14.25,ok,True,0.0545,1000,1000,1000,0,0,582,1292,1.5
73,Mstar-1sigma,14.25,14.375,ok,True,0.0495,792,792,792,0,0,776,1723,1.4
73,Mstar-1sigma,14.375,14.5,ok,True,0.0449,516,516,516,0,0,1061,2346,1.1
73,Mstar-1sigma,14.5,14.625,ok,True,0.0410,279,279,279,0,0,1333,2936,0.8
73,Mstar-1sigma,14.625,14.75,ok,True,0.0371,120,120,120,0,0,1798,4006,0.5
73,Mstar-1sigma,14.75,14.875,ok,True,0.0338,54,54,54,0,0,2549,5763,0.3
73,Mstar-1sigma,14.875,15.0,ok,True,0.0307,27,27,27,0,0,2987,6689,0.3
75,Mstar-1sigma,10.0,10.125,ok,False,1.2107,22,6,15,94,74,0,2,0.2
75,Mstar-1sigma,10.125,10.25,ok,False,1.0848,25,6,16,92,77,0,1,0.2
75,Mstar-1sigma,10.25,10.375,ok,False,1.0345,273,87,213,37,11,0,1,0.7
75,Mstar-1sigma,10.375,10.5,ok,False,0.9356,742,232,574,14,2,0,1,1.0
75,Mstar-1sigma,10.5,10.625,ok,False,0.8352,1000,393,737,11,1,0,1,1.1
75,Mstar-1sigma,10.625,10.75,ok,False,0.7609,1000,418,774,5,1,0,1,1.1
75,Mstar-1sigma,10.75,10.875,ok,False,0.6894,1000,413,760,5,1,0,1,1.1
75,Mstar-1sigma,10.875,11.0,ok,False,0.6241,1000,446,784,2,0,0,1,1.1
75,Mstar-1sigma,11.0,11.125,ok,False,0.5682,1000,465,762,3,0,0,1,1.1
75,Mstar-1sigma,11.125,11.25,ok,False,0.5157,1000,506,775,1,0,1,2,1.1
75,Mstar-1sigma,11.25,11.375,ok,False,0.4756,1000,513,866,2,0,1,2,1.1
75,Mstar-1sigma,11.375,11.5,ok,False,0.4316,1000,606,980,0,0,1,2,1.1
75,Mstar-1sigma,11.5,11.625,ok,False,0.3921,1000,719,1000,0,0,1,3,1.1
75,Mstar-1sigma,11.625,11.75,ok,False,0.3572,1000,832,1000,0,0,2,4,1.1
75,Mstar-1sigma,11.75,11.875,ok,False,0.3239,1000,911,1000,0,0,2,5,1.1
75,Mstar-1sigma,11.875,12.0,ok,True,0.2949,1000,925,1000,0,0,3,7,1.1
75,Mstar-1sigma,12.0,12.125,ok,True,0.2682,1000,973,1000,0,0,4,8,1.1
75,Mstar-1sigma,12.125,12.25,ok,True,0.2437,1000,987,1000,0,0,6,11,1.1
75,Mstar-1sigma,12.25,12.375,ok,True,0.2210,1000,997,1000,0,0,7,14,1.1
75,Mstar-1sigma,12.375,12.5,ok,True,0.2006,1000,1000,1000,0,0,10,19,1.1
75,Mstar-1sigma,12.5,12.625,ok,True,0.1827,1000,1000,1000,0,0,14,25,1.1
75,Mstar-1sigma,12.625,12.75,ok,True,0.1661,1000,1000,1000,0,0,17,32,1.1
75,Mstar-1sigma,12.75,12.875,ok,True,0.1505,1000,1000,1000,0,0,24,45,1.1
75,Mstar-1sigma,12.875,13.0,ok,True,0.1366,1000,1000,1000,0,0,32,59,1.1
75,Mstar-1sigma,13.0,13.125,ok,True,0.1244,1000,1000,1000,0,0,42,80,1.1
75,Mstar-1sigma,13.125,13.25,ok,True,0.1126,1000,1000,1000,0,0,57,112,1.1
75,Mstar-1sigma,13.25,13.375,ok,True,0.1026,1000,1000,1000,0,0,74,153,1.2
75,Mstar-1sigma,13.375,13.5,ok,True,0.0933,1000,1000,1000,0,0,102,210,1.4
75,Mstar-1sigma,13.5,13.625,ok,True,0.0848,1000,1000,1000,0,0,133,283,1.2
75,Mstar-1sigma,13.625,13.75,ok,True,0.0771,1000,1000,1000,0,0,181,379,1.2
75,Mstar-1sigma,13.75,13.875,ok,True,0.0700,1000,1000,1000,0,0,244,518,1.3
75,Mstar-1sigma,13.875,14.0,ok,True,0.0637,1000,1000,1000,0,0,328,705,1.3
75,Mstar-1sigma,14.0,14.125,ok,True,0.0576,1000,1000,1000,0,0,432,942,1.3
75,Mstar-1sigma,14.125,14.25,ok,True,0.0525,1000,1000,1000,0,0,573,1250,1.4
75,Mstar-1sigma,14.25,14.375,ok,True,0.0478,855,855,855,0,0,763,1687,1.4
75,Mstar-1sigma,14.375,14.5,ok,True,0.0432,540,540,540,0,0,1017,2251,1.1
75,Mstar-1sigma,14.5,14.625,ok,True,0.0396,321,321,321,0,0,1320,2904,0.9
75,Mstar-1sigma,14.625,14.75,ok,True,0.0359,127,127,127,0,0,1772,3879,0.5
75,Mstar-1sigma,14.75,14.875,ok,True,0.0326,66,66,66,0,0,2384,5450,0.4
75,Mstar-1sigma,14.875,15.0,ok,True,0.0293,20,20,20,0,0,3360,7518,0.2
77,Mstar-1sigma,10.0,10.125,ok,False,1.1762,151,32,59,68,46,0,0,0.6
77,Mstar-1sigma,10.125,10.25,ok,False,1.0540,548,134,235,35,15,0,0,1.0
77,Mstar-1sigma,10.25,10.375,ok,False,1.0020,1000,280,450,15,4,0,0,1.2
77,Mstar-1sigma,10.375,10.5,ok,False,0.9032,1000,335,468,11,4,0,0,1.2
77,Mstar-1sigma,10.5,10.625,ok,False,0.8079,1000,347,465,8,9,0,0,1.2
77,Mstar-1sigma,10.625,10.75,ok,False,0.7388,1000,394,482,8,4,0,0,1.2
77,Mstar-1sigma,10.75,10.875,ok,False,0.6699,1000,397,490,6,4,0,0,1.2
77,Mstar-1sigma,10.875,11.0,ok,False,0.6064,1000,436,509,2,4,0,1,1.2
77,Mstar-1sigma,11.0,11.125,ok,False,0.5513,1000,486,512,0,0,0,1,1.2
77,Mstar-1sigma,11.125,11.25,ok,False,0.5016,1000,509,497,4,4,1,0,1.2
77,Mstar-1sigma,11.25,11.375,ok,False,0.4598,1000,556,570,1,1,1,1,1.2
77,Mstar-1sigma,11.375,11.5,ok,False,0.4192,1000,623,653,0,1,1,1,1.2
77,Mstar-1sigma,11.5,11.625,ok,False,0.3815,1000,722,723,0,0,1,1,1.2
77,Mstar-1sigma,11.625,11.75,ok,False,0.3459,1000,830,831,0,0,2,2,1.2
77,Mstar-1sigma,11.75,11.875,ok,False,0.3147,1000,895,900,0,0,2,2,1.2
77,Mstar-1sigma,11.875,12.0,ok,True,0.2851,1000,941,924,0,0,3,3,1.2
77,Mstar-1sigma,12.0,12.125,ok,True,0.2594,1000,979,980,0,0,4,4,1.2
77,Mstar-1sigma,12.125,12.25,ok,True,0.2354,1000,999,992,0,0,6,5,1.2
77,Mstar-1sigma,12.25,12.375,ok,True,0.2146,1000,1000,998,0,0,7,7,1.2
77,Mstar-1sigma,12.375,12.5,ok,True,0.1942,1000,999,999,0,0,10,10,1.2
77,Mstar-1sigma,12.5,12.625,ok,True,0.1766,1000,1000,1000,0,0,13,12,1.2
77,Mstar-1sigma,12.625,12.75,ok,True,0.1608,1000,1000,1000,0,0,18,16,1.2
77,Mstar-1sigma,12.75,12.875,ok,True,0.1457,1000,1000,1000,0,0,24,22,1.3
77,Mstar-1sigma,12.875,13.0,ok,True,0.1327,1000,1000,1000,0,0,31,30,1.2
77,Mstar-1sigma,13.0,13.125,ok,True,0.1205,1000,1000,1000,0,0,41,40,1.3
77,Mstar-1sigma,13.125,13.25,ok,True,0.1093,1000,1000,1000,0,0,54,53,1.3
77,Mstar-1sigma,13.25,13.375,ok,True,0.0996,1000,1000,1000,0,0,74,72,1.3
77,Mstar-1sigma,13.375,13.5,ok,True,0.0904,1000,1000,1000,0,0,101,96,1.3
77,Mstar-1sigma,13.5,13.625,ok,True,0.0824,1000,1000,1000,0,0,131,127,1.3
77,Mstar-1sigma,13.625,13.75,ok,True,0.0744,1000,1000,1000,0,0,178,173,1.3
77,Mstar-1sigma,13.75,13.875,ok,True,0.0677,1000,1000,1000,0,0,237,230,1.3
77,Mstar-1sigma,13.875,14.0,ok,True,0.0615,1000,1000,1000,0,0,316,312,1.3
77,Mstar-1sigma,14.0,14.125,ok,True,0.0560,1000,1000,1000,0,0,422,419,1.4
77,Mstar-1sigma,14.125,14.25,ok,True,0.0508,1000,1000,1000,0,0,563,559,1.5
77,Mstar-1sigma,14.25,14.375,ok,True,0.0463,1000,1000,1000,0,0,748,746,1.5
77,Mstar-1sigma,14.375,14.5,ok,True,0.0419,1000,1000,1000,0,0,1012,1012,1.6
77,Mstar-1sigma,14.5,14.625,ok,True,0.0382,648,648,648,0,0,1310,1302,1.3
77,Mstar-1sigma,14.625,14.75,ok,True,0.0348,370,370,370,0,0,1736,1726,1.0
77,Mstar-1sigma,14.75,14.875,ok,True,0.0315,191,191,191,0,0,2316,2317,0.6
77,Mstar-1sigma,14.875,15.0,ok,True,0.0286,102,102,102,0,0,3154,3174,0.5
9,Mstar-1sigma_fgas-4sigma,10.0,10.125,ok,False,3.1016,259,96,245,61,1,0,3,0.2
9,Mstar-1sigma_fgas-4sigma,10.125,10.25,ok,False,2.8192,108,39,98,73,15,0,3,0.1
9,Mstar-1sigma_fgas-4sigma,10.25,10.375,ok,False,2.6591,766,309,696,14,0,0,3,0.2
9,Mstar-1sigma_fgas-4sigma,10.375,10.5,ok,False,2.4037,1000,429,918,3,0,0,3,0.2
9,Mstar-1sigma_fgas-4sigma,10.5,10.625,ok,False,2.1442,1000,465,913,1,0,0,3,0.2
9,Mstar-1sigma_fgas-4sigma,10.625,10.75,ok,False,1.9414,1000,537,918,0,0,1,3,0.2
9,Mstar-1sigma_fgas-4sigma,10.75,10.875,ok,False,1.7702,1000,561,934,2,0,1,3,0.2
9,Mstar-1sigma_fgas-4sigma,10.875,11.0,ok,False,1.6039,1000,565,931,4,0,1,3,0.2
9,Mstar-1sigma_fgas-4sigma,11.0,11.125,ok,False,1.4591,1000,655,926,0,0,1,3,0.2
9,Mstar-1sigma_fgas-4sigma,11.125,11.25,ok,False,1.3315,1000,718,963,0,0,1,3,0.2
9,Mstar-1sigma_fgas-4sigma,11.25,11.375,ok,False,1.2130,1000,746,970,1,0,1,4,0.2
9,Mstar-1sigma_fgas-4sigma,11.375,11.5,ok,False,1.1112,1000,833,997,1,0,2,5,0.2
9,Mstar-1sigma_fgas-4sigma,11.5,11.625,ok,False,1.0104,1000,910,1000,0,0,2,6,0.2
9,Mstar-1sigma_fgas-4sigma,11.625,11.75,ok,False,0.9203,1000,964,1000,0,0,3,8,0.2
9,Mstar-1sigma_fgas-4sigma,11.75,11.875,ok,False,0.8334,1000,979,1000,0,0,4,10,0.2
9,Mstar-1sigma_fgas-4sigma,11.875,12.0,ok,False,0.7599,1000,994,1000,0,0,5,13,0.2
9,Mstar-1sigma_fgas-4sigma,12.0,12.125,ok,False,0.6888,1000,997,1000,0,0,7,17,0.2
9,Mstar-1sigma_fgas-4sigma,12.125,12.25,ok,False,0.6265,1000,1000,1000,0,0,9,22,0.2
9,Mstar-1sigma_fgas-4sigma,12.25,12.375,ok,False,0.5702,1000,1000,1000,0,0,12,29,0.2
9,Mstar-1sigma_fgas-4sigma,12.375,12.5,ok,False,0.5172,1000,1000,1000,0,0,16,38,0.2
9,Mstar-1sigma_fgas-4sigma,12.5,12.625,ok,False,0.4713,465,465,465,0,0,22,50,0.2
9,Mstar-1sigma_fgas-4sigma,12.625,12.75,ok,False,0.4284,171,171,171,0,0,28,62,0.1
9,Mstar-1sigma_fgas-4sigma,12.75,12.875,ok,False,0.3907,68,68,68,0,0,37,85,0.1
9,Mstar-1sigma_fgas-4sigma,12.875,13.0,ok,False,0.3562,19,19,19,3,0,49,111,0.0
9,Mstar-1sigma_fgas-4sigma,13.0,13.125,ok,False,0.3196,2,2,2,33,14,84,174,0.0
9,Mstar-1sigma_fgas-4sigma,13.125,13.25,ok,False,0.2950,2,2,2,27,21,93,170,0.0
9,Mstar-1sigma_fgas-4sigma,13.25,13.375,ok,False,0.2601,1,1,1,42,18,120,293,0.0
9,Mstar-1sigma_fgas-4sigma,13.375,13.5,no_halos,False,nan,0,0,0,0,0,0,0,0.0
9,Mstar-1sigma_fgas-4sigma,13.5,13.625,no_halos,False,nan,0,0,0,0,0,0,0,0.0
9,Mstar-1sigma_fgas-4sigma,13.625,13.75,no_halos,False,nan,0,0,0,0,0,0,0,0.0
9,Mstar-1sigma_fgas-4sigma,13.75,13.875,no_halos,False,nan,0,0,0,0,0,0,0,0.0
9,Mstar-1sigma_fgas-4sigma,13.875,14.0,no_halos,False,nan,0,0,0,0,0,0,0,0.0
9,Mstar-1sigma_fgas-4sigma,14.0,14.125,no_halos,False,nan,0,0,0,0,0,0,0,0.0
9,Mstar-1sigma_fgas-4sigma,14.125,14.25,no_halos,False,nan,0,0,0,0,0,0,0,0.0
9,Mstar-1sigma_fgas-4sigma,14.25,14.375,no_halos,False,nan,0,0,0,0,0,0,0,0.0
9,Mstar-1sigma_fgas-4sigma,14.375,14.5,no_halos,False,nan,0,0,0,0,0,0,0,0.0
9,Mstar-1sigma_fgas-4sigma,14.5,14.625,no_halos,False,nan,0,0,0,0,0,0,0,0.0
9,Mstar-1sigma_fgas-4sigma,14.625,14.75,no_halos,False,nan,0,0,0,0,0,0,0,0.0
9,Mstar-1sigma_fgas-4sigma,14.75,14.875,no_halos,False,nan,0,0,0,0,0,0,0,0.0
9,Mstar-1sigma_fgas-4sigma,14.875,15.0,no_halos,False,nan,0,0,0,0,0,0,0,0.0
13,Mstar-1sigma_fgas-4sigma,10.0,10.125,ok,False,3.1174,631,220,592,28,0,0,3,0.4
13,Mstar-1sigma_fgas-4sigma,10.125,10.25,ok,False,2.8499,286,109,264,44,1,0,3,0.3
13,Mstar-1sigma_fgas-4sigma,10.25,10.375,ok,False,2.6669,1000,425,930,6,0,0,3,0.4
13,Mstar-1sigma_fgas-4sigma,10.375,10.5,ok,False,2.4100,1000,467,942,1,0,0,3,0.4
13,Mstar-1sigma_fgas-4sigma,10.5,10.625,ok,False,2.1492,1000,497,941,2,0,0,3,0.4
13,Mstar-1sigma_fgas-4sigma,10.625,10.75,ok,False,1.9559,1000,534,929,0,0,1,3,0.4
13,Mstar-1sigma_fgas-4sigma,10.75,10.875,ok,False,1.7771,1000,603,939,1,0,1,3,0.4
13,Mstar-1sigma_fgas-4sigma,10.875,11.0,ok,False,1.6109,1000,614,932,1,0,1,3,0.4
13,Mstar-1sigma_fgas-4sigma,11.0,11.125,ok,False,1.4638,1000,646,951,0,0,1,3,0.4
13,Mstar-1sigma_fgas-4sigma,11.125,11.25,ok,False,1.3315,1000,687,966,1,0,1,3,0.4
13,Mstar-1sigma_fgas-4sigma,11.25,11.375,ok,False,1.2163,1000,752,968,1,0,1,4,0.4
13,Mstar-1sigma_fgas-4sigma,11.375,11.5,ok,False,1.1126,1000,817,999,0,0,2,5,0.4
13,Mstar-1sigma_fgas-4sigma,11.5,11.625,ok,False,1.0115,1000,892,1000,0,0,2,6,0.4
13,Mstar-1sigma_fgas-4sigma,11.625,11.75,ok,False,0.9189,1000,929,1000,0,0,3,8,0.4
13,Mstar-1sigma_fgas-4sigma,11.75,11.875,ok,False,0.8349,1000,977,1000,0,0,4,10,0.4
13,Mstar-1sigma_fgas-4sigma,11.875,12.0,ok,False,0.7586,1000,988,1000,0,0,5,13,0.4
13,Mstar-1sigma_fgas-4sigma,12.0,12.125,ok,False,0.6888,1000,998,1000,0,0,7,17,0.4
13,Mstar-1sigma_fgas-4sigma,12.125,12.25,ok,False,0.6282,1000,1000,1000,0,0,9,22,0.4
13,Mstar-1sigma_fgas-4sigma,12.25,12.375,ok,False,0.5695,1000,1000,1000,0,0,12,28,0.4
13,Mstar-1sigma_fgas-4sigma,12.375,12.5,ok,False,0.5196,1000,1000,1000,0,0,16,38,0.5
13,Mstar-1sigma_fgas-4sigma,12.5,12.625,ok,False,0.4708,1000,1000,1000,0,0,22,50,0.5
13,Mstar-1sigma_fgas-4sigma,12.625,12.75,ok,False,0.4284,1000,1000,1000,0,0,28,65,0.5
13,Mstar-1sigma_fgas-4sigma,12.75,12.875,ok,False,0.3897,870,870,870,0,0,38,85,0.4
13,Mstar-1sigma_fgas-4sigma,12.875,13.0,ok,False,0.3535,358,358,358,0,0,50,111,0.3
13,Mstar-1sigma_fgas-4sigma,13.0,13.125,ok,False,0.3216,130,130,130,0,0,64,140,0.2
13,Mstar-1sigma_fgas-4sigma,13.125,13.25,ok,True,0.2958,55,55,55,0,0,83,190,0.1
13,Mstar-1sigma_fgas-4sigma,13.25,13.375,ok,True,0.2652,16,16,16,0,0,117,250,0.1
13,Mstar-1sigma_fgas-4sigma,13.375,13.5,ok,False,0.2448,3,3,3,13,3,149,306,0.0
13,Mstar-1sigma_fgas-4sigma,13.5,13.625,ok,False,0.2234,2,2,2,15,3,183,372,0.0
13,Mstar-1sigma_fgas-4sigma,13.625,13.75,ok,False,0.2021,1,1,1,27,11,222,530,0.0
13,Mstar-1sigma_fgas-4sigma,13.75,13.875,no_halos,False,nan,0,0,0,0,0,0,0,0.0
13,Mstar-1sigma_fgas-4sigma,13.875,14.0,no_halos,False,nan,0,0,0,0,0,0,0,0.0
13,Mstar-1sigma_fgas-4sigma,14.0,14.125,no_halos,False,nan,0,0,0,0,0,0,0,0.0
13,Mstar-1sigma_fgas-4sigma,14.125,14.25,no_halos,False,nan,0,0,0,0,0,0,0,0.0
13,Mstar-1sigma_fgas-4sigma,14.25,14.375,no_halos,False,nan,0,0,0,0,0,0,0,0.0
13,Mstar-1sigma_fgas-4sigma,14.375,14.5,no_halos,False,nan,0,0,0,0,0,0,0,0.0
13,Mstar-1sigma_fgas-4sigma,14.5,14.625,no_halos,False,nan,0,0,0,0,0,0,0,0.0
13,Mstar-1sigma_fgas-4sigma,14.625,14.75,no_halos,False,nan,0,0,0,0,0,0,0,0.0
13,Mstar-1sigma_fgas-4sigma,14.75,14.875,no_halos,False,nan,0,0,0,0,0,0,0,0.0
13,Mstar-1sigma_fgas-4sigma,14.875,15.0,no_halos,False,nan,0,0,0,0,0,0,0,0.0
17,Mstar-1sigma_fgas-4sigma,10.0,10.125,ok,False,3.1335,1000,398,949,11,0,0,3,0.8
17,Mstar-1sigma_fgas-4sigma,10.125,10.25,ok,False,2.8455,488,200,461,25,0,0,3,0.6
17,Mstar-1sigma_fgas-4sigma,10.25,10.375,ok,False,2.6786,1000,410,938,5,0,0,3,0.7
17,Mstar-1sigma_fgas-4sigma,10.375,10.5,ok,False,2.4228,1000,450,939,4,0,0,3,0.7
17,Mstar-1sigma_fgas-4sigma,10.5,10.625,ok,False,2.1543,1000,481,965,0,0,0,3,0.7
17,Mstar-1sigma_fgas-4sigma,10.625,10.75,ok,False,1.9643,1000,524,932,0,0,1,3,0.7
17,Mstar-1sigma_fgas-4sigma,10.75,10.875,ok,False,1.7875,1000,600,942,0,0,1,3,0.7
17,Mstar-1sigma_fgas-4sigma,10.875,11.0,ok,False,1.6195,1000,629,959,1,0,1,3,0.7
17,Mstar-1sigma_fgas-4sigma,11.0,11.125,ok,False,1.4732,1000,676,939,0,0,1,3,0.7
17,Mstar-1sigma_fgas-4sigma,11.125,11.25,ok,False,1.3393,1000,704,951,0,0,1,3,0.7
17,Mstar-1sigma_fgas-4sigma,11.25,11.375,ok,False,1.2244,1000,750,965,0,0,1,4,0.7
17,Mstar-1sigma_fgas-4sigma,11.375,11.5,ok,False,1.1194,1000,828,998,1,0,2,5,0.7
17,Mstar-1sigma_fgas-4sigma,11.5,11.625,ok,False,1.0183,1000,871,1000,0,0,2,6,0.7
17,Mstar-1sigma_fgas-4sigma,11.625,11.75,ok,False,0.9254,1000,933,1000,0,0,3,8,0.7
17,Mstar-1sigma_fgas-4sigma,11.75,11.875,ok,False,0.8426,1000,974,1000,0,0,4,10,0.7
17,Mstar-1sigma_fgas-4sigma,11.875,12.0,ok,False,0.7637,1000,992,1000,0,0,5,13,0.7
17,Mstar-1sigma_fgas-4sigma,12.0,12.125,ok,False,0.6930,1000,996,1000,0,0,7,17,0.8
17,Mstar-1sigma_fgas-4sigma,12.125,12.25,ok,False,0.6308,1000,999,1000,0,0,9,21,0.8
17,Mstar-1sigma_fgas-4sigma,12.25,12.375,ok,False,0.5723,1000,1000,1000,0,0,12,28,0.8
17,Mstar-1sigma_fgas-4sigma,12.375,12.5,ok,False,0.5196,1000,1000,1000,0,0,16,37,0.8
17,Mstar-1sigma_fgas-4sigma,12.5,12.625,ok,False,0.4723,1000,1000,1000,0,0,21,48,0.8
17,Mstar-1sigma_fgas-4sigma,12.625,12.75,ok,False,0.4300,1000,1000,1000,0,0,28,63,0.8
17,Mstar-1sigma_fgas-4sigma,12.75,12.875,ok,False,0.3910,1000,1000,1000,0,0,37,81,0.8
17,Mstar-1sigma_fgas-4sigma,12.875,13.0,ok,False,0.3551,1000,1000,1000,0,0,49,107,0.8
17,Mstar-1sigma_fgas-4sigma,13.0,13.125,ok,False,0.3230,1000,1000,1000,0,0,64,142,0.8
17,Mstar-1sigma_fgas-4sigma,13.125,13.25,ok,True,0.2943,777,777,777,0,0,84,183,0.7
17,Mstar-1sigma_fgas-4sigma,13.25,13.375,ok,True,0.2668,288,288,288,0,0,114,254,0.5
17,Mstar-1sigma_fgas-4sigma,13.375,13.5,ok,True,0.2431,162,162,162,0,0,147,329,0.4
17,Mstar-1sigma_fgas-4sigma,13.5,13.625,ok,True,0.2204,57,57,57,0,0,192,422,0.2
17,Mstar-1sigma_fgas-4sigma,13.625,13.75,ok,True,0.2007,21,21,21,0,0,247,576,0.1
17,Mstar-1sigma_fgas-4sigma,13.75,13.875,ok,False,0.1805,2,2,2,5,1,329,736,0.1
17,Mstar-1sigma_fgas-4sigma,13.875,14.0,no_halos,False,nan,0,0,0,0,0,0,0,0.1
17,Mstar-1sigma_fgas-4sigma,14.0,14.125,no_halos,False,nan,0,0,0,0,0,0,0,0.1
17,Mstar-1sigma_fgas-4sigma,14.125,14.25,no_halos,False,nan,0,0,0,0,0,0,0,0.1
17,Mstar-1sigma_fgas-4sigma,14.25,14.375,no_halos,False,nan,0,0,0,0,0,0,0,0.1
17,Mstar-1sigma_fgas-4sigma,14.375,14.5,no_halos,False,nan,0,0,0,0,0,0,0,0.1
17,Mstar-1sigma_fgas-4sigma,14.5,14.625,no_halos,False,nan,0,0,0,0,0,0,0,0.1
17,Mstar-1sigma_fgas-4sigma,14.625,14.75,no_halos,False,nan,0,0,0,0,0,0,0,0.1
17,Mstar-1sigma_fgas-4sigma,14.75,14.875,no_halos,False,nan,0,0,0,0,0,0,0,0.1
17,Mstar-1sigma_fgas-4sigma,14.875,15.0,no_halos,False,nan,0,0,0,0,0,0,0,0.1
37,Mstar-1sigma_fgas-4sigma,10.0,10.125,ok,False,2.4362,819,301,767,13,0,0,3,1.1
37,Mstar-1sigma_fgas-4sigma,10.125,10.25,ok,False,2.2095,462,175,427,32,0,0,3,0.8
37,Mstar-1sigma_fgas-4sigma,10.25,10.375,ok,False,2.0846,1000,424,934,6,0,0,3,1.1
37,Mstar-1sigma_fgas-4sigma,10.375,10.5,ok,False,1.8879,1000,455,943,2,0,0,3,1.0
37,Mstar-1sigma_fgas-4sigma,10.5,10.625,ok,False,1.6776,1000,495,929,2,0,0,3,1.1
37,Mstar-1sigma_fgas-4sigma,10.625,10.75,ok,False,1.5243,1000,527,928,1,0,1,3,1.0
37,Mstar-1sigma_fgas-4sigma,10.75,10.875,ok,False,1.3939,1000,584,936,0,0,1,3,1.1
37,Mstar-1sigma_fgas-4sigma,10.875,11.0,ok,False,1.2597,1000,605,938,0,0,1,3,1.1
37,Mstar-1sigma_fgas-4sigma,11.0,11.125,ok,False,1.1463,1000,634,930,0,0,1,3,1.1
37,Mstar-1sigma_fgas-4sigma,11.125,11.25,ok,False,1.0438,1000,668,943,1,0,1,3,1.1
37,Mstar-1sigma_fgas-4sigma,11.25,11.375,ok,False,0.9542,1000,702,960,1,0,1,3,1.0
37,Mstar-1sigma_fgas-4sigma,11.375,11.5,ok,False,0.8701,1000,778,998,0,0,1,5,1.1
37,Mstar-1sigma_fgas-4sigma,11.5,11.625,ok,False,0.7932,1000,879,1000,0,0,2,6,1.1
37,Mstar-1sigma_fgas-4sigma,11.625,11.75,ok,False,0.7202,1000,926,1000,0,0,3,7,1.1
37,Mstar-1sigma_fgas-4sigma,11.75,11.875,ok,False,0.6534,1000,967,1000,0,0,3,9,1.1
37,Mstar-1sigma_fgas-4sigma,11.875,12.0,ok,False,0.5916,1000,993,1000,0,0,5,12,1.1
37,Mstar-1sigma_fgas-4sigma,12.0,12.125,ok,False,0.5392,1000,997,1000,0,0,6,16,1.1
37,Mstar-1sigma_fgas-4sigma,12.125,12.25,ok,False,0.4905,1000,1000,1000,0,0,9,20,1.1
37,Mstar-1sigma_fgas-4sigma,12.25,12.375,ok,False,0.4444,1000,999,1000,0,0,12,27,1.1
37,Mstar-1sigma_fgas-4sigma,12.375,12.5,ok,False,0.4049,1000,1000,1000,0,0,15,34,1.1
37,Mstar-1sigma_fgas-4sigma,12.5,12.625,ok,False,0.3683,1000,1000,1000,0,0,20,44,1.1
37,Mstar-1sigma_fgas-4sigma,12.625,12.75,ok,False,0.3348,1000,1000,1000,0,0,26,58,1.1
37,Mstar-1sigma_fgas-4sigma,12.75,12.875,ok,False,0.3035,1000,1000,1000,0,0,35,75,1.1
37,Mstar-1sigma_fgas-4sigma,12.875,13.0,ok,True,0.2766,1000,1000,1000,0,0,46,101,1.1
37,Mstar-1sigma_fgas-4sigma,13.0,13.125,ok,True,0.2501,1000,1000,1000,0,0,62,134,1.1
37,Mstar-1sigma_fgas-4sigma,13.125,13.25,ok,True,0.2280,1000,1000,1000,0,0,81,176,1.2
37,Mstar-1sigma_fgas-4sigma,13.25,13.375,ok,True,0.2072,1000,1000,1000,0,0,109,237,1.2
37,Mstar-1sigma_fgas-4sigma,13.375,13.5,ok,True,0.1883,1000,1000,1000,0,0,144,311,1.2
37,Mstar-1sigma_fgas-4sigma,13.5,13.625,ok,True,0.1713,912,912,912,0,0,190,409,1.1
37,Mstar-1sigma_fgas-4sigma,13.625,13.75,ok,True,0.1558,439,439,439,0,0,247,537,0.8
37,Mstar-1sigma_fgas-4sigma,13.75,13.875,ok,True,0.1419,208,208,208,0,0,334,722,0.5
37,Mstar-1sigma_fgas-4sigma,13.875,14.0,ok,True,0.1289,78,78,78,0,0,434,947,0.3
37,Mstar-1sigma_fgas-4sigma,14.0,14.125,ok,True,0.1178,33,33,33,0,0,565,1289,0.2
37,Mstar-1sigma_fgas-4sigma,14.125,14.25,ok,True,0.1052,9,9,9,0,0,635,1416,0.2
37,Mstar-1sigma_fgas-4sigma,14.25,14.375,ok,True,0.0962,3,3,3,0,0,818,1716,0.1
37,Mstar-1sigma_fgas-4sigma,14.375,14.5,no_halos,False,nan,0,0,0,0,0,0,0,0.1
37,Mstar-1sigma_fgas-4sigma,14.5,14.625,no_halos,False,nan,0,0,0,0,0,0,0,0.1
37,Mstar-1sigma_fgas-4sigma,14.625,14.75,no_halos,False,nan,0,0,0,0,0,0,0,0.1
37,Mstar-1sigma_fgas-4sigma,14.75,14.875,no_halos,False,nan,0,0,0,0,0,0,0,0.1
37,Mstar-1sigma_fgas-4sigma,14.875,15.0,no_halos,False,nan,0,0,0,0,0,0,0,0.1
47,Mstar-1sigma_fgas-4sigma,10.0,10.125,ok,False,2.0698,461,168,428,25,0,0,3,1.0
47,Mstar-1sigma_fgas-4sigma,10.125,10.25,ok,False,1.8648,262,93,244,41,8,0,2,0.6
47,Mstar-1sigma_fgas-4sigma,10.25,10.375,ok,False,1.7687,1000,397,919,7,0,0,3,1.2
47,Mstar-1sigma_fgas-4sigma,10.375,10.5,ok,False,1.6013,1000,455,930,1,0,0,3,1.2
47,Mstar-1sigma_fgas-4sigma,10.5,10.625,ok,False,1.4262,1000,474,916,4,0,0,3,1.2
47,Mstar-1sigma_fgas-4sigma,10.625,10.75,ok,False,1.2971,1000,528,923,0,0,1,3,1.2
47,Mstar-1sigma_fgas-4sigma,10.75,10.875,ok,False,1.1815,1000,529,929,0,1,1,3,1.2
47,Mstar-1sigma_fgas-4sigma,10.875,11.0,ok,False,1.0710,1000,568,928,0,0,1,3,1.2
47,Mstar-1sigma_fgas-4sigma,11.0,11.125,ok,False,0.9712,1000,632,937,1,0,1,3,1.2
47,Mstar-1sigma_fgas-4sigma,11.125,11.25,ok,False,0.8844,1000,668,938,0,0,1,3,1.2
47,Mstar-1sigma_fgas-4sigma,11.25,11.375,ok,False,0.8118,1000,716,936,0,0,1,3,1.2
47,Mstar-1sigma_fgas-4sigma,11.375,11.5,ok,False,0.7379,1000,783,995,0,0,1,4,1.2
47,Mstar-1sigma_fgas-4sigma,11.5,11.625,ok,False,0.6740,1000,867,1000,0,0,2,5,1.2
47,Mstar-1sigma_fgas-4sigma,11.625,11.75,ok,False,0.6074,1000,929,1000,0,0,3,7,1.2
47,Mstar-1sigma_fgas-4sigma,11.75,11.875,ok,False,0.5527,1000,969,1000,0,0,4,9,1.2
47,Mstar-1sigma_fgas-4sigma,11.875,12.0,ok,False,0.5040,1000,982,1000,0,0,4,11,1.2
47,Mstar-1sigma_fgas-4sigma,12.0,12.125,ok,False,0.4578,1000,995,1000,0,0,6,14,1.2
47,Mstar-1sigma_fgas-4sigma,12.125,12.25,ok,False,0.4157,1000,999,1000,0,0,8,19,1.2
47,Mstar-1sigma_fgas-4sigma,12.25,12.375,ok,False,0.3785,1000,999,1000,0,0,11,25,1.2
47,Mstar-1sigma_fgas-4sigma,12.375,12.5,ok,False,0.3429,1000,1000,1000,0,0,14,31,1.2
47,Mstar-1sigma_fgas-4sigma,12.5,12.625,ok,False,0.3121,1000,1000,1000,0,0,19,41,1.2
47,Mstar-1sigma_fgas-4sigma,12.625,12.75,ok,True,0.2844,1000,1000,1000,0,0,25,54,1.2
47,Mstar-1sigma_fgas-4sigma,12.75,12.875,ok,True,0.2569,1000,1000,1000,0,0,34,72,1.2
47,Mstar-1sigma_fgas-4sigma,12.875,13.0,ok,True,0.2338,1000,1000,1000,0,0,45,95,1.2
47,Mstar-1sigma_fgas-4sigma,13.0,13.125,ok,True,0.2127,1000,1000,1000,0,0,59,125,1.2
47,Mstar-1sigma_fgas-4sigma,13.125,13.25,ok,True,0.1930,1000,1000,1000,0,0,80,168,1.3
47,Mstar-1sigma_fgas-4sigma,13.25,13.375,ok,True,0.1752,1000,1000,1000,0,0,105,225,1.3
47,Mstar-1sigma_fgas-4sigma,13.375,13.5,ok,True,0.1598,1000,1000,1000,0,0,137,298,1.3
47,Mstar-1sigma_fgas-4sigma,13.5,13.625,ok,True,0.1450,1000,1000,1000,0,0,183,397,1.3
47,Mstar-1sigma_fgas-4sigma,13.625,13.75,ok,True,0.1319,1000,1000,1000,0,0,242,522,1.3
47,Mstar-1sigma_fgas-4sigma,13.75,13.875,ok,True,0.1198,768,768,768,0,0,321,703,1.3
47,Mstar-1sigma_fgas-4sigma,13.875,14.0,ok,True,0.1092,387,387,387,0,0,418,922,0.8
47,Mstar-1sigma_fgas-4sigma,14.0,14.125,ok,True,0.0993,202,202,202,0,0,549,1212,0.6
47,Mstar-1sigma_fgas-4sigma,14.125,14.25,ok,True,0.0899,81,81,81,0,0,706,1552,0.3
47,Mstar-1sigma_fgas-4sigma,14.25,14.375,ok,True,0.0827,25,25,25,0,0,897,2019,0.2
47,Mstar-1sigma_fgas-4sigma,14.375,14.5,ok,True,0.0731,9,9,9,0,0,1204,2642,0.2
47,Mstar-1sigma_fgas-4sigma,14.5,14.625,ok,True,0.0652,2,2,2,0,0,2100,4816,0.2
47,Mstar-1sigma_fgas-4sigma,14.625,14.75,ok,False,0.0626,2,2,2,2,0,1984,4532,0.2
47,Mstar-1sigma_fgas-4sigma,14.75,14.875,no_halos,False,nan,0,0,0,0,0,0,0,0.1
47,Mstar-1sigma_fgas-4sigma,14.875,15.0,no_halos,False,nan,0,0,0,0,0,0,0,0.1
57,Mstar-1sigma_fgas-4sigma,10.0,10.125,ok,False,1.7199,193,75,179,44,9,0,3,0.7
57,Mstar-1sigma_fgas-4sigma,10.125,10.25,ok,False,1.5411,131,59,119,53,13,0,3,0.5
57,Mstar-1sigma_fgas-4sigma,10.25,10.375,ok,False,1.4684,1000,402,899,1,0,0,2,1.3
57,Mstar-1sigma_fgas-4sigma,10.375,10.5,ok,False,1.3303,1000,417,906,0,0,0,3,1.2
57,Mstar-1sigma_fgas-4sigma,10.5,10.625,ok,False,1.1882,1000,488,906,3,0,0,3,1.3
57,Mstar-1sigma_fgas-4sigma,10.625,10.75,ok,False,1.0771,1000,512,910,0,0,1,3,1.2
57,Mstar-1sigma_fgas-4sigma,10.75,10.875,ok,False,0.9799,1000,527,907,3,0,1,3,1.2
57,Mstar-1sigma_fgas-4sigma,10.875,11.0,ok,False,0.8877,1000,581,912,2,1,1,3,1.2
57,Mstar-1sigma_fgas-4sigma,11.0,11.125,ok,False,0.8093,1000,621,904,0,0,1,3,1.2
57,Mstar-1sigma_fgas-4sigma,11.125,11.25,ok,False,0.7319,1000,629,890,1,0,1,3,1.2
57,Mstar-1sigma_fgas-4sigma,11.25,11.375,ok,False,0.6738,1000,644,929,3,0,1,3,1.2
57,Mstar-1sigma_fgas-4sigma,11.375,11.5,ok,False,0.6136,1000,776,990,0,0,1,4,1.2
57,Mstar-1sigma_fgas-4sigma,11.5,11.625,ok,False,0.5572,1000,811,1000,0,0,2,5,1.2
57,Mstar-1sigma_fgas-4sigma,11.625,11.75,ok,False,0.5078,1000,900,1000,0,0,2,6,1.2
57,Mstar-1sigma_fgas-4sigma,11.75,11.875,ok,False,0.4610,1000,955,1000,0,0,3,8,1.3
57,Mstar-1sigma_fgas-4sigma,11.875,12.0,ok,False,0.4177,1000,979,1000,0,0,4,10,1.3
57,Mstar-1sigma_fgas-4sigma,12.0,12.125,ok,False,0.3802,1000,995,1000,0,0,6,13,1.2
57,Mstar-1sigma_fgas-4sigma,12.125,12.25,ok,False,0.3464,1000,999,1000,0,0,8,16,1.2
57,Mstar-1sigma_fgas-4sigma,12.25,12.375,ok,False,0.3130,1000,1000,1000,0,0,10,22,1.3
57,Mstar-1sigma_fgas-4sigma,12.375,12.5,ok,True,0.2858,1000,1000,1000,0,0,14,29,1.2
57,Mstar-1sigma_fgas-4sigma,12.5,12.625,ok,True,0.2594,1000,1000,1000,0,0,18,37,1.3
57,Mstar-1sigma_fgas-4sigma,12.625,12.75,ok,True,0.2358,1000,1000,1000,0,0,24,49,1.3
57,Mstar-1sigma_fgas-4sigma,12.75,12.875,ok,True,0.2142,1000,1000,1000,0,0,31,63,1.3
57,Mstar-1sigma_fgas-4sigma,12.875,13.0,ok,True,0.1942,1000,1000,1000,0,0,43,85,1.3
57,Mstar-1sigma_fgas-4sigma,13.0,13.125,ok,True,0.1766,1000,1000,1000,0,0,56,114,1.5
57,Mstar-1sigma_fgas-4sigma,13.125,13.25,ok,True,0.1606,1000,1000,1000,0,0,75,151,1.3
57,Mstar-1sigma_fgas-4sigma,13.25,13.375,ok,True,0.1457,1000,1000,1000,0,0,99,205,1.3
57,Mstar-1sigma_fgas-4sigma,13.375,13.5,ok,True,0.1324,1000,1000,1000,0,0,130,277,1.4
57,Mstar-1sigma_fgas-4sigma,13.5,13.625,ok,True,0.1205,1000,1000,1000,0,0,170,366,1.4
57,Mstar-1sigma_fgas-4sigma,13.625,13.75,ok,True,0.1093,1000,1000,1000,0,0,227,486,1.4
57,Mstar-1sigma_fgas-4sigma,13.75,13.875,ok,True,0.0996,1000,1000,1000,0,0,304,654,1.4
57,Mstar-1sigma_fgas-4sigma,13.875,14.0,ok,True,0.0905,1000,1000,1000,0,0,398,871,1.5
57,Mstar-1sigma_fgas-4sigma,14.0,14.125,ok,True,0.0820,686,686,686,0,0,542,1184,1.3
57,Mstar-1sigma_fgas-4sigma,14.125,14.25,ok,True,0.0746,364,364,364,0,0,702,1532,0.9
57,Mstar-1sigma_fgas-4sigma,14.25,14.375,ok,True,0.0677,192,192,192,0,0,912,2021,0.6
57,Mstar-1sigma_fgas-4sigma,14.375,14.5,ok,True,0.0615,81,81,81,0,0,1204,2661,0.4
57,Mstar-1sigma_fgas-4sigma,14.5,14.625,ok,True,0.0561,33,33,33,0,0,1548,3435,0.3
57,Mstar-1sigma_fgas-4sigma,14.625,14.75,ok,True,0.0502,9,9,9,0,0,2262,4915,0.2
57,Mstar-1sigma_fgas-4sigma,14.75,14.875,ok,True,0.0455,5,5,5,0,0,3037,6750,0.2
57,Mstar-1sigma_fgas-4sigma,14.875,15.0,no_halos,False,nan,0,0,0,0,0,0,0,0.1
62,Mstar-1sigma_fgas-4sigma,10.0,10.125,ok,False,1.5476,96,33,90,68,29,0,2,0.5
62,Mstar-1sigma_fgas-4sigma,10.125,10.25,ok,False,1.3921,56,13,51,87,33,0,2,0.3
62,Mstar-1sigma_fgas-4sigma,10.25,10.375,ok,False,1.3330,915,347,808,5,0,0,2,1.3
62,Mstar-1sigma_fgas-4sigma,10.375,10.5,ok,False,1.2035,1000,391,882,5,0,0,2,1.2
62,Mstar-1sigma_fgas-4sigma,10.5,10.625,ok,False,1.0738,1000,466,869,0,0,0,2,1.3
62,Mstar-1sigma_fgas-4sigma,10.625,10.75,ok,False,0.9769,1000,471,889,2,0,0,2,1.2
62,Mstar-1sigma_fgas-4sigma,10.75,10.875,ok,False,0.8872,1000,489,894,4,0,0,2,1.3
62,Mstar-1sigma_fgas-4sigma,10.875,11.0,ok,False,0.8019,1000,562,876,4,0,1,2,1.2
62,Mstar-1sigma_fgas-4sigma,11.0,11.125,ok,False,0.7296,1000,587,887,0,0,1,2,1.2
62,Mstar-1sigma_fgas-4sigma,11.125,11.25,ok,False,0.6644,1000,579,904,0,0,1,2,1.3
62,Mstar-1sigma_fgas-4sigma,11.25,11.375,ok,False,0.6098,1000,626,926,0,0,1,3,1.2
62,Mstar-1sigma_fgas-4sigma,11.375,11.5,ok,False,0.5540,1000,737,991,0,0,1,4,1.3
62,Mstar-1sigma_fgas-4sigma,11.5,11.625,ok,False,0.5044,1000,800,1000,0,0,2,4,1.2
62,Mstar-1sigma_fgas-4sigma,11.625,11.75,ok,False,0.4591,1000,884,1000,0,0,2,6,1.3
62,Mstar-1sigma_fgas-4sigma,11.75,11.875,ok,False,0.4165,1000,944,1000,0,0,3,7,1.2
62,Mstar-1sigma_fgas-4sigma,11.875,12.0,ok,False,0.3787,1000,975,1000,0,0,4,9,1.2
62,Mstar-1sigma_fgas-4sigma,12.0,12.125,ok,False,0.3439,1000,992,1000,0,0,6,12,1.3
62,Mstar-1sigma_fgas-4sigma,12.125,12.25,ok,False,0.3114,1000,994,1000,0,0,7,16,1.2
62,Mstar-1sigma_fgas-4sigma,12.25,12.375,ok,True,0.2837,1000,999,1000,0,0,9,19,1.2
62,Mstar-1sigma_fgas-4sigma,12.375,12.5,ok,True,0.2586,1000,1000,1000,0,0,13,26,1.3
62,Mstar-1sigma_fgas-4sigma,12.5,12.625,ok,True,0.2348,1000,1000,1000,0,0,18,35,1.2
62,Mstar-1sigma_fgas-4sigma,12.625,12.75,ok,True,0.2137,1000,1000,1000,0,0,22,44,1.3
62,Mstar-1sigma_fgas-4sigma,12.75,12.875,ok,True,0.1946,1000,1000,1000,0,0,30,58,1.3
62,Mstar-1sigma_fgas-4sigma,12.875,13.0,ok,True,0.1755,1000,1000,1000,0,0,41,79,1.3
62,Mstar-1sigma_fgas-4sigma,13.0,13.125,ok,True,0.1598,1000,1000,1000,0,0,54,106,1.3
62,Mstar-1sigma_fgas-4sigma,13.125,13.25,ok,True,0.1457,1000,1000,1000,0,0,71,144,1.3
62,Mstar-1sigma_fgas-4sigma,13.25,13.375,ok,True,0.1319,1000,1000,1000,0,0,96,193,1.3
62,Mstar-1sigma_fgas-4sigma,13.375,13.5,ok,True,0.1199,1000,1000,1000,0,0,127,264,1.3
62,Mstar-1sigma_fgas-4sigma,13.5,13.625,ok,True,0.1092,1000,1000,1000,0,0,164,346,1.3
62,Mstar-1sigma_fgas-4sigma,13.625,13.75,ok,True,0.0992,1000,1000,1000,0,0,221,465,1.4
62,Mstar-1sigma_fgas-4sigma,13.75,13.875,ok,True,0.0899,1000,1000,1000,0,0,289,621,1.4
62,Mstar-1sigma_fgas-4sigma,13.875,14.0,ok,True,0.0818,1000,1000,1000,0,0,392,842,1.5
62,Mstar-1sigma_fgas-4sigma,14.0,14.125,ok,True,0.0743,1000,1000,1000,0,0,504,1096,1.5
62,Mstar-1sigma_fgas-4sigma,14.125,14.25,ok,True,0.0676,638,638,638,0,0,686,1500,1.3
62,Mstar-1sigma_fgas-4sigma,14.25,14.375,ok,True,0.0614,363,363,363,0,0,870,1920,0.9
62,Mstar-1sigma_fgas-4sigma,14.375,14.5,ok,True,0.0557,184,184,184,0,0,1184,2586,0.6
62,Mstar-1sigma_fgas-4sigma,14.5,14.625,ok,True,0.0505,77,77,77,0,0,1515,3410,0.4
62,Mstar-1sigma_fgas-4sigma,14.625,14.75,ok,True,0.0465,32,32,32,0,0,1976,4424,0.3
62,Mstar-1sigma_fgas-4sigma,14.75,14.875,ok,True,0.0421,10,10,10,0,0,2724,6027,0.2
62,Mstar-1sigma_fgas-4sigma,14.875,15.0,ok,False,0.0376,4,4,4,1,0,3944,8548,0.2
67,Mstar-1sigma_fgas-4sigma,10.0,10.125,ok,False,1.4193,52,14,43,83,58,0,2,0.3
67,Mstar-1sigma_fgas-4sigma,10.125,10.25,ok,False,1.2666,47,11,44,86,49,0,2,0.3
67,Mstar-1sigma_fgas-4sigma,10.25,10.375,ok,False,1.2035,520,177,433,15,1,0,2,1.0
67,Mstar-1sigma_fgas-4sigma,10.375,10.5,ok,False,1.0876,1000,401,875,2,1,0,2,1.2
67,Mstar-1sigma_fgas-4sigma,10.5,10.625,ok,False,0.9715,1000,451,849,4,0,0,2,1.2
67,Mstar-1sigma_fgas-4sigma,10.625,10.75,ok,False,0.8810,1000,407,856,5,0,0,2,1.2
67,Mstar-1sigma_fgas-4sigma,10.75,10.875,ok,False,0.8023,1000,466,854,4,0,0,2,1.2
67,Mstar-1sigma_fgas-4sigma,10.875,11.0,ok,False,0.7266,1000,492,855,3,0,0,2,1.2
67,Mstar-1sigma_fgas-4sigma,11.0,11.125,ok,False,0.6595,1000,544,869,0,1,1,2,1.2
67,Mstar-1sigma_fgas-4sigma,11.125,11.25,ok,False,0.6017,1000,570,870,1,0,1,2,1.2
67,Mstar-1sigma_fgas-4sigma,11.25,11.375,ok,False,0.5506,1000,598,902,2,0,1,2,1.2
67,Mstar-1sigma_fgas-4sigma,11.375,11.5,ok,False,0.5032,1000,685,984,0,0,1,3,1.2
67,Mstar-1sigma_fgas-4sigma,11.5,11.625,ok,False,0.4578,1000,786,1000,0,0,1,4,1.2
67,Mstar-1sigma_fgas-4sigma,11.625,11.75,ok,False,0.4149,1000,874,1000,0,0,2,5,1.2
67,Mstar-1sigma_fgas-4sigma,11.75,11.875,ok,False,0.3778,1000,922,1000,0,0,3,6,1.2
67,Mstar-1sigma_fgas-4sigma,11.875,12.0,ok,False,0.3427,1000,961,1000,0,0,4,8,1.2
67,Mstar-1sigma_fgas-4sigma,12.0,12.125,ok,False,0.3110,1000,986,1000,0,0,5,11,1.2
67,Mstar-1sigma_fgas-4sigma,12.125,12.25,ok,True,0.2833,1000,998,1000,0,0,7,14,1.2
67,Mstar-1sigma_fgas-4sigma,12.25,12.375,ok,True,0.2571,1000,998,1000,0,0,9,18,1.2
67,Mstar-1sigma_fgas-4sigma,12.375,12.5,ok,True,0.2325,1000,1000,1000,0,0,12,23,1.2
67,Mstar-1sigma_fgas-4sigma,12.5,12.625,ok,True,0.2117,1000,1000,1000,0,0,16,30,1.2
67,Mstar-1sigma_fgas-4sigma,12.625,12.75,ok,True,0.1924,1000,1000,1000,0,0,21,40,1.2
67,Mstar-1sigma_fgas-4sigma,12.75,12.875,ok,True,0.1746,1000,1000,1000,0,0,28,54,1.2
67,Mstar-1sigma_fgas-4sigma,12.875,13.0,ok,True,0.1592,1000,1000,1000,0,0,37,72,1.3
67,Mstar-1sigma_fgas-4sigma,13.0,13.125,ok,True,0.1440,1000,1000,1000,0,0,49,96,1.3
67,Mstar-1sigma_fgas-4sigma,13.125,13.25,ok,True,0.1313,1000,1000,1000,0,0,67,132,1.3
67,Mstar-1sigma_fgas-4sigma,13.25,13.375,ok,True,0.1193,1000,1000,1000,0,0,89,177,1.3
67,Mstar-1sigma_fgas-4sigma,13.375,13.5,ok,True,0.1084,1000,1000,1000,0,0,115,239,1.3
67,Mstar-1sigma_fgas-4sigma,13.5,13.625,ok,True,0.0987,1000,1000,1000,0,0,156,324,1.3
67,Mstar-1sigma_fgas-4sigma,13.625,13.75,ok,True,0.0892,1000,1000,1000,0,0,209,436,1.4
67,Mstar-1sigma_fgas-4sigma,13.75,13.875,ok,True,0.0815,1000,1000,1000,0,0,273,584,1.4
67,Mstar-1sigma_fgas-4sigma,13.875,14.0,ok,True,0.0738,1000,1000,1000,0,0,370,804,1.4
67,Mstar-1sigma_fgas-4sigma,14.0,14.125,ok,True,0.0671,1000,1000,1000,0,0,487,1047,1.5
67,Mstar-1sigma_fgas-4sigma,14.125,14.25,ok,True,0.0611,983,983,983,0,0,646,1415,1.6
67,Mstar-1sigma_fgas-4sigma,14.25,14.375,ok,True,0.0552,563,563,563,0,0,880,1932,1.2
67,Mstar-1sigma_fgas-4sigma,14.375,14.5,ok,True,0.0507,301,301,301,0,0,1096,2415,0.8
67,Mstar-1sigma_fgas-4sigma,14.5,14.625,ok,True,0.0459,162,162,162,0,0,1478,3249,0.6
67,Mstar-1sigma_fgas-4sigma,14.625,14.75,ok,True,0.0417,82,82,82,0,0,2083,4468,0.4
67,Mstar-1sigma_fgas-4sigma,14.75,14.875,ok,True,0.0378,20,20,20,0,0,2578,5802,0.2
67,Mstar-1sigma_fgas-4sigma,14.875,15.0,ok,True,0.0349,13,13,13,0,0,3282,7303,0.2
69,Mstar-1sigma_fgas-4sigma,10.0,10.125,ok,False,1.3549,55,14,46,85,41,0,2,0.3
69,Mstar-1sigma_fgas-4sigma,10.125,10.25,ok,False,1.2151,39,20,32,78,58,1,2,0.3
69,Mstar-1sigma_fgas-4sigma,10.25,10.375,ok,False,1.1570,473,167,400,16,1,0,2,0.9
69,Mstar-1sigma_fgas-4sigma,10.375,10.5,ok,False,1.0476,1000,380,823,2,1,0,2,1.2
69,Mstar-1sigma_fgas-4sigma,10.5,10.625,ok,False,0.9312,1000,432,817,5,2,0,2,1.2
69,Mstar-1sigma_fgas-4sigma,10.625,10.75,ok,False,0.8468,1000,433,814,7,0,0,2,1.2
69,Mstar-1sigma_fgas-4sigma,10.75,10.875,ok,False,0.7709,1000,486,833,4,0,0,2,1.2
69,Mstar-1sigma_fgas-4sigma,10.875,11.0,ok,False,0.6969,1000,507,836,3,1,1,2,1.2
69,Mstar-1sigma_fgas-4sigma,11.0,11.125,ok,False,0.6347,1000,528,833,1,1,1,2,1.1
69,Mstar-1sigma_fgas-4sigma,11.125,11.25,ok,False,0.5775,1000,546,843,1,0,1,2,1.2
69,Mstar-1sigma_fgas-4sigma,11.25,11.375,ok,False,0.5298,1000,568,906,0,0,1,2,1.2
69,Mstar-1sigma_fgas-4sigma,11.375,11.5,ok,False,0.4828,1000,656,988,1,0,1,3,1.2
69,Mstar-1sigma_fgas-4sigma,11.5,11.625,ok,False,0.4396,1000,777,1000,0,0,1,4,1.2
69,Mstar-1sigma_fgas-4sigma,11.625,11.75,ok,False,0.3996,1000,861,1000,0,0,2,5,1.2
69,Mstar-1sigma_fgas-4sigma,11.75,11.875,ok,False,0.3616,1000,913,1000,0,0,3,6,1.2
69,Mstar-1sigma_fgas-4sigma,11.875,12.0,ok,False,0.3292,1000,961,1000,0,0,3,8,1.2
69,Mstar-1sigma_fgas-4sigma,12.0,12.125,ok,True,0.2999,1000,989,1000,0,0,5,10,1.2
69,Mstar-1sigma_fgas-4sigma,12.125,12.25,ok,True,0.2719,1000,997,1000,0,0,6,13,1.2
69,Mstar-1sigma_fgas-4sigma,12.25,12.375,ok,True,0.2465,1000,998,1000,0,0,8,17,1.2
69,Mstar-1sigma_fgas-4sigma,12.375,12.5,ok,True,0.2245,1000,1000,1000,0,0,11,22,1.2
69,Mstar-1sigma_fgas-4sigma,12.5,12.625,ok,True,0.2043,1000,1000,1000,0,0,15,29,1.2
69,Mstar-1sigma_fgas-4sigma,12.625,12.75,ok,True,0.1857,1000,1000,1000,0,0,20,37,1.2
69,Mstar-1sigma_fgas-4sigma,12.75,12.875,ok,True,0.1685,1000,1000,1000,0,0,27,49,1.3
69,Mstar-1sigma_fgas-4sigma,12.875,13.0,ok,True,0.1530,1000,1000,1000,0,0,35,66,1.3
69,Mstar-1sigma_fgas-4sigma,13.0,13.125,ok,True,0.1385,1000,1000,1000,0,0,48,93,1.2
69,Mstar-1sigma_fgas-4sigma,13.125,13.25,ok,True,0.1261,1000,1000,1000,0,0,63,126,1.2
69,Mstar-1sigma_fgas-4sigma,13.25,13.375,ok,True,0.1146,1000,1000,1000,0,0,85,170,1.3
69,Mstar-1sigma_fgas-4sigma,13.375,13.5,ok,True,0.1042,1000,1000,1000,0,0,113,228,1.3
69,Mstar-1sigma_fgas-4sigma,13.5,13.625,ok,True,0.0948,1000,1000,1000,0,0,152,314,1.3
69,Mstar-1sigma_fgas-4sigma,13.625,13.75,ok,True,0.0858,1000,1000,1000,0,0,208,433,1.3
69,Mstar-1sigma_fgas-4sigma,13.75,13.875,ok,True,0.0783,1000,1000,1000,0,0,266,565,1.4
69,Mstar-1sigma_fgas-4sigma,13.875,14.0,ok,True,0.0711,1000,1000,1000,0,0,360,774,1.4
69,Mstar-1sigma_fgas-4sigma,14.0,14.125,ok,True,0.0645,1000,1000,1000,0,0,476,1033,1.5
69,Mstar-1sigma_fgas-4sigma,14.125,14.25,ok,True,0.0585,1000,1000,1000,0,0,632,1368,1.5
69,Mstar-1sigma_fgas-4sigma,14.25,14.375,ok,True,0.0533,607,607,607,0,0,842,1843,1.2
69,Mstar-1sigma_fgas-4sigma,14.375,14.5,ok,True,0.0488,376,376,376,0,0,1118,2458,1.0
69,Mstar-1sigma_fgas-4sigma,14.5,14.625,ok,True,0.0441,176,176,176,0,0,1408,3051,0.6
69,Mstar-1sigma_fgas-4sigma,14.625,14.75,ok,True,0.0399,101,101,101,0,0,1922,4287,0.5
69,Mstar-1sigma_fgas-4sigma,14.75,14.875,ok,True,0.0364,36,36,36,0,0,2640,5886,0.3
69,Mstar-1sigma_fgas-4sigma,14.875,15.0,ok,True,0.0335,16,16,16,0,0,3108,6832,0.2
71,Mstar-1sigma_fgas-4sigma,10.0,10.125,ok,False,1.2902,28,8,25,92,55,0,3,0.3
71,Mstar-1sigma_fgas-4sigma,10.125,10.25,ok,False,1.1787,23,9,14,91,77,0,1,0.2
71,Mstar-1sigma_fgas-4sigma,10.25,10.375,ok,False,1.1138,368,131,297,21,5,0,2,0.9
71,Mstar-1sigma_fgas-4sigma,10.375,10.5,ok,False,1.0067,1000,402,820,2,2,0,2,1.2
71,Mstar-1sigma_fgas-4sigma,10.5,10.625,ok,False,0.8980,1000,389,804,7,1,0,2,1.1
71,Mstar-1sigma_fgas-4sigma,10.625,10.75,ok,False,0.8159,1000,442,793,5,1,0,2,1.2
71,Mstar-1sigma_fgas-4sigma,10.75,10.875,ok,False,0.7421,1000,428,812,5,0,0,2,1.1
71,Mstar-1sigma_fgas-4sigma,10.875,11.0,ok,False,0.6715,1000,479,800,3,0,0,2,1.1
71,Mstar-1sigma_fgas-4sigma,11.0,11.125,ok,False,0.6101,1000,492,800,1,1,0,2,1.1
71,Mstar-1sigma_fgas-4sigma,11.125,11.25,ok,False,0.5539,1000,524,816,2,0,1,2,1.1
71,Mstar-1sigma_fgas-4sigma,11.25,11.375,ok,False,0.5110,1000,550,896,2,1,1,2,1.1
71,Mstar-1sigma_fgas-4sigma,11.375,11.5,ok,False,0.4662,1000,654,989,0,0,1,3,1.2
71,Mstar-1sigma_fgas-4sigma,11.5,11.625,ok,False,0.4221,1000,747,1000,0,0,1,4,1.2
71,Mstar-1sigma_fgas-4sigma,11.625,11.75,ok,False,0.3830,1000,847,1000,0,0,2,4,1.2
71,Mstar-1sigma_fgas-4sigma,11.75,11.875,ok,False,0.3485,1000,918,1000,0,0,3,6,1.1
71,Mstar-1sigma_fgas-4sigma,11.875,12.0,ok,False,0.3165,1000,970,1000,0,0,3,8,1.1
71,Mstar-1sigma_fgas-4sigma,12.0,12.125,ok,True,0.2880,1000,988,1000,0,0,4,9,1.1
71,Mstar-1sigma_fgas-4sigma,12.125,12.25,ok,True,0.2616,1000,995,1000,0,0,6,13,1.2
71,Mstar-1sigma_fgas-4sigma,12.25,12.375,ok,True,0.2375,1000,999,1000,0,0,8,16,1.2
71,Mstar-1sigma_fgas-4sigma,12.375,12.5,ok,True,0.2159,1000,1000,1000,0,0,11,20,1.1
71,Mstar-1sigma_fgas-4sigma,12.5,12.625,ok,True,0.1962,1000,1000,1000,0,0,14,26,1.1
71,Mstar-1sigma_fgas-4sigma,12.625,12.75,ok,True,0.1781,1000,1000,1000,0,0,19,35,1.2
71,Mstar-1sigma_fgas-4sigma,12.75,12.875,ok,True,0.1620,1000,1000,1000,0,0,26,48,1.2
71,Mstar-1sigma_fgas-4sigma,12.875,13.0,ok,True,0.1469,1000,1000,1000,0,0,35,64,1.2
71,Mstar-1sigma_fgas-4sigma,13.0,13.125,ok,True,0.1334,1000,1000,1000,0,0,47,88,1.2
71,Mstar-1sigma_fgas-4sigma,13.125,13.25,ok,True,0.1216,1000,1000,1000,0,0,60,119,1.2
71,Mstar-1sigma_fgas-4sigma,13.25,13.375,ok,True,0.1103,1000,1000,1000,0,0,82,161,1.2
71,Mstar-1sigma_fgas-4sigma,13.375,13.5,ok,True,0.1002,1000,1000,1000,0,0,111,221,1.2
71,Mstar-1sigma_fgas-4sigma,13.5,13.625,ok,True,0.0911,1000,1000,1000,0,0,144,298,1.3
71,Mstar-1sigma_fgas-4sigma,13.625,13.75,ok,True,0.0828,1000,1000,1000,0,0,195,411,1.3
71,Mstar-1sigma_fgas-4sigma,13.75,13.875,ok,True,0.0752,1000,1000,1000,0,0,263,559,1.3
71,Mstar-1sigma_fgas-4sigma,13.875,14.0,ok,True,0.0685,1000,1000,1000,0,0,346,739,1.4
71,Mstar-1sigma_fgas-4sigma,14.0,14.125,ok,True,0.0620,1000,1000,1000,0,0,461,996,1.4
71,Mstar-1sigma_fgas-4sigma,14.125,14.25,ok,True,0.0565,1000,1000,1000,0,0,608,1332,1.5
71,Mstar-1sigma_fgas-4sigma,14.25,14.375,ok,True,0.0513,701,701,701,0,0,815,1777,1.3
71,Mstar-1sigma_fgas-4sigma,14.375,14.5,ok,True,0.0468,437,437,437,0,0,1086,2381,1.0
71,Mstar-1sigma_fgas-4sigma,14.5,14.625,ok,True,0.0425,217,217,217,0,0,1408,3073,0.7
71,Mstar-1sigma_fgas-4sigma,14.625,14.75,ok,True,0.0386,115,115,115,0,0,1853,4000,0.5
71,Mstar-1sigma_fgas-4sigma,14.75,14.875,ok,True,0.0346,52,52,52,0,0,2636,5850,0.3
71,Mstar-1sigma_fgas-4sigma,14.875,15.0,ok,True,0.0319,20,20,20,0,0,3178,7274,0.2
73,Mstar-1sigma_fgas-4sigma,10.0,10.125,ok,False,1.2592,17,4,15,96,74,0,2,0.2
73,Mstar-1sigma_fgas-4sigma,10.125,10.25,ok,False,1.1263,28,8,20,91,74,0,2,0.2
73,Mstar-1sigma_fgas-4sigma,10.25,10.375,ok,False,1.0714,292,97,241,36,7,0,2,0.7
73,Mstar-1sigma_fgas-4sigma,10.375,10.5,ok,False,0.9711,809,290,633,7,1,0,1,1.1
73,Mstar-1sigma_fgas-4sigma,10.5,10.625,ok,False,0.8660,1000,371,798,5,0,0,2,1.1
73,Mstar-1sigma_fgas-4sigma,10.625,10.75,ok,False,0.7859,1000,429,810,6,0,0,2,1.1
73,Mstar-1sigma_fgas-4sigma,10.75,10.875,ok,False,0.7147,1000,432,766,6,1,0,1,1.1
73,Mstar-1sigma_fgas-4sigma,10.875,11.0,ok,False,0.6463,1000,453,784,3,0,0,1,1.1
73,Mstar-1sigma_fgas-4sigma,11.0,11.125,ok,False,0.5867,1000,460,774,4,1,0,1,1.1
73,Mstar-1sigma_fgas-4sigma,11.125,11.25,ok,False,0.5357,1000,501,791,1,0,1,1,1.1
73,Mstar-1sigma_fgas-4sigma,11.25,11.375,ok,False,0.4924,1000,561,872,1,0,1,2,1.1
73,Mstar-1sigma_fgas-4sigma,11.375,11.5,ok,False,0.4483,1000,616,984,0,0,1,3,1.1
73,Mstar-1sigma_fgas-4sigma,11.5,11.625,ok,False,0.4078,1000,725,1000,0,0,1,3,1.1
73,Mstar-1sigma_fgas-4sigma,11.625,11.75,ok,False,0.3696,1000,814,1000,0,0,2,4,1.1
73,Mstar-1sigma_fgas-4sigma,11.75,11.875,ok,False,0.3361,1000,907,1000,0,0,2,5,1.1
73,Mstar-1sigma_fgas-4sigma,11.875,12.0,ok,False,0.3059,1000,958,1000,0,0,3,7,1.1
73,Mstar-1sigma_fgas-4sigma,12.0,12.125,ok,True,0.2779,1000,990,1000,0,0,4,9,1.1
73,Mstar-1sigma_fgas-4sigma,12.125,12.25,ok,True,0.2515,1000,995,1000,0,0,6,11,1.1
73,Mstar-1sigma_fgas-4sigma,12.25,12.375,ok,True,0.2285,1000,1000,1000,0,0,8,15,1.1
73,Mstar-1sigma_fgas-4sigma,12.375,12.5,ok,True,0.2085,1000,1000,1000,0,0,10,20,1.1
73,Mstar-1sigma_fgas-4sigma,12.5,12.625,ok,True,0.1896,1000,1000,1000,0,0,14,25,1.1
73,Mstar-1sigma_fgas-4sigma,12.625,12.75,ok,True,0.1717,1000,1000,1000,0,0,18,33,1.2
73,Mstar-1sigma_fgas-4sigma,12.75,12.875,ok,True,0.1560,1000,1000,1000,0,0,26,45,1.1
73,Mstar-1sigma_fgas-4sigma,12.875,13.0,ok,True,0.1416,1000,1000,1000,0,0,34,61,1.2
73,Mstar-1sigma_fgas-4sigma,13.0,13.125,ok,True,0.1288,1000,1000,1000,0,0,43,82,1.2
73,Mstar-1sigma_fgas-4sigma,13.125,13.25,ok,True,0.1171,1000,1000,1000,0,0,57,110,1.1
73,Mstar-1sigma_fgas-4sigma,13.25,13.375,ok,True,0.1064,1000,1000,1000,0,0,77,152,1.2
73,Mstar-1sigma_fgas-4sigma,13.375,13.5,ok,True,0.0968,1000,1000,1000,0,0,103,208,1.2
73,Mstar-1sigma_fgas-4sigma,13.5,13.625,ok,True,0.0879,1000,1000,1000,0,0,140,285,1.2
73,Mstar-1sigma_fgas-4sigma,13.625,13.75,ok,True,0.0797,1000,1000,1000,0,0,184,383,1.3
73,Mstar-1sigma_fgas-4sigma,13.75,13.875,ok,True,0.0724,1000,1000,1000,0,0,250,523,1.3
73,Mstar-1sigma_fgas-4sigma,13.875,14.0,ok,True,0.0658,1000,1000,1000,0,0,342,732,1.3
73,Mstar-1sigma_fgas-4sigma,14.0,14.125,ok,True,0.0597,1000,1000,1000,0,0,448,971,1.4
73,Mstar-1sigma_fgas-4sigma,14.125,14.25,ok,True,0.0544,1000,1000,1000,0,0,597,1289,1.5
73,Mstar-1sigma_fgas-4sigma,14.25,14.375,ok,True,0.0496,773,773,773,0,0,773,1700,1.4
73,Mstar-1sigma_fgas-4sigma,14.375,14.5,ok,True,0.0449,481,481,481,0,0,1058,2334,1.1
73,Mstar-1sigma_fgas-4sigma,14.5,14.625,ok,True,0.0410,262,262,262,0,0,1370,3024,0.8
73,Mstar-1sigma_fgas-4sigma,14.625,14.75,ok,True,0.0370,126,126,126,0,0,1780,3940,0.5
73,Mstar-1sigma_fgas-4sigma,14.75,14.875,ok,True,0.0339,60,60,60,0,0,2553,5667,0.3
73,Mstar-1sigma_fgas-4sigma,14.875,15.0,ok,True,0.0307,19,19,19,0,0,3006,6866,0.2
75,Mstar-1sigma_fgas-4sigma,10.0,10.125,ok,False,1.2303,21,5,15,95,84,0,2,0.2
75,Mstar-1sigma_fgas-4sigma,10.125,10.25,ok,False,1.0882,22,5,19,93,72,0,2,0.2
75,Mstar-1sigma_fgas-4sigma,10.25,10.375,ok,False,1.0356,236,73,162,49,14,0,1,0.6
75,Mstar-1sigma_fgas-4sigma,10.375,10.5,ok,False,0.9356,675,226,504,15,3,0,1,1.0
75,Mstar-1sigma_fgas-4sigma,10.5,10.625,ok,False,0.8352,1000,362,752,6,0,0,1,1.1
75,Mstar-1sigma_fgas-4sigma,10.625,10.75,ok,False,0.7598,1000,406,770,6,0,0,1,1.1
75,Mstar-1sigma_fgas-4sigma,10.75,10.875,ok,False,0.6913,1000,411,771,11,1,0,1,1.1
75,Mstar-1sigma_fgas-4sigma,10.875,11.0,ok,False,0.6233,1000,442,745,5,0,0,1,1.1
75,Mstar-1sigma_fgas-4sigma,11.0,11.125,ok,False,0.5669,1000,445,783,0,0,0,1,1.1
75,Mstar-1sigma_fgas-4sigma,11.125,11.25,ok,False,0.5157,1000,463,776,4,0,0,1,1.0
75,Mstar-1sigma_fgas-4sigma,11.25,11.375,ok,False,0.4747,1000,497,862,1,0,0,2,1.1
75,Mstar-1sigma_fgas-4sigma,11.375,11.5,ok,False,0.4324,1000,612,979,1,0,1,3,1.1
75,Mstar-1sigma_fgas-4sigma,11.5,11.625,ok,False,0.3927,1000,722,999,0,0,1,3,1.1
75,Mstar-1sigma_fgas-4sigma,11.625,11.75,ok,False,0.3567,1000,809,1000,0,0,2,4,1.2
75,Mstar-1sigma_fgas-4sigma,11.75,11.875,ok,False,0.3247,1000,889,1000,0,0,2,5,1.2
75,Mstar-1sigma_fgas-4sigma,11.875,12.0,ok,True,0.2952,1000,947,1000,0,0,3,6,1.1
75,Mstar-1sigma_fgas-4sigma,12.0,12.125,ok,True,0.2677,1000,986,1000,0,0,4,8,1.0
75,Mstar-1sigma_fgas-4sigma,12.125,12.25,ok,True,0.2432,1000,995,1000,0,0,5,10,1.1
75,Mstar-1sigma_fgas-4sigma,12.25,12.375,ok,True,0.2214,1000,996,1000,0,0,7,14,1.1
75,Mstar-1sigma_fgas-4sigma,12.375,12.5,ok,True,0.2010,1000,1000,1000,0,0,10,17,1.1
75,Mstar-1sigma_fgas-4sigma,12.5,12.625,ok,True,0.1827,1000,1000,1000,0,0,13,23,1.1
75,Mstar-1sigma_fgas-4sigma,12.625,12.75,ok,True,0.1661,1000,1000,1000,0,0,18,31,1.1
75,Mstar-1sigma_fgas-4sigma,12.75,12.875,ok,True,0.1502,1000,1000,1000,0,0,24,42,1.1
75,Mstar-1sigma_fgas-4sigma,12.875,13.0,ok,True,0.1369,1000,1000,1000,0,0,31,56,1.1
75,Mstar-1sigma_fgas-4sigma,13.0,13.125,ok,True,0.1239,1000,1000,1000,0,0,43,77,1.1
75,Mstar-1sigma_fgas-4sigma,13.125,13.25,ok,True,0.1129,1000,1000,1000,0,0,56,104,1.1
75,Mstar-1sigma_fgas-4sigma,13.25,13.375,ok,True,0.1026,1000,1000,1000,0,0,75,145,1.1
75,Mstar-1sigma_fgas-4sigma,13.375,13.5,ok,True,0.0932,1000,1000,1000,0,0,101,201,1.1
75,Mstar-1sigma_fgas-4sigma,13.5,13.625,ok,True,0.0846,1000,1000,1000,0,0,135,275,1.2
75,Mstar-1sigma_fgas-4sigma,13.625,13.75,ok,True,0.0770,1000,1000,1000,0,0,180,371,1.2
75,Mstar-1sigma_fgas-4sigma,13.75,13.875,ok,True,0.0700,1000,1000,1000,0,0,243,508,1.2
75,Mstar-1sigma_fgas-4sigma,13.875,14.0,ok,True,0.0636,1000,1000,1000,0,0,320,682,1.3
75,Mstar-1sigma_fgas-4sigma,14.0,14.125,ok,True,0.0577,1000,1000,1000,0,0,434,936,1.3
75,Mstar-1sigma_fgas-4sigma,14.125,14.25,ok,True,0.0525,1000,1000,1000,0,0,574,1243,1.4
75,Mstar-1sigma_fgas-4sigma,14.25,14.375,ok,True,0.0478,788,788,788,0,0,772,1694,1.3
75,Mstar-1sigma_fgas-4sigma,14.375,14.5,ok,True,0.0433,526,526,526,0,0,1022,2238,1.1
75,Mstar-1sigma_fgas-4sigma,14.5,14.625,ok,True,0.0394,306,306,306,0,0,1317,2970,0.8
75,Mstar-1sigma_fgas-4sigma,14.625,14.75,ok,True,0.0359,124,124,124,0,0,1824,4028,0.5
75,Mstar-1sigma_fgas-4sigma,14.75,14.875,ok,True,0.0328,74,74,74,0,0,2367,5224,0.4
75,Mstar-1sigma_fgas-4sigma,14.875,15.0,ok,True,0.0297,28,28,28,0,0,3120,7014,0.2
77,Mstar-1sigma_fgas-4sigma,10.0,10.125,ok,False,1.1762,153,35,118,65,21,0,1,0.6
77,Mstar-1sigma_fgas-4sigma,10.125,10.25,ok,False,1.0552,530,138,406,34,4,0,1,1.0
77,Mstar-1sigma_fgas-4sigma,10.25,10.375,ok,False,1.0020,1000,291,731,9,1,0,1,1.2
77,Mstar-1sigma_fgas-4sigma,10.375,10.5,ok,False,0.9049,1000,315,784,11,0,0,1,1.2
77,Mstar-1sigma_fgas-4sigma,10.5,10.625,ok,False,0.8107,1000,335,771,11,1,0,1,1.2
77,Mstar-1sigma_fgas-4sigma,10.625,10.75,ok,False,0.7388,1000,399,782,8,0,0,1,1.2
77,Mstar-1sigma_fgas-4sigma,10.75,10.875,ok,False,0.6690,1000,446,788,6,0,0,1,1.2
77,Mstar-1sigma_fgas-4sigma,10.875,11.0,ok,False,0.6080,1000,466,786,6,0,0,2,1.2
77,Mstar-1sigma_fgas-4sigma,11.0,11.125,ok,False,0.5510,1000,497,774,3,0,0,1,1.2
77,Mstar-1sigma_fgas-4sigma,11.125,11.25,ok,False,0.5010,1000,506,788,5,0,1,2,1.2
77,Mstar-1sigma_fgas-4sigma,11.25,11.375,ok,False,0.4596,1000,535,894,1,1,1,2,1.2
77,Mstar-1sigma_fgas-4sigma,11.375,11.5,ok,False,0.4184,1000,620,985,0,0,1,3,1.2
77,Mstar-1sigma_fgas-4sigma,11.5,11.625,ok,False,0.3809,1000,716,999,0,0,1,3,1.2
77,Mstar-1sigma_fgas-4sigma,11.625,11.75,ok,False,0.3454,1000,843,1000,0,0,2,4,1.3
77,Mstar-1sigma_fgas-4sigma,11.75,11.875,ok,False,0.3147,1000,887,1000,0,0,2,5,1.2
77,Mstar-1sigma_fgas-4sigma,11.875,12.0,ok,True,0.2851,1000,956,1000,0,0,3,6,1.2
77,Mstar-1sigma_fgas-4sigma,12.0,12.125,ok,True,0.2591,1000,979,1000,0,0,4,8,1.2
77,Mstar-1sigma_fgas-4sigma,12.125,12.25,ok,True,0.2363,1000,991,1000,0,0,5,11,1.2
77,Mstar-1sigma_fgas-4sigma,12.25,12.375,ok,True,0.2138,1000,997,1000,0,0,7,13,1.2
77,Mstar-1sigma_fgas-4sigma,12.375,12.5,ok,True,0.1949,1000,1000,1000,0,0,10,18,1.2
77,Mstar-1sigma_fgas-4sigma,12.5,12.625,ok,True,0.1766,1000,1000,1000,0,0,13,22,1.2
77,Mstar-1sigma_fgas-4sigma,12.625,12.75,ok,True,0.1606,1000,1000,1000,0,0,18,30,1.2
77,Mstar-1sigma_fgas-4sigma,12.75,12.875,ok,True,0.1463,1000,1000,1000,0,0,24,40,1.3
77,Mstar-1sigma_fgas-4sigma,12.875,13.0,ok,True,0.1327,1000,1000,1000,0,0,31,55,1.3
77,Mstar-1sigma_fgas-4sigma,13.0,13.125,ok,True,0.1203,1000,1000,1000,0,0,42,76,1.3
77,Mstar-1sigma_fgas-4sigma,13.125,13.25,ok,True,0.1095,1000,1000,1000,0,0,56,104,1.3
77,Mstar-1sigma_fgas-4sigma,13.25,13.375,ok,True,0.0996,1000,1000,1000,0,0,74,139,1.3
77,Mstar-1sigma_fgas-4sigma,13.375,13.5,ok,True,0.0904,1000,1000,1000,0,0,101,192,1.3
77,Mstar-1sigma_fgas-4sigma,13.5,13.625,ok,True,0.0821,1000,1000,1000,0,0,133,267,1.3
77,Mstar-1sigma_fgas-4sigma,13.625,13.75,ok,True,0.0746,1000,1000,1000,0,0,175,356,1.3
77,Mstar-1sigma_fgas-4sigma,13.75,13.875,ok,True,0.0678,1000,1000,1000,0,0,238,492,1.3
77,Mstar-1sigma_fgas-4sigma,13.875,14.0,ok,True,0.0616,1000,1000,1000,0,0,317,672,1.4
77,Mstar-1sigma_fgas-4sigma,14.0,14.125,ok,True,0.0559,1000,1000,1000,0,0,421,914,1.5
77,Mstar-1sigma_fgas-4sigma,14.125,14.25,ok,True,0.0508,1000,1000,1000,0,0,560,1216,1.5
77,Mstar-1sigma_fgas-4sigma,14.25,14.375,ok,True,0.0464,1000,1000,1000,0,0,753,1658,1.7
77,Mstar-1sigma_fgas-4sigma,14.375,14.5,ok,True,0.0420,1000,1000,1000,0,0,1011,2234,1.7
77,Mstar-1sigma_fgas-4sigma,14.5,14.625,ok,True,0.0382,647,647,647,0,0,1310,2891,1.4
77,Mstar-1sigma_fgas-4sigma,14.625,14.75,ok,True,0.0348,370,370,370,0,0,1736,3861,1.1
77,Mstar-1sigma_fgas-4sigma,14.75,14.875,ok,True,0.0315,191,191,191,0,0,2316,5229,0.7
77,Mstar-1sigma_fgas-4sigma,14.875,15.0,ok,True,0.0286,102,102,102,0,0,3154,7187,0.5
9,Jet,10.0,10.125,ok,False,3.1016,259,97,243,61,4,0,3,0.2
9,Jet,10.125,10.25,ok,False,2.8192,108,39,99,73,19,0,3,0.1
9,Jet,10.25,10.375,ok,False,2.6591,764,309,694,14,0,0,3,0.2
9,Jet,10.375,10.5,ok,False,2.4069,1000,440,899,4,0,0,3,0.2
9,Jet,10.5,10.625,ok,False,2.1416,1000,448,917,2,0,0,2,0.2
9,Jet,10.625,10.75,ok,False,1.9455,1000,525,931,1,0,1,3,0.2
9,Jet,10.75,10.875,ok,False,1.7805,1000,558,921,0,0,1,3,0.2
9,Jet,10.875,11.0,ok,False,1.6081,1000,585,930,1,0,1,3,0.2
9,Jet,11.0,11.125,ok,False,1.4591,1000,633,943,0,0,1,3,0.2
9,Jet,11.125,11.25,ok,False,1.3296,1000,710,959,2,0,1,3,0.2
9,Jet,11.25,11.375,ok,False,1.2154,1000,731,973,2,0,1,4,0.2
9,Jet,11.375,11.5,ok,False,1.1126,1000,811,995,0,0,2,5,0.2
9,Jet,11.5,11.625,ok,False,1.0115,1000,917,1000,0,0,2,6,0.2
9,Jet,11.625,11.75,ok,False,0.9171,1000,959,1000,0,0,3,8,0.2
9,Jet,11.75,11.875,ok,False,0.8349,1000,976,1000,0,0,4,10,0.2
9,Jet,11.875,12.0,ok,False,0.7599,1000,995,1000,0,0,5,13,0.2
9,Jet,12.0,12.125,ok,False,0.6899,1000,999,1000,0,0,7,17,0.3
9,Jet,12.125,12.25,ok,False,0.6265,1000,1000,1000,0,0,9,23,0.3
9,Jet,12.25,12.375,ok,False,0.5702,1000,1000,1000,0,0,12,29,0.2
9,Jet,12.375,12.5,ok,False,0.5175,1000,1000,1000,0,0,16,39,0.3
9,Jet,12.5,12.625,ok,False,0.4723,464,464,464,0,0,21,50,0.2
9,Jet,12.625,12.75,ok,False,0.4280,170,170,170,0,0,28,66,0.1
9,Jet,12.75,12.875,ok,False,0.3917,67,67,67,0,0,38,85,0.1
9,Jet,12.875,13.0,ok,False,0.3562,21,21,21,3,0,49,107,0.0
9,Jet,13.0,13.125,ok,False,0.3196,2,2,2,33,16,84,170,0.0
9,Jet,13.125,13.25,ok,False,0.2962,1,1,1,49,32,104,188,0.0
9,Jet,13.25,13.375,ok,False,0.2570,2,2,2,24,5,110,272,0.0
9,Jet,13.375,13.5,no_halos,False,nan,0,0,0,0,0,0,0,0.0
9,Jet,13.5,13.625,no_halos,False,nan,0,0,0,0,0,0,0,0.0
9,Jet,13.625,13.75,no_halos,False,nan,0,0,0,0,0,0,0,0.0
9,Jet,13.75,13.875,no_halos,False,nan,0,0,0,0,0,0,0,0.0
9,Jet,13.875,14.0,no_halos,False,nan,0,0,0,0,0,0,0,0.0
9,Jet,14.0,14.125,no_halos,False,nan,0,0,0,0,0,0,0,0.0
9,Jet,14.125,14.25,no_halos,False,nan,0,0,0,0,0,0,0,0.0
9,Jet,14.25,14.375,no_halos,False,nan,0,0,0,0,0,0,0,0.0
9,Jet,14.375,14.5,no_halos,False,nan,0,0,0,0,0,0,0,0.0
9,Jet,14.5,14.625,no_halos,False,nan,0,0,0,0,0,0,0,0.0
9,Jet,14.625,14.75,no_halos,False,nan,0,0,0,0,0,0,0,0.0
9,Jet,14.75,14.875,no_halos,False,nan,0,0,0,0,0,0,0,0.0
9,Jet,14.875,15.0,no_halos,False,nan,0,0,0,0,0,0,0,0.0
13,Jet,10.0,10.125,ok,False,3.1174,632,221,586,28,0,0,3,0.4
13,Jet,10.125,10.25,ok,False,2.8499,286,110,265,44,0,0,3,0.3
13,Jet,10.25,10.375,ok,False,2.6669,1000,434,942,6,0,0,3,0.4
13,Jet,10.375,10.5,ok,False,2.4100,1000,446,940,1,0,0,3,0.4
13,Jet,10.5,10.625,ok,False,2.1442,1000,504,926,3,0,1,3,0.4
13,Jet,10.625,10.75,ok,False,1.9496,1000,525,924,1,0,1,3,0.4
13,Jet,10.75,10.875,ok,False,1.7753,1000,587,932,0,0,1,3,0.4
13,Jet,10.875,11.0,ok,False,1.6138,1000,614,927,0,0,1,3,0.4
13,Jet,11.0,11.125,ok,False,1.4661,1000,656,957,0,0,1,3,0.4
13,Jet,11.125,11.25,ok,False,1.3354,1000,701,958,0,0,1,3,0.4
13,Jet,11.25,11.375,ok,False,1.2179,1000,754,968,1,0,1,4,0.4
13,Jet,11.375,11.5,ok,False,1.1166,1000,832,998,0,0,2,5,0.4
13,Jet,11.5,11.625,ok,False,1.0093,1000,899,1000,0,0,2,6,0.4
13,Jet,11.625,11.75,ok,False,0.9194,1000,950,1000,0,0,3,8,0.4
13,Jet,11.75,11.875,ok,False,0.8357,1000,979,1000,0,0,4,10,0.5
13,Jet,11.875,12.0,ok,False,0.7612,1000,995,1000,0,0,5,13,0.4
13,Jet,12.0,12.125,ok,False,0.6930,1000,996,1000,0,0,7,17,0.4
13,Jet,12.125,12.25,ok,False,0.6273,1000,1000,1000,0,0,9,22,0.4
13,Jet,12.25,12.375,ok,False,0.5673,1000,1000,1000,0,0,12,29,0.4
13,Jet,12.375,12.5,ok,False,0.5202,1000,1000,1000,0,0,16,38,0.4
13,Jet,12.5,12.625,ok,False,0.4703,1000,1000,1000,0,0,22,50,0.5
13,Jet,12.625,12.75,ok,False,0.4288,1000,1000,1000,0,0,28,64,0.5
13,Jet,12.75,12.875,ok,False,0.3897,857,857,857,0,0,38,86,0.4
13,Jet,12.875,13.0,ok,False,0.3535,360,360,360,0,0,50,112,0.3
13,Jet,13.0,13.125,ok,False,0.3221,125,125,125,0,0,64,141,0.2
13,Jet,13.125,13.25,ok,True,0.2958,55,55,55,0,0,83,194,0.1
13,Jet,13.25,13.375,ok,True,0.2625,15,15,15,0,0,118,257,0.1
13,Jet,13.375,13.5,ok,False,0.2448,3,3,3,13,1,149,344,0.0
13,Jet,13.5,13.625,ok,False,0.2234,2,2,2,15,4,183,350,0.0
13,Jet,13.625,13.75,no_halos,False,nan,0,0,0,0,0,0,0,0.0
13,Jet,13.75,13.875,no_halos,False,nan,0,0,0,0,0,0,0,0.0
13,Jet,13.875,14.0,no_halos,False,nan,0,0,0,0,0,0,0,0.0
13,Jet,14.0,14.125,no_halos,False,nan,0,0,0,0,0,0,0,0.0
13,Jet,14.125,14.25,no_halos,False,nan,0,0,0,0,0,0,0,0.0
13,Jet,14.25,14.375,no_halos,False,nan,0,0,0,0,0,0,0,0.0
13,Jet,14.375,14.5,no_halos,False,nan,0,0,0,0,0,0,0,0.0
13,Jet,14.5,14.625,no_halos,False,nan,0,0,0,0,0,0,0,0.0
13,Jet,14.625,14.75,no_halos,False,nan,0,0,0,0,0,0,0,0.0
13,Jet,14.75,14.875,no_halos,False,nan,0,0,0,0,0,0,0,0.0
13,Jet,14.875,15.0,no_halos,False,nan,0,0,0,0,0,0,0,0.0
17,Jet,10.0,10.125,ok,False,3.1335,1000,397,952,11,0,0,3,0.8
17,Jet,10.125,10.25,ok,False,2.8455,485,198,463,28,0,0,3,0.6
17,Jet,10.25,10.375,ok,False,2.6786,1000,422,940,4,0,0,3,0.7
17,Jet,10.375,10.5,ok,False,2.4261,1000,459,943,4,0,0,3,0.7
17,Jet,10.5,10.625,ok,False,2.1568,1000,536,943,0,0,1,3,0.7
17,Jet,10.625,10.75,ok,False,1.9601,1000,517,939,1,0,1,3,0.7
17,Jet,10.75,10.875,ok,False,1.7857,1000,562,954,0,0,1,3,0.7
17,Jet,10.875,11.0,ok,False,1.6167,1000,635,953,0,0,1,3,0.7
17,Jet,11.0,11.125,ok,False,1.4732,1000,657,944,1,0,1,3,0.7
17,Jet,11.125,11.25,ok,False,1.3413,1000,698,962,0,0,1,3,0.7
17,Jet,11.25,11.375,ok,False,1.2261,1000,733,970,2,0,1,4,0.7
17,Jet,11.375,11.5,ok,False,1.1180,1000,790,996,1,0,1,5,0.8
17,Jet,11.5,11.625,ok,False,1.0172,1000,891,1000,0,0,2,6,0.7
17,Jet,11.625,11.75,ok,False,0.9236,1000,938,1000,0,0,3,8,0.7
17,Jet,11.75,11.875,ok,False,0.8380,1000,973,1000,0,0,4,10,0.7
17,Jet,11.875,12.0,ok,False,0.7599,1000,991,1000,0,0,5,13,0.7
17,Jet,12.0,12.125,ok,False,0.6941,1000,995,1000,0,0,7,16,0.7
17,Jet,12.125,12.25,ok,False,0.6308,1000,1000,1000,0,0,9,21,0.8
17,Jet,12.25,12.375,ok,False,0.5716,1000,1000,1000,0,0,12,28,0.7
17,Jet,12.375,12.5,ok,False,0.5202,1000,1000,1000,0,0,16,37,0.7
17,Jet,12.5,12.625,ok,False,0.4738,1000,1000,1000,0,0,21,49,0.8
17,Jet,12.625,12.75,ok,False,0.4292,1000,1000,1000,0,0,28,66,0.8
17,Jet,12.75,12.875,ok,False,0.3910,1000,1000,1000,0,0,36,83,0.8
17,Jet,12.875,13.0,ok,False,0.3546,1000,1000,1000,0,0,49,110,0.8
17,Jet,13.0,13.125,ok,False,0.3230,1000,1000,1000,0,0,64,146,0.8
17,Jet,13.125,13.25,ok,True,0.2939,789,789,789,0,0,84,189,0.7
17,Jet,13.25,13.375,ok,True,0.2668,297,297,297,0,0,112,249,0.5
17,Jet,13.375,13.5,ok,True,0.2432,158,158,158,0,0,147,324,0.3
17,Jet,13.5,13.625,ok,True,0.2208,46,46,46,0,0,189,420,0.2
17,Jet,13.625,13.75,ok,True,0.1996,13,13,13,0,0,268,609,0.1
17,Jet,13.75,13.875,ok,False,0.1814,2,2,2,3,0,330,694,0.1
17,Jet,13.875,14.0,no_halos,False,nan,0,0,0,0,0,0,0,0.1
17,Jet,14.0,14.125,no_halos,False,nan,0,0,0,0,0,0,0,0.1
17,Jet,14.125,14.25,no_halos,False,nan,0,0,0,0,0,0,0,0.1
17,Jet,14.25,14.375,no_halos,False,nan,0,0,0,0,0,0,0,0.1
17,Jet,14.375,14.5,no_halos,False,nan,0,0,0,0,0,0,0,0.1
17,Jet,14.5,14.625,no_halos,False,nan,0,0,0,0,0,0,0,0.1
17,Jet,14.625,14.75,no_halos,False,nan,0,0,0,0,0,0,0,0.1
17,Jet,14.75,14.875,no_halos,False,nan,0,0,0,0,0,0,0,0.1
17,Jet,14.875,15.0,no_halos,False,nan,0,0,0,0,0,0,0,0.1
37,Jet,10.0,10.125,ok,False,2.4362,822,303,760,12,0,0,3,1.1
37,Jet,10.125,10.25,ok,False,2.2095,459,176,430,33,0,0,3,0.8
37,Jet,10.25,10.375,ok,False,2.0846,1000,398,945,2,0,0,3,1.1
37,Jet,10.375,10.5,ok,False,1.8854,1000,467,934,1,0,0,3,1.0
37,Jet,10.5,10.625,ok,False,1.6797,1000,489,934,0,0,0,3,1.1
37,Jet,10.625,10.75,ok,False,1.5260,1000,525,952,0,0,1,3,1.1
37,Jet,10.75,10.875,ok,False,1.3925,1000,552,944,1,0,1,3,1.1
37,Jet,10.875,11.0,ok,False,1.2575,1000,597,945,0,0,1,3,1.1
37,Jet,11.0,11.125,ok,False,1.1445,1000,656,935,0,0,1,3,1.1
37,Jet,11.125,11.25,ok,False,1.0407,1000,704,927,0,0,1,3,1.1
37,Jet,11.25,11.375,ok,False,0.9542,1000,718,958,0,0,1,3,1.1
37,Jet,11.375,11.5,ok,False,0.8701,1000,783,992,0,0,2,4,1.1
37,Jet,11.5,11.625,ok,False,0.7910,1000,874,1000,0,0,2,5,1.1
37,Jet,11.625,11.75,ok,False,0.7184,1000,938,1000,0,0,3,7,1.1
37,Jet,11.75,11.875,ok,False,0.6540,1000,965,1000,0,0,4,9,1.1
37,Jet,11.875,12.0,ok,False,0.5946,1000,988,1000,0,0,5,12,1.1
37,Jet,12.0,12.125,ok,False,0.5388,1000,998,1000,0,0,6,15,1.1
37,Jet,12.125,12.25,ok,False,0.4891,1000,997,1000,0,0,9,21,1.1
37,Jet,12.25,12.375,ok,False,0.4461,1000,1000,1000,0,0,11,26,1.1
37,Jet,12.375,12.5,ok,False,0.4039,1000,1000,1000,0,0,15,35,1.1
37,Jet,12.5,12.625,ok,False,0.3673,1000,1000,1000,0,0,20,46,1.1
37,Jet,12.625,12.75,ok,False,0.3345,1000,1000,1000,0,0,26,58,1.1
37,Jet,12.75,12.875,ok,False,0.3032,1000,1000,1000,0,0,36,80,1.1
37,Jet,12.875,13.0,ok,True,0.2760,1000,1000,1000,0,0,46,103,1.1
37,Jet,13.0,13.125,ok,True,0.2512,1000,1000,1000,0,0,62,137,1.1
37,Jet,13.125,13.25,ok,True,0.2277,1000,1000,1000,0,0,82,183,1.1
37,Jet,13.25,13.375,ok,True,0.2072,1000,1000,1000,0,0,106,237,1.2
37,Jet,13.375,13.5,ok,True,0.1882,1000,1000,1000,0,0,143,316,1.2
37,Jet,13.5,13.625,ok,True,0.1713,924,924,924,0,0,191,415,1.1
37,Jet,13.625,13.75,ok,True,0.1559,440,440,440,0,0,248,542,0.8
37,Jet,13.75,13.875,ok,True,0.1420,218,218,218,0,0,330,708,0.5
37,Jet,13.875,14.0,ok,True,0.1282,76,76,76,0,0,430,925,0.3
37,Jet,14.0,14.125,ok,True,0.1154,31,31,31,0,0,565,1231,0.2
37,Jet,14.125,14.25,ok,True,0.1052,9,9,9,0,0,687,1450,0.1
37,Jet,14.25,14.375,ok,False,0.0962,2,2,2,1,0,922,1859,0.1
37,Jet,14.375,14.5,no_halos,False,nan,0,0,0,0,0,0,0,0.1
37,Jet,14.5,14.625,no_halos,False,nan,0,0,0,0,0,0,0,0.1
37,Jet,14.625,14.75,no_halos,False,nan,0,0,0,0,0,0,0,0.1
37,Jet,14.75,14.875,no_halos,False,nan,0,0,0,0,0,0,0,0.1
37,Jet,14.875,15.0,no_halos,False,nan,0,0,0,0,0,0,0,0.1
47,Jet,10.0,10.125,ok,False,2.0698,463,173,422,23,0,0,3,1.0
47,Jet,10.125,10.25,ok,False,1.8648,263,103,233,40,3,0,2,0.6
47,Jet,10.25,10.375,ok,False,1.7687,1000,427,943,1,0,0,3,1.2
47,Jet,10.375,10.5,ok,False,1.6013,1000,431,953,1,0,0,3,1.2
47,Jet,10.5,10.625,ok,False,1.4253,1000,493,929,0,0,0,3,1.2
47,Jet,10.625,10.75,ok,False,1.2971,1000,517,926,2,0,1,3,1.2
47,Jet,10.75,10.875,ok,False,1.1815,1000,561,932,0,0,1,3,1.2
47,Jet,10.875,11.0,ok,False,1.0690,1000,600,920,0,0,1,3,1.2
47,Jet,11.0,11.125,ok,False,0.9712,1000,625,911,0,0,1,3,1.2
47,Jet,11.125,11.25,ok,False,0.8844,1000,676,914,0,1,1,3,1.2
47,Jet,11.25,11.375,ok,False,0.8112,1000,684,941,0,0,1,3,1.2
47,Jet,11.375,11.5,ok,False,0.7388,1000,795,994,0,0,1,4,1.2
47,Jet,11.5,11.625,ok,False,0.6709,1000,886,1000,0,0,2,6,1.2
47,Jet,11.625,11.75,ok,False,0.6105,1000,924,1000,0,0,3,7,1.2
47,Jet,11.75,11.875,ok,False,0.5548,1000,960,1000,0,0,4,9,1.2
47,Jet,11.875,12.0,ok,False,0.5032,1000,985,1000,0,0,5,12,1.2
47,Jet,12.0,12.125,ok,False,0.4574,1000,993,1000,0,0,6,15,1.2
47,Jet,12.125,12.25,ok,False,0.4157,1000,1000,1000,0,0,8,19,1.2
47,Jet,12.25,12.375,ok,False,0.3778,1000,1000,1000,0,0,11,25,1.2
47,Jet,12.375,12.5,ok,False,0.3433,1000,1000,1000,0,0,15,32,1.2
47,Jet,12.5,12.625,ok,False,0.3118,1000,1000,1000,0,0,19,44,1.2
47,Jet,12.625,12.75,ok,True,0.2833,1000,1000,1000,0,0,26,57,1.2
47,Jet,12.75,12.875,ok,True,0.2578,1000,1000,1000,0,0,33,73,1.2
47,Jet,12.875,13.0,ok,True,0.2342,1000,1000,1000,0,0,45,99,1.3
47,Jet,13.0,13.125,ok,True,0.2127,1000,1000,1000,0,0,60,131,1.2
47,Jet,13.125,13.25,ok,True,0.1933,1000,1000,1000,0,0,79,173,1.3
47,Jet,13.25,13.375,ok,True,0.1756,1000,1000,1000,0,0,104,231,1.3
47,Jet,13.375,13.5,ok,True,0.1598,1000,1000,1000,0,0,138,304,1.3
47,Jet,13.5,13.625,ok,True,0.1446,1000,1000,1000,0,0,188,408,1.3
47,Jet,13.625,13.75,ok,True,0.1319,1000,1000,1000,0,0,241,524,1.4
47,Jet,13.75,13.875,ok,True,0.1202,746,746,746,0,0,320,698,1.2
47,Jet,13.875,14.0,ok,True,0.1092,384,384,384,0,0,420,918,0.8
47,Jet,14.0,14.125,ok,True,0.0987,187,187,187,0,0,550,1204,0.5
47,Jet,14.125,14.25,ok,True,0.0899,78,78,78,0,0,714,1580,0.3
47,Jet,14.25,14.375,ok,True,0.0823,27,27,27,0,0,938,2096,0.2
47,Jet,14.375,14.5,ok,True,0.0731,7,7,7,0,0,1226,2580,0.2
47,Jet,14.5,14.625,ok,False,0.0638,1,1,1,4,3,2038,4659,0.1
47,Jet,14.625,14.75,ok,False,0.0625,1,1,1,3,0,1754,3865,0.1
47,Jet,14.75,14.875,no_halos,False,nan,0,0,0,0,0,0,0,0.1
47,Jet,14.875,15.0,no_halos,False,nan,0,0,0,0,0,0,0,0.1
57,Jet,10.0,10.125,ok,False,1.7199,199,79,177,45,4,0,3,0.7
57,Jet,10.125,10.25,ok,False,1.5436,130,52,120,57,18,0,3,0.5
57,Jet,10.25,10.375,ok,False,1.4684,1000,422,913,3,0,0,3,1.3
57,Jet,10.375,10.5,ok,False,1.3284,1000,446,911,2,0,0,3,1.3
57,Jet,10.5,10.625,ok,False,1.1851,1000,442,904,0,0,0,3,1.2
57,Jet,10.625,10.75,ok,False,1.0771,1000,504,888,0,0,1,3,1.2
57,Jet,10.75,10.875,ok,False,0.9810,1000,539,902,1,0,1,3,1.3
57,Jet,10.875,11.0,ok,False,0.8860,1000,564,899,1,0,1,2,1.2
57,Jet,11.0,11.125,ok,False,0.8079,1000,610,895,2,0,1,3,1.3
57,Jet,11.125,11.25,ok,False,0.7330,1000,633,885,2,1,1,2,1.2
57,Jet,11.25,11.375,ok,False,0.6748,1000,667,927,0,0,1,3,1.3
57,Jet,11.375,11.5,ok,False,0.6152,1000,744,992,0,0,1,4,1.3
57,Jet,11.5,11.625,ok,False,0.5585,1000,844,1000,0,0,2,5,1.3
57,Jet,11.625,11.75,ok,False,0.5064,1000,885,1000,0,0,2,6,1.3
57,Jet,11.75,11.875,ok,False,0.4605,1000,949,1000,0,0,3,8,1.3
57,Jet,11.875,12.0,ok,False,0.4184,1000,979,1000,0,0,4,10,1.3
57,Jet,12.0,12.125,ok,False,0.3799,1000,996,1000,0,0,6,14,1.2
57,Jet,12.125,12.25,ok,False,0.3449,1000,998,1000,0,0,8,18,1.3
57,Jet,12.25,12.375,ok,False,0.3130,1000,1000,1000,0,0,10,23,1.2
57,Jet,12.375,12.5,ok,True,0.2854,1000,1000,1000,0,0,14,31,1.3
57,Jet,12.5,12.625,ok,True,0.2586,1000,1000,1000,0,0,18,40,1.3
57,Jet,12.625,12.75,ok,True,0.2354,1000,1000,1000,0,0,24,52,1.3
57,Jet,12.75,12.875,ok,True,0.2138,1000,1000,1000,0,0,31,68,1.3
57,Jet,12.875,13.0,ok,True,0.1946,1000,1000,1000,0,0,43,92,1.3
57,Jet,13.0,13.125,ok,True,0.1769,1000,1000,1000,0,0,56,122,1.3
57,Jet,13.125,13.25,ok,True,0.1608,1000,1000,1000,0,0,74,165,1.3
57,Jet,13.25,13.375,ok,True,0.1459,1000,1000,1000,0,0,98,214,1.3
57,Jet,13.375,13.5,ok,True,0.1324,1000,1000,1000,0,0,133,289,1.3
57,Jet,13.5,13.625,ok,True,0.1201,1000,1000,1000,0,0,177,379,1.4
57,Jet,13.625,13.75,ok,True,0.1093,1000,1000,1000,0,0,228,500,1.4
57,Jet,13.75,13.875,ok,True,0.0996,1000,1000,1000,0,0,302,651,1.4
57,Jet,13.875,14.0,ok,True,0.0904,1000,1000,1000,0,0,399,871,1.5
57,Jet,14.0,14.125,ok,True,0.0820,641,641,641,0,0,544,1183,1.2
57,Jet,14.125,14.25,ok,True,0.0747,360,360,360,0,0,699,1522,0.9
57,Jet,14.25,14.375,ok,True,0.0682,174,174,174,0,0,928,2004,0.6
57,Jet,14.375,14.5,ok,True,0.0616,71,71,71,0,0,1163,2565,0.4
57,Jet,14.5,14.625,ok,True,0.0562,34,34,34,0,0,1574,3382,0.3
57,Jet,14.625,14.75,ok,True,0.0502,7,7,7,0,0,2294,5013,0.2
57,Jet,14.75,14.875,ok,True,0.0467,3,3,3,0,0,3025,6761,0.2
57,Jet,14.875,15.0,ok,False,0.0438,1,1,1,1,1,3321,7090,0.2
62,Jet,10.0,10.125,ok,False,1.5506,105,37,96,64,19,0,3,0.5
62,Jet,10.125,10.25,ok,False,1.3968,70,16,65,82,29,0,2,0.4
62,Jet,10.25,10.375,ok,False,1.3330,938,361,828,2,0,0,2,1.3
62,Jet,10.375,10.5,ok,False,1.2052,1000,408,878,2,0,0,2,1.2
62,Jet,10.5,10.625,ok,False,1.0731,1000,471,893,1,0,0,2,1.2
62,Jet,10.625,10.75,ok,False,0.9751,1000,458,875,2,0,0,2,1.2
62,Jet,10.75,10.875,ok,False,0.8882,1000,501,892,3,0,1,2,1.3
62,Jet,10.875,11.0,ok,False,0.8011,1000,549,868,3,0,1,2,1.2
62,Jet,11.0,11.125,ok,False,0.7283,1000,567,879,0,0,1,2,1.2
62,Jet,11.125,11.25,ok,False,0.6633,1000,604,860,2,1,1,2,1.2
62,Jet,11.25,11.375,ok,False,0.6089,1000,635,896,0,0,1,3,1.3
62,Jet,11.375,11.5,ok,False,0.5544,1000,725,990,0,0,1,4,1.2
62,Jet,11.5,11.625,ok,False,0.5050,1000,816,1000,0,0,2,4,1.3
62,Jet,11.625,11.75,ok,False,0.4601,1000,891,1000,0,0,2,6,1.3
62,Jet,11.75,11.875,ok,False,0.4173,1000,940,1000,0,0,3,7,1.3
62,Jet,11.875,12.0,ok,False,0.3790,1000,974,1000,0,0,4,10,1.3
62,Jet,12.0,12.125,ok,False,0.3439,1000,994,1000,0,0,5,12,1.3
62,Jet,12.125,12.25,ok,False,0.3128,1000,999,1000,0,0,7,16,1.3
62,Jet,12.25,12.375,ok,True,0.2845,1000,999,1000,0,0,10,21,1.3
62,Jet,12.375,12.5,ok,True,0.2586,1000,1000,1000,0,0,13,28,1.3
62,Jet,12.5,12.625,ok,True,0.2340,1000,1000,1000,0,0,17,36,1.2
62,Jet,12.625,12.75,ok,True,0.2130,1000,1000,1000,0,0,23,48,1.3
62,Jet,12.75,12.875,ok,True,0.1935,1000,1000,1000,0,0,31,66,1.3
62,Jet,12.875,13.0,ok,True,0.1758,1000,1000,1000,0,0,41,88,1.3
62,Jet,13.0,13.125,ok,True,0.1601,1000,1000,1000,0,0,54,116,1.3
62,Jet,13.125,13.25,ok,True,0.1453,1000,1000,1000,0,0,71,155,1.3
62,Jet,13.25,13.375,ok,True,0.1321,1000,1000,1000,0,0,96,206,1.3
62,Jet,13.375,13.5,ok,True,0.1204,1000,1000,1000,0,0,123,270,1.4
62,Jet,13.5,13.625,ok,True,0.1094,1000,1000,1000,0,0,165,358,1.4
62,Jet,13.625,13.75,ok,True,0.0988,1000,1000,1000,0,0,220,475,1.4
62,Jet,13.75,13.875,ok,True,0.0898,1000,1000,1000,0,0,293,626,1.4
62,Jet,13.875,14.0,ok,True,0.0818,1000,1000,1000,0,0,385,836,1.5
62,Jet,14.0,14.125,ok,True,0.0743,984,984,984,0,0,506,1100,1.5
62,Jet,14.125,14.25,ok,True,0.0676,561,561,561,0,0,676,1484,1.2
62,Jet,14.25,14.375,ok,True,0.0614,309,309,309,0,0,878,1909,0.8
62,Jet,14.375,14.5,ok,True,0.0556,150,150,150,0,0,1142,2492,0.5
62,Jet,14.5,14.625,ok,True,0.0505,71,71,71,0,0,1521,3380,0.4
62,Jet,14.625,14.75,ok,True,0.0468,26,26,26,0,0,2030,4486,0.2
62,Jet,14.75,14.875,ok,True,0.0419,12,12,12,0,0,2734,5990,0.2
62,Jet,14.875,15.0,ok,False,0.0380,1,1,1,5,0,4185,9355,0.2
67,Jet,10.0,10.125,ok,False,1.4150,65,15,54,80,50,0,2,0.4
67,Jet,10.125,10.25,ok,False,1.2654,46,12,41,85,51,0,2,0.3
67,Jet,10.25,10.375,ok,False,1.2014,537,197,455,19,0,0,2,1.1
67,Jet,10.375,10.5,ok,False,1.0893,1000,411,860,2,0,0,2,1.2
67,Jet,10.5,10.625,ok,False,0.9701,1000,431,856,2,1,0,2,1.2
67,Jet,10.625,10.75,ok,False,0.8821,1000,422,865,5,0,0,2,1.3
67,Jet,10.75,10.875,ok,False,0.8023,1000,485,853,6,0,0,2,1.2
67,Jet,10.875,11.0,ok,False,0.7251,1000,525,864,2,0,1,2,1.3
67,Jet,11.0,11.125,ok,False,0.6595,1000,528,856,0,0,1,2,1.2
67,Jet,11.125,11.25,ok,False,0.5986,1000,548,833,0,0,1,2,1.3
67,Jet,11.25,11.375,ok,False,0.5506,1000,580,879,1,0,1,2,1.2
67,Jet,11.375,11.5,ok,False,0.5025,1000,690,985,1,0,1,3,1.2
67,Jet,11.5,11.625,ok,False,0.4578,1000,806,1000,0,0,2,4,1.3
67,Jet,11.625,11.75,ok,False,0.4154,1000,887,1000,0,0,2,5,1.2
67,Jet,11.75,11.875,ok,False,0.3770,1000,929,1000,0,0,3,7,1.2
67,Jet,11.875,12.0,ok,False,0.3427,1000,967,1000,0,0,4,8,1.3
67,Jet,12.0,12.125,ok,False,0.3105,1000,982,1000,0,0,5,11,1.2
67,Jet,12.125,12.25,ok,True,0.2824,1000,998,1000,0,0,7,15,1.2
67,Jet,12.25,12.375,ok,True,0.2575,1000,999,1000,0,0,9,19,1.3
67,Jet,12.375,12.5,ok,True,0.2335,1000,1000,1000,0,0,12,25,1.3
67,Jet,12.5,12.625,ok,True,0.2120,1000,1000,1000,0,0,16,34,1.3
67,Jet,12.625,12.75,ok,True,0.1924,1000,1000,1000,0,0,21,44,1.2
67,Jet,12.75,12.875,ok,True,0.1748,1000,1000,1000,0,0,28,58,1.3
67,Jet,12.875,13.0,ok,True,0.1595,1000,1000,1000,0,0,37,79,1.3
67,Jet,13.0,13.125,ok,True,0.1448,1000,1000,1000,0,0,50,107,1.3
67,Jet,13.125,13.25,ok,True,0.1315,1000,1000,1000,0,0,65,139,1.3
67,Jet,13.25,13.375,ok,True,0.1194,1000,1000,1000,0,0,86,187,1.3
67,Jet,13.375,13.5,ok,True,0.1086,1000,1000,1000,0,0,116,248,1.4
67,Jet,13.5,13.625,ok,True,0.0985,1000,1000,1000,0,0,153,334,1.3
67,Jet,13.625,13.75,ok,True,0.0896,1000,1000,1000,0,0,205,448,1.4
67,Jet,13.75,13.875,ok,True,0.0815,1000,1000,1000,0,0,276,595,1.4
67,Jet,13.875,14.0,ok,True,0.0737,1000,1000,1000,0,0,370,806,1.4
67,Jet,14.0,14.125,ok,True,0.0671,1000,1000,1000,0,0,481,1048,1.5
67,Jet,14.125,14.25,ok,True,0.0611,763,763,763,0,0,638,1398,1.4
67,Jet,14.25,14.375,ok,True,0.0552,450,450,450,0,0,870,1886,1.1
67,Jet,14.375,14.5,ok,True,0.0506,260,260,260,0,0,1086,2358,0.8
67,Jet,14.5,14.625,ok,True,0.0458,130,130,130,0,0,1480,3241,0.5
67,Jet,14.625,14.75,ok,True,0.0417,64,64,64,0,0,1994,4352,0.4
67,Jet,14.75,14.875,ok,True,0.0377,15,15,15,0,0,2719,5967,0.2
67,Jet,14.875,15.0,ok,True,0.0349,10,10,10,0,0,3299,7126,0.2
69,Jet,10.0,10.125,ok,False,1.3493,51,9,43,92,47,0,2,0.3
69,Jet,10.125,10.25,ok,False,1.2151,37,18,32,80,55,0,2,0.3
69,Jet,10.25,10.375,ok,False,1.1570,496,172,407,21,3,0,2,1.0
69,Jet,10.375,10.5,ok,False,1.0476,1000,385,843,2,0,0,2,1.2
69,Jet,10.5,10.625,ok,False,0.9312,1000,422,821,3,0,0,2,1.2
69,Jet,10.625,10.75,ok,False,0.8479,1000,431,837,2,0,0,2,1.2
69,Jet,10.75,10.875,ok,False,0.7718,1000,498,829,6,0,0,2,1.2
69,Jet,10.875,11.0,ok,False,0.6962,1000,528,835,4,0,1,2,1.2
69,Jet,11.0,11.125,ok,False,0.6347,1000,511,835,0,0,1,2,1.2
69,Jet,11.125,11.25,ok,False,0.5765,1000,528,812,1,0,1,2,1.2
69,Jet,11.25,11.375,ok,False,0.5315,1000,589,864,1,0,1,2,1.2
69,Jet,11.375,11.5,ok,False,0.4821,1000,666,979,0,0,1,3,1.2
69,Jet,11.5,11.625,ok,False,0.4387,1000,774,1000,0,0,1,4,1.2
69,Jet,11.625,11.75,ok,False,0.3986,1000,838,1000,0,0,2,5,1.2
69,Jet,11.75,11.875,ok,False,0.3628,1000,923,1000,0,0,3,6,1.2
69,Jet,11.875,12.0,ok,False,0.3298,1000,963,1000,0,0,3,8,1.2
69,Jet,12.0,12.125,ok,True,0.2993,1000,980,1000,0,0,5,10,1.2
69,Jet,12.125,12.25,ok,True,0.2715,1000,996,1000,0,0,7,14,1.2
69,Jet,12.25,12.375,ok,True,0.2476,1000,1000,1000,0,0,9,18,1.2
69,Jet,12.375,12.5,ok,True,0.2239,1000,1000,1000,0,0,11,24,1.2
69,Jet,12.5,12.625,ok,True,0.2038,1000,1000,1000,0,0,15,31,1.2
69,Jet,12.625,12.75,ok,True,0.1853,1000,1000,1000,0,0,20,42,1.2
69,Jet,12.75,12.875,ok,True,0.1685,1000,1000,1000,0,0,27,56,1.3
69,Jet,12.875,13.0,ok,True,0.1530,1000,1000,1000,0,0,36,76,1.2
69,Jet,13.0,13.125,ok,True,0.1392,1000,1000,1000,0,0,48,101,1.3
69,Jet,13.125,13.25,ok,True,0.1262,1000,1000,1000,0,0,62,134,1.2
69,Jet,13.25,13.375,ok,True,0.1148,1000,1000,1000,0,0,86,184,1.3
69,Jet,13.375,13.5,ok,True,0.1041,1000,1000,1000,0,0,113,242,1.3
69,Jet,13.5,13.625,ok,True,0.0949,1000,1000,1000,0,0,152,323,1.3
69,Jet,13.625,13.75,ok,True,0.0861,1000,1000,1000,0,0,203,436,1.4
69,Jet,13.75,13.875,ok,True,0.0781,1000,1000,1000,0,0,268,584,1.3
69,Jet,13.875,14.0,ok,True,0.0710,1000,1000,1000,0,0,362,776,1.4
69,Jet,14.0,14.125,ok,True,0.0645,1000,1000,1000,0,0,468,1024,1.5
69,Jet,14.125,14.25,ok,True,0.0585,756,756,756,0,0,625,1363,1.3
69,Jet,14.25,14.375,ok,True,0.0533,489,489,489,0,0,837,1842,1.1
69,Jet,14.375,14.5,ok,True,0.0488,290,290,290,0,0,1080,2334,0.8
69,Jet,14.5,14.625,ok,True,0.0440,145,145,145,0,0,1408,3092,0.5
69,Jet,14.625,14.75,ok,True,0.0403,68,68,68,0,0,1902,4124,0.4
69,Jet,14.75,14.875,ok,True,0.0365,26,26,26,0,0,2671,5710,0.3
69,Jet,14.875,15.0,ok,True,0.0336,15,15,15,0,0,3110,7167,0.2
71,Jet,10.0,10.125,ok,False,1.2943,28,9,23,91,62,0,2,0.3
71,Jet,10.125,10.25,ok,False,1.1651,24,8,18,90,73,0,1,0.2
71,Jet,10.25,10.375,ok,False,1.1138,422,143,331,22,4,0,2,0.9
71,Jet,10.375,10.5,ok,False,1.0067,1000,379,825,2,1,0,2,1.2
71,Jet,10.5,10.625,ok,False,0.8966,1000,394,816,7,1,0,2,1.1
71,Jet,10.625,10.75,ok,False,0.8137,1000,446,808,4,0,0,2,1.2
71,Jet,10.75,10.875,ok,False,0.7412,1000,486,806,3,0,0,2,1.2
71,Jet,10.875,11.0,ok,False,0.6707,1000,494,822,3,0,0,2,1.1
71,Jet,11.0,11.125,ok,False,0.6095,1000,506,835,1,0,1,2,1.1
71,Jet,11.125,11.25,ok,False,0.5549,1000,546,810,3,1,1,2,1.2
71,Jet,11.25,11.375,ok,False,0.5101,1000,560,864,0,0,1,2,1.2
71,Jet,11.375,11.5,ok,False,0.4641,1000,626,985,0,0,1,3,1.2
71,Jet,11.5,11.625,ok,False,0.4210,1000,743,1000,1,0,1,4,1.2
71,Jet,11.625,11.75,ok,False,0.3840,1000,857,1000,0,0,2,4,1.2
71,Jet,11.75,11.875,ok,False,0.3485,1000,905,1000,0,0,2,6,1.2
71,Jet,11.875,12.0,ok,False,0.3165,1000,953,1000,0,0,3,8,1.1
71,Jet,12.0,12.125,ok,True,0.2885,1000,982,1000,0,0,5,10,1.2
71,Jet,12.125,12.25,ok,True,0.2608,1000,994,1000,0,0,6,13,1.2
71,Jet,12.25,12.375,ok,True,0.2379,1000,999,1000,0,0,8,17,1.2
71,Jet,12.375,12.5,ok,True,0.2159,1000,1000,1000,0,0,11,23,1.2
71,Jet,12.5,12.625,ok,True,0.1961,1000,1000,1000,0,0,15,31,1.2
71,Jet,12.625,12.75,ok,True,0.1779,1000,1000,1000,0,0,19,40,1.2
71,Jet,12.75,12.875,ok,True,0.1614,1000,1000,1000,0,0,26,54,1.2
71,Jet,12.875,13.0,ok,True,0.1473,1000,1000,1000,0,0,35,73,1.2
71,Jet,13.0,13.125,ok,True,0.1336,1000,1000,1000,0,0,45,96,1.2
71,Jet,13.125,13.25,ok,True,0.1214,1000,1000,1000,0,0,62,131,1.2
71,Jet,13.25,13.375,ok,True,0.1106,1000,1000,1000,0,0,82,175,1.3
71,Jet,13.375,13.5,ok,True,0.1004,1000,1000,1000,0,0,110,234,1.2
71,Jet,13.5,13.625,ok,True,0.0910,1000,1000,1000,0,0,144,310,1.3
71,Jet,13.625,13.75,ok,True,0.0829,1000,1000,1000,0,0,193,415,1.3
71,Jet,13.75,13.875,ok,True,0.0752,1000,1000,1000,0,0,260,556,1.3
71,Jet,13.875,14.0,ok,True,0.0685,1000,1000,1000,0,0,342,747,1.4
71,Jet,14.0,14.125,ok,True,0.0619,1000,1000,1000,0,0,456,996,1.5
71,Jet,14.125,14.25,ok,True,0.0565,765,765,765,0,0,604,1329,1.3
71,Jet,14.25,14.375,ok,True,0.0515,482,482,482,0,0,820,1785,1.1
71,Jet,14.375,14.5,ok,True,0.0470,313,313,313,0,0,1078,2345,0.8
71,Jet,14.5,14.625,ok,True,0.0423,143,143,143,0,0,1426,3069,0.6
71,Jet,14.625,14.75,ok,True,0.0386,79,79,79,0,0,1885,4106,0.4
71,Jet,14.75,14.875,ok,True,0.0348,38,38,38,0,0,2581,5736,0.3
71,Jet,14.875,15.0,ok,True,0.0319,13,13,13,0,0,3012,6715,0.2
73,Jet,10.0,10.125,ok,False,1.2578,20,2,19,98,72,0,2,0.2
73,Jet,10.125,10.25,ok,False,1.1212,22,7,20,90,75,0,2,0.2
73,Jet,10.25,10.375,ok,False,1.0714,327,103,257,37,8,0,1,0.8
73,Jet,10.375,10.5,ok,False,0.9703,860,312,696,8,0,0,2,1.1
73,Jet,10.5,10.625,ok,False,0.8647,1000,390,788,8,1,0,1,1.1
73,Jet,10.625,10.75,ok,False,0.7864,1000,430,790,5,1,0,2,1.1
73,Jet,10.75,10.875,ok,False,0.7143,1000,445,780,5,1,0,1,1.1
73,Jet,10.875,11.0,ok,False,0.6470,1000,484,789,2,2,0,1,1.1
73,Jet,11.0,11.125,ok,False,0.5880,1000,543,803,1,0,1,2,1.1
73,Jet,11.125,11.25,ok,False,0.5357,1000,468,808,2,0,0,2,1.1
73,Jet,11.25,11.375,ok,False,0.4907,1000,556,858,3,0,1,2,1.1
73,Jet,11.375,11.5,ok,False,0.4476,1000,627,986,0,0,1,3,1.1
73,Jet,11.5,11.625,ok,False,0.4055,1000,738,1000,0,0,1,4,1.1
73,Jet,11.625,11.75,ok,False,0.3691,1000,833,1000,0,0,2,5,1.1
73,Jet,11.75,11.875,ok,False,0.3363,1000,896,1000,0,0,2,6,1.1
73,Jet,11.875,12.0,ok,False,0.3052,1000,952,1000,0,0,3,7,1.2
73,Jet,12.0,12.125,ok,True,0.2779,1000,981,1000,0,0,4,9,1.1
73,Jet,12.125,12.25,ok,True,0.2524,1000,988,1000,0,0,6,12,1.1
73,Jet,12.25,12.375,ok,True,0.2293,1000,1000,1000,0,0,8,16,1.1
73,Jet,12.375,12.5,ok,True,0.2075,1000,1000,1000,0,0,10,22,1.2
73,Jet,12.5,12.625,ok,True,0.1887,1000,1000,1000,0,0,14,28,1.1
73,Jet,12.625,12.75,ok,True,0.1715,1000,1000,1000,0,0,19,38,1.2
73,Jet,12.75,12.875,ok,True,0.1562,1000,1000,1000,0,0,25,51,1.2
73,Jet,12.875,13.0,ok,True,0.1418,1000,1000,1000,0,0,33,68,1.2
73,Jet,13.0,13.125,ok,True,0.1290,1000,1000,1000,0,0,44,93,1.2
73,Jet,13.125,13.25,ok,True,0.1173,1000,1000,1000,0,0,59,127,1.2
73,Jet,13.25,13.375,ok,True,0.1066,1000,1000,1000,0,0,79,169,1.2
73,Jet,13.375,13.5,ok,True,0.0966,1000,1000,1000,0,0,105,226,1.2
73,Jet,13.5,13.625,ok,True,0.0876,1000,1000,1000,0,0,140,297,1.2
73,Jet,13.625,13.75,ok,True,0.0794,1000,1000,1000,0,0,187,402,1.3
73,Jet,13.75,13.875,ok,True,0.0722,1000,1000,1000,0,0,248,536,1.3
73,Jet,13.875,14.0,ok,True,0.0657,1000,1000,1000,0,0,334,719,1.3
73,Jet,14.0,14.125,ok,True,0.0599,1000,1000,1000,0,0,446,971,1.4
73,Jet,14.125,14.25,ok,True,0.0544,753,753,753,0,0,584,1285,1.3
73,Jet,14.25,14.375,ok,True,0.0495,511,511,511,0,0,790,1736,1.1
73,Jet,14.375,14.5,ok,True,0.0449,328,328,328,0,0,1064,2352,0.8
73,Jet,14.5,14.625,ok,True,0.0408,164,164,164,0,0,1372,2948,0.6
73,Jet,14.625,14.75,ok,True,0.0370,89,89,89,0,0,1816,4051,0.4
73,Jet,14.75,14.875,ok,True,0.0338,42,42,42,0,0,2517,5630,0.3
73,Jet,14.875,15.0,ok,True,0.0301,13,13,13,0,0,3019,6641,0.2
75,Jet,10.0,10.125,ok,False,1.2244,25,6,21,93,71,0,2,0.2
75,Jet,10.125,10.25,ok,False,1.0813,24,6,18,94,69,0,2,0.2
75,Jet,10.25,10.375,ok,False,1.0345,274,85,218,37,8,0,1,0.7
75,Jet,10.375,10.5,ok,False,0.9373,739,232,549,11,1,0,1,1.0
75,Jet,10.5,10.625,ok,False,0.8352,1000,377,732,9,0,0,1,1.1
75,Jet,10.625,10.75,ok,False,0.7587,1000,405,749,5,0,0,1,1.1
75,Jet,10.75,10.875,ok,False,0.6904,1000,426,774,4,1,0,1,1.1
75,Jet,10.875,11.0,ok,False,0.6241,1000,463,754,4,0,0,1,1.1
75,Jet,11.0,11.125,ok,False,0.5663,1000,457,766,5,1,0,1,1.1
75,Jet,11.125,11.25,ok,False,0.5167,1000,481,742,2,1,0,1,1.1
75,Jet,11.25,11.375,ok,False,0.4747,1000,536,856,0,0,1,2,1.1
75,Jet,11.375,11.5,ok,False,0.4316,1000,652,980,0,0,1,3,1.1
75,Jet,11.5,11.625,ok,False,0.3933,1000,734,1000,0,0,1,3,1.1
75,Jet,11.625,11.75,ok,False,0.3577,1000,802,1000,0,0,1,4,1.1
75,Jet,11.75,11.875,ok,False,0.3243,1000,883,1000,0,0,2,5,1.1
75,Jet,11.875,12.0,ok,True,0.2942,1000,947,1000,0,0,3,7,1.1
75,Jet,12.0,12.125,ok,True,0.2684,1000,978,1000,0,0,4,9,1.1
75,Jet,12.125,12.25,ok,True,0.2437,1000,996,1000,0,0,5,11,1.1
75,Jet,12.25,12.375,ok,True,0.2218,1000,1000,1000,0,0,7,15,1.1
75,Jet,12.375,12.5,ok,True,0.2006,1000,999,1000,0,0,10,21,1.1
75,Jet,12.5,12.625,ok,True,0.1827,1000,1000,1000,0,0,13,27,1.1
75,Jet,12.625,12.75,ok,True,0.1655,1000,1000,1000,0,0,18,37,1.1
75,Jet,12.75,12.875,ok,True,0.1507,1000,1000,1000,0,0,24,48,1.1
75,Jet,12.875,13.0,ok,True,0.1372,1000,1000,1000,0,0,31,65,1.1
75,Jet,13.0,13.125,ok,True,0.1247,1000,1000,1000,0,0,43,88,1.1
75,Jet,13.125,13.25,ok,True,0.1134,1000,1000,1000,0,0,56,118,1.1
75,Jet,13.25,13.375,ok,True,0.1031,1000,1000,1000,0,0,74,158,1.1
75,Jet,13.375,13.5,ok,True,0.0936,1000,1000,1000,0,0,101,215,1.2
75,Jet,13.5,13.625,ok,True,0.0849,1000,1000,1000,0,0,137,290,1.2
75,Jet,13.625,13.75,ok,True,0.0769,1000,1000,1000,0,0,182,389,1.2
75,Jet,13.75,13.875,ok,True,0.0700,1000,1000,1000,0,0,240,512,1.2
75,Jet,13.875,14.0,ok,True,0.0636,1000,1000,1000,0,0,327,704,1.3
75,Jet,14.0,14.125,ok,True,0.0578,1000,1000,1000,0,0,430,936,1.3
75,Jet,14.125,14.25,ok,True,0.0525,680,680,680,0,0,562,1222,1.1
75,Jet,14.25,14.375,ok,True,0.0480,503,503,503,0,0,761,1675,1.0
75,Jet,14.375,14.5,ok,True,0.0433,309,309,309,0,0,1031,2263,0.8
75,Jet,14.5,14.625,ok,True,0.0393,195,195,195,0,0,1358,2953,0.6
75,Jet,14.625,14.75,ok,True,0.0360,90,90,90,0,0,1737,3809,0.4
75,Jet,14.75,14.875,ok,True,0.0326,47,47,47,0,0,2393,5283,0.3
75,Jet,14.875,15.0,ok,True,0.0297,18,18,18,0,0,3443,7576,0.2
77,Jet,10.0,10.125,ok,False,1.1762,149,32,106,68,39,0,1,0.6
77,Jet,10.125,10.25,ok,False,1.0540,535,134,418,38,8,0,1,1.0
77,Jet,10.25,10.375,ok,False,1.0020,1000,309,771,13,1,0,1,1.2
77,Jet,10.375,10.5,ok,False,0.9049,1000,307,773,12,3,0,1,1.2
77,Jet,10.5,10.625,ok,False,0.8121,1000,336,758,12,1,0,1,1.2
77,Jet,10.625,10.75,ok,False,0.7383,1000,395,765,9,0,0,1,1.2
77,Jet,10.75,10.875,ok,False,0.6699,1000,429,763,4,1,0,1,1.2
77,Jet,10.875,11.0,ok,False,0.6080,1000,450,767,5,2,0,1,1.2
77,Jet,11.0,11.125,ok,False,0.5513,1000,488,801,3,2,0,2,1.2
77,Jet,11.125,11.25,ok,False,0.5016,1000,495,808,2,1,0,2,1.2
77,Jet,11.25,11.375,ok,False,0.4600,1000,551,850,0,1,1,2,1.2
77,Jet,11.375,11.5,ok,False,0.4192,1000,634,976,0,0,1,3,1.2
77,Jet,11.5,11.625,ok,False,0.3809,1000,745,1000,0,0,1,3,1.2
77,Jet,11.625,11.75,ok,False,0.3459,1000,823,1000,0,0,2,4,1.2
77,Jet,11.75,11.875,ok,False,0.3151,1000,875,1000,0,0,2,6,1.2
77,Jet,11.875,12.0,ok,True,0.2852,1000,939,1000,0,0,3,7,1.2
77,Jet,12.0,12.125,ok,True,0.2591,1000,983,1000,0,0,4,9,1.2
77,Jet,12.125,12.25,ok,True,0.2361,1000,989,1000,0,0,6,11,1.2
77,Jet,12.25,12.375,ok,True,0.2144,1000,1000,1000,0,0,7,15,1.2
77,Jet,12.375,12.5,ok,True,0.1946,1000,1000,1000,0,0,10,20,1.2
77,Jet,12.5,12.625,ok,True,0.1769,1000,1000,1000,0,0,13,26,1.2
77,Jet,12.625,12.75,ok,True,0.1604,1000,1000,1000,0,0,18,35,1.2
77,Jet,12.75,12.875,ok,True,0.1461,1000,1000,1000,0,0,24,48,1.3
77,Jet,12.875,13.0,ok,True,0.1327,1000,1000,1000,0,0,31,64,1.3
77,Jet,13.0,13.125,ok,True,0.1206,1000,1000,1000,0,0,43,86,1.3
77,Jet,13.125,13.25,ok,True,0.1093,1000,1000,1000,0,0,57,118,1.3
77,Jet,13.25,13.375,ok,True,0.0993,1000,1000,1000,0,0,75,157,1.3
77,Jet,13.375,13.5,ok,True,0.0902,1000,1000,1000,0,0,99,210,1.3
77,Jet,13.5,13.625,ok,True,0.0821,1000,1000,1000,0,0,131,281,1.3
77,Jet,13.625,13.75,ok,True,0.0745,1000,1000,1000,0,0,175,373,1.3
77,Jet,13.75,13.875,ok,True,0.0675,1000,1000,1000,0,0,236,501,1.3
77,Jet,13.875,14.0,ok,True,0.0616,1000,1000,1000,0,0,315,680,1.4
77,Jet,14.0,14.125,ok,True,0.0559,1000,1000,1000,0,0,425,916,1.4
77,Jet,14.125,14.25,ok,True,0.0508,1000,1000,1000,0,0,558,1202,1.5
77,Jet,14.25,14.375,ok,True,0.0463,1000,1000,1000,0,0,752,1646,1.7
77,Jet,14.375,14.5,ok,True,0.0420,1000,1000,1000,0,0,1011,2224,1.7
77,Jet,14.5,14.625,ok,True,0.0382,648,648,648,0,0,1310,2866,1.4
77,Jet,14.625,14.75,ok,True,0.0348,370,370,370,0,0,1736,3827,1.1
77,Jet,14.75,14.875,ok,True,0.0315,191,191,191,0,0,2316,5168,0.7
77,Jet,14.875,15.0,ok,True,0.0286,102,102,102,0,0,3154,7018,0.5
9,Jet_fgas-4sigma,10.0,10.125,ok,False,3.1016,259,97,240,61,4,0,3,0.2
9,Jet_fgas-4sigma,10.125,10.25,ok,False,2.8192,108,39,95,73,20,0,3,0.1
9,Jet_fgas-4sigma,10.25,10.375,ok,False,2.6591,764,308,699,14,0,0,3,0.2
9,Jet_fgas-4sigma,10.375,10.5,ok,False,2.4037,1000,438,910,5,0,0,2,0.2
9,Jet_fgas-4sigma,10.5,10.625,ok,False,2.1416,1000,450,921,2,0,0,3,0.2
9,Jet_fgas-4sigma,10.625,10.75,ok,False,1.9455,1000,525,922,1,0,1,3,0.2
9,Jet_fgas-4sigma,10.75,10.875,ok,False,1.7736,1000,572,921,0,0,1,3,0.2
9,Jet_fgas-4sigma,10.875,11.0,ok,False,1.6039,1000,618,933,0,0,1,3,0.2
9,Jet_fgas-4sigma,11.0,11.125,ok,False,1.4661,1000,654,941,1,0,1,3,0.2
9,Jet_fgas-4sigma,11.125,11.25,ok,False,1.3286,1000,710,970,1,0,1,3,0.2
9,Jet_fgas-4sigma,11.25,11.375,ok,False,1.2114,1000,769,977,0,0,1,4,0.2
9,Jet_fgas-4sigma,11.375,11.5,ok,False,1.1112,1000,826,995,0,0,2,5,0.2
9,Jet_fgas-4sigma,11.5,11.625,ok,False,1.0126,1000,901,1000,0,0,2,6,0.2
9,Jet_fgas-4sigma,11.625,11.75,ok,False,0.9198,1000,952,1000,0,0,3,8,0.2
9,Jet_fgas-4sigma,11.75,11.875,ok,False,0.8334,1000,975,1000,0,0,4,10,0.2
9,Jet_fgas-4sigma,11.875,12.0,ok,False,0.7599,1000,995,1000,0,0,5,13,0.2
9,Jet_fgas-4sigma,12.0,12.125,ok,False,0.6888,1000,998,1000,0,0,7,17,0.2
9,Jet_fgas-4sigma,12.125,12.25,ok,False,0.6273,1000,1000,1000,0,0,9,22,0.2
9,Jet_fgas-4sigma,12.25,12.375,ok,False,0.5702,1000,1000,1000,0,0,12,29,0.2
9,Jet_fgas-4sigma,12.375,12.5,ok,False,0.5178,1000,1000,1000,0,0,16,37,0.2
9,Jet_fgas-4sigma,12.5,12.625,ok,False,0.4718,451,451,451,0,0,22,49,0.2
9,Jet_fgas-4sigma,12.625,12.75,ok,False,0.4276,169,169,169,0,0,28,65,0.1
9,Jet_fgas-4sigma,12.75,12.875,ok,False,0.3910,75,75,75,0,0,36,83,0.1
9,Jet_fgas-4sigma,12.875,13.0,ok,False,0.3562,20,20,20,3,0,49,104,0.0
9,Jet_fgas-4sigma,13.0,13.125,ok,False,0.3196,2,2,2,33,18,84,161,0.0
9,Jet_fgas-4sigma,13.125,13.25,ok,False,0.2950,2,2,2,27,16,93,168,0.0
9,Jet_fgas-4sigma,13.25,13.375,ok,False,0.2570,2,2,2,24,10,110,256,0.0
9,Jet_fgas-4sigma,13.375,13.5,no_halos,False,nan,0,0,0,0,0,0,0,0.0
9,Jet_fgas-4sigma,13.5,13.625,no_halos,False,nan,0,0,0,0,0,0,0,0.0
9,Jet_fgas-4sigma,13.625,13.75,no_halos,False,nan,0,0,0,0,0,0,0,0.0
9,Jet_fgas-4sigma,13.75,13.875,no_halos,False,nan,0,0,0,0,0,0,0,0.0
9,Jet_fgas-4sigma,13.875,14.0,no_halos,False,nan,0,0,0,0,0,0,0,0.0
9,Jet_fgas-4sigma,14.0,14.125,no_halos,False,nan,0,0,0,0,0,0,0,0.0
9,Jet_fgas-4sigma,14.125,14.25,no_halos,False,nan,0,0,0,0,0,0,0,0.0
9,Jet_fgas-4sigma,14.25,14.375,no_halos,False,nan,0,0,0,0,0,0,0,0.0
9,Jet_fgas-4sigma,14.375,14.5,no_halos,False,nan,0,0,0,0,0,0,0,0.0
9,Jet_fgas-4sigma,14.5,14.625,no_halos,False,nan,0,0,0,0,0,0,0,0.0
9,Jet_fgas-4sigma,14.625,14.75,no_halos,False,nan,0,0,0,0,0,0,0,0.0
9,Jet_fgas-4sigma,14.75,14.875,no_halos,False,nan,0,0,0,0,0,0,0,0.0
9,Jet_fgas-4sigma,14.875,15.0,no_halos,False,nan,0,0,0,0,0,0,0,0.0
13,Jet_fgas-4sigma,10.0,10.125,ok,False,3.1174,632,221,591,28,0,0,3,0.4
13,Jet_fgas-4sigma,10.125,10.25,ok,False,2.8499,286,110,261,44,3,0,3,0.3
13,Jet_fgas-4sigma,10.25,10.375,ok,False,2.6630,1000,440,940,3,0,0,3,0.4
13,Jet_fgas-4sigma,10.375,10.5,ok,False,2.4100,1000,473,942,1,0,0,3,0.4
13,Jet_fgas-4sigma,10.5,10.625,ok,False,2.1467,1000,475,917,2,0,0,3,0.4
13,Jet_fgas-4sigma,10.625,10.75,ok,False,1.9559,1000,524,932,0,0,1,3,0.4
13,Jet_fgas-4sigma,10.75,10.875,ok,False,1.7736,1000,572,933,1,0,1,3,0.4
13,Jet_fgas-4sigma,10.875,11.0,ok,False,1.6167,1000,581,944,0,0,1,3,0.4
13,Jet_fgas-4sigma,11.0,11.125,ok,False,1.4661,1000,678,957,1,0,1,3,0.4
13,Jet_fgas-4sigma,11.125,11.25,ok,False,1.3296,1000,703,962,0,0,1,3,0.4
13,Jet_fgas-4sigma,11.25,11.375,ok,False,1.2187,1000,772,966,0,0,1,4,0.4
13,Jet_fgas-4sigma,11.375,11.5,ok,False,1.1119,1000,806,999,0,0,2,5,0.4
13,Jet_fgas-4sigma,11.5,11.625,ok,False,1.0160,1000,885,1000,0,0,2,6,0.4
13,Jet_fgas-4sigma,11.625,11.75,ok,False,0.9208,1000,936,1000,0,0,3,8,0.4
13,Jet_fgas-4sigma,11.75,11.875,ok,False,0.8365,1000,983,1000,0,0,4,10,0.4
13,Jet_fgas-4sigma,11.875,12.0,ok,False,0.7586,1000,992,1000,0,0,5,13,0.4
13,Jet_fgas-4sigma,12.0,12.125,ok,False,0.6899,1000,997,1000,0,0,7,17,0.4
13,Jet_fgas-4sigma,12.125,12.25,ok,False,0.6269,1000,1000,1000,0,0,9,22,0.4
13,Jet_fgas-4sigma,12.25,12.375,ok,False,0.5695,1000,1000,1000,0,0,13,29,0.5
13,Jet_fgas-4sigma,12.375,12.5,ok,False,0.5178,1000,1000,1000,0,0,16,37,0.4
13,Jet_fgas-4sigma,12.5,12.625,ok,False,0.4703,1000,1000,1000,0,0,22,49,0.5
13,Jet_fgas-4sigma,12.625,12.75,ok,False,0.4292,1000,1000,1000,0,0,28,63,0.5
13,Jet_fgas-4sigma,12.75,12.875,ok,False,0.3897,843,843,843,0,0,37,84,0.4
13,Jet_fgas-4sigma,12.875,13.0,ok,False,0.3535,359,359,359,0,0,50,109,0.3
13,Jet_fgas-4sigma,13.0,13.125,ok,False,0.3207,124,124,124,0,0,64,142,0.2
13,Jet_fgas-4sigma,13.125,13.25,ok,True,0.2958,52,52,52,0,0,84,194,0.1
13,Jet_fgas-4sigma,13.25,13.375,ok,True,0.2634,16,16,16,0,0,116,251,0.1
13,Jet_fgas-4sigma,13.375,13.5,ok,False,0.2424,1,1,1,37,14,149,371,0.0
13,Jet_fgas-4sigma,13.5,13.625,ok,False,0.2234,2,2,2,15,3,183,386,0.0
13,Jet_fgas-4sigma,13.625,13.75,ok,False,0.2021,1,1,1,27,11,222,490,0.0
13,Jet_fgas-4sigma,13.75,13.875,no_halos,False,nan,0,0,0,0,0,0,0,0.0
13,Jet_fgas-4sigma,13.875,14.0,no_halos,False,nan,0,0,0,0,0,0,0,0.0
13,Jet_fgas-4sigma,14.0,14.125,no_halos,False,nan,0,0,0,0,0,0,0,0.0
13,Jet_fgas-4sigma,14.125,14.25,no_halos,False,nan,0,0,0,0,0,0,0,0.0
13,Jet_fgas-4sigma,14.25,14.375,no_halos,False,nan,0,0,0,0,0,0,0,0.0
13,Jet_fgas-4sigma,14.375,14.5,no_halos,False,nan,0,0,0,0,0,0,0,0.0
13,Jet_fgas-4sigma,14.5,14.625,no_halos,False,nan,0,0,0,0,0,0,0,0.0
13,Jet_fgas-4sigma,14.625,14.75,no_halos,False,nan,0,0,0,0,0,0,0,0.0
13,Jet_fgas-4sigma,14.75,14.875,no_halos,False,nan,0,0,0,0,0,0,0,0.0
13,Jet_fgas-4sigma,14.875,15.0,no_halos,False,nan,0,0,0,0,0,0,0,0.0
17,Jet_fgas-4sigma,10.0,10.125,ok,False,3.1335,1000,399,954,11,0,0,3,0.7
17,Jet_fgas-4sigma,10.125,10.25,ok,False,2.8455,486,202,457,26,0,0,3,0.6
17,Jet_fgas-4sigma,10.25,10.375,ok,False,2.6786,1000,433,957,7,0,0,3,0.7
17,Jet_fgas-4sigma,10.375,10.5,ok,False,2.4228,1000,450,937,3,0,0,3,0.7
17,Jet_fgas-4sigma,10.5,10.625,ok,False,2.1619,1000,482,948,3,0,0,3,0.7
17,Jet_fgas-4sigma,10.625,10.75,ok,False,1.9633,1000,515,948,2,0,1,3,0.7
17,Jet_fgas-4sigma,10.75,10.875,ok,False,1.7840,1000,574,944,0,0,1,3,0.7
17,Jet_fgas-4sigma,10.875,11.0,ok,False,1.6195,1000,648,945,1,0,1,3,0.7
17,Jet_fgas-4sigma,11.0,11.125,ok,False,1.4685,1000,666,951,0,0,1,3,0.7
17,Jet_fgas-4sigma,11.125,11.25,ok,False,1.3393,1000,678,962,0,0,1,3,0.7
17,Jet_fgas-4sigma,11.25,11.375,ok,False,1.2228,1000,729,969,0,0,1,4,0.7
17,Jet_fgas-4sigma,11.375,11.5,ok,False,1.1194,1000,817,997,0,0,2,5,0.7
17,Jet_fgas-4sigma,11.5,11.625,ok,False,1.0172,1000,877,1000,0,0,2,6,0.7
17,Jet_fgas-4sigma,11.625,11.75,ok,False,0.9245,1000,939,1000,0,0,3,8,0.7
17,Jet_fgas-4sigma,11.75,11.875,ok,False,0.8395,1000,971,1000,0,0,4,10,0.7
17,Jet_fgas-4sigma,11.875,12.0,ok,False,0.7624,1000,988,1000,0,0,5,13,0.7
17,Jet_fgas-4sigma,12.0,12.125,ok,False,0.6930,1000,996,1000,0,0,7,16,0.7
17,Jet_fgas-4sigma,12.125,12.25,ok,False,0.6308,1000,1000,1000,0,0,9,21,0.7
17,Jet_fgas-4sigma,12.25,12.375,ok,False,0.5723,1000,1000,1000,0,0,12,28,0.7
17,Jet_fgas-4sigma,12.375,12.5,ok,False,0.5184,1000,1000,1000,0,0,16,36,0.7
17,Jet_fgas-4sigma,12.5,12.625,ok,False,0.4728,1000,1000,1000,0,0,21,47,0.7
17,Jet_fgas-4sigma,12.625,12.75,ok,False,0.4300,1000,1000,1000,0,0,28,61,0.8
17,Jet_fgas-4sigma,12.75,12.875,ok,False,0.3917,1000,1000,1000,0,0,37,79,0.8
17,Jet_fgas-4sigma,12.875,13.0,ok,False,0.3557,1000,1000,1000,0,0,49,106,0.8
17,Jet_fgas-4sigma,13.0,13.125,ok,False,0.3228,1000,1000,1000,0,0,64,140,0.8
17,Jet_fgas-4sigma,13.125,13.25,ok,True,0.2939,787,787,787,0,0,85,184,0.7
17,Jet_fgas-4sigma,13.25,13.375,ok,True,0.2668,288,288,288,0,0,112,242,0.5
17,Jet_fgas-4sigma,13.375,13.5,ok,True,0.2429,155,155,155,0,0,147,329,0.3
17,Jet_fgas-4sigma,13.5,13.625,ok,True,0.2208,50,50,50,0,0,187,420,0.2
17,Jet_fgas-4sigma,13.625,13.75,ok,True,0.1984,16,16,16,0,0,280,624,0.1
17,Jet_fgas-4sigma,13.75,13.875,ok,False,0.1805,2,2,2,5,0,329,760,0.1
17,Jet_fgas-4sigma,13.875,14.0,no_halos,False,nan,0,0,0,0,0,0,0,0.1
17,Jet_fgas-4sigma,14.0,14.125,no_halos,False,nan,0,0,0,0,0,0,0,0.1
17,Jet_fgas-4sigma,14.125,14.25,no_halos,False,nan,0,0,0,0,0,0,0,0.1
17,Jet_fgas-4sigma,14.25,14.375,no_halos,False,nan,0,0,0,0,0,0,0,0.1
17,Jet_fgas-4sigma,14.375,14.5,no_halos,False,nan,0,0,0,0,0,0,0,0.1
17,Jet_fgas-4sigma,14.5,14.625,no_halos,False,nan,0,0,0,0,0,0,0,0.1
17,Jet_fgas-4sigma,14.625,14.75,no_halos,False,nan,0,0,0,0,0,0,0,0.1
17,Jet_fgas-4sigma,14.75,14.875,no_halos,False,nan,0,0,0,0,0,0,0,0.1
17,Jet_fgas-4sigma,14.875,15.0,no_halos,False,nan,0,0,0,0,0,0,0,0.1
37,Jet_fgas-4sigma,10.0,10.125,ok,False,2.4362,809,301,756,12,0,0,3,1.1
37,Jet_fgas-4sigma,10.125,10.25,ok,False,2.2095,452,174,429,31,0,0,3,0.8
37,Jet_fgas-4sigma,10.25,10.375,ok,False,2.0846,1000,417,930,4,0,0,3,1.1
37,Jet_fgas-4sigma,10.375,10.5,ok,False,1.8854,1000,462,928,1,0,0,3,1.0
37,Jet_fgas-4sigma,10.5,10.625,ok,False,1.6817,1000,503,936,1,0,1,3,1.1
37,Jet_fgas-4sigma,10.625,10.75,ok,False,1.5260,1000,512,935,0,0,1,3,1.1
37,Jet_fgas-4sigma,10.75,10.875,ok,False,1.3897,1000,560,932,1,0,1,3,1.1
37,Jet_fgas-4sigma,10.875,11.0,ok,False,1.2597,1000,603,933,0,0,1,3,1.0
37,Jet_fgas-4sigma,11.0,11.125,ok,False,1.1501,1000,651,923,0,0,1,3,1.1
37,Jet_fgas-4sigma,11.125,11.25,ok,False,1.0438,1000,663,941,1,0,1,3,1.0
37,Jet_fgas-4sigma,11.25,11.375,ok,False,0.9529,1000,720,947,1,0,1,3,1.1
37,Jet_fgas-4sigma,11.375,11.5,ok,False,0.8712,1000,789,991,0,0,1,4,1.1
37,Jet_fgas-4sigma,11.5,11.625,ok,False,0.7914,1000,871,1000,0,0,2,6,1.1
37,Jet_fgas-4sigma,11.625,11.75,ok,False,0.7206,1000,923,1000,0,0,3,7,1.1
37,Jet_fgas-4sigma,11.75,11.875,ok,False,0.6546,1000,964,1000,0,0,4,9,1.1
37,Jet_fgas-4sigma,11.875,12.0,ok,False,0.5956,1000,987,1000,0,0,5,12,1.1
37,Jet_fgas-4sigma,12.0,12.125,ok,False,0.5404,1000,998,1000,0,0,6,15,1.1
37,Jet_fgas-4sigma,12.125,12.25,ok,False,0.4905,1000,1000,1000,0,0,9,20,1.1
37,Jet_fgas-4sigma,12.25,12.375,ok,False,0.4456,1000,1000,1000,0,0,11,26,1.1
37,Jet_fgas-4sigma,12.375,12.5,ok,False,0.4044,1000,1000,1000,0,0,15,33,1.1
37,Jet_fgas-4sigma,12.5,12.625,ok,False,0.3679,1000,1000,1000,0,0,20,43,1.1
37,Jet_fgas-4sigma,12.625,12.75,ok,False,0.3342,1000,1000,1000,0,0,27,56,1.1
37,Jet_fgas-4sigma,12.75,12.875,ok,False,0.3040,1000,1000,1000,0,0,36,75,1.1
37,Jet_fgas-4sigma,12.875,13.0,ok,True,0.2758,1000,1000,1000,0,0,46,97,1.1
37,Jet_fgas-4sigma,13.0,13.125,ok,True,0.2516,1000,1000,1000,0,0,62,128,1.1
37,Jet_fgas-4sigma,13.125,13.25,ok,True,0.2271,1000,1000,1000,0,0,81,172,1.1
37,Jet_fgas-4sigma,13.25,13.375,ok,True,0.2077,1000,1000,1000,0,0,106,226,1.2
37,Jet_fgas-4sigma,13.375,13.5,ok,True,0.1881,1000,1000,1000,0,0,144,304,1.1
37,Jet_fgas-4sigma,13.5,13.625,ok,True,0.1715,891,891,891,0,0,189,403,1.1
37,Jet_fgas-4sigma,13.625,13.75,ok,True,0.1558,440,440,440,0,0,246,534,0.8
37,Jet_fgas-4sigma,13.75,13.875,ok,True,0.1418,202,202,202,0,0,338,714,0.5
37,Jet_fgas-4sigma,13.875,14.0,ok,True,0.1293,91,91,91,0,0,433,934,0.3
37,Jet_fgas-4sigma,14.0,14.125,ok,True,0.1177,33,33,33,0,0,586,1259,0.2
37,Jet_fgas-4sigma,14.125,14.25,ok,True,0.1056,12,12,12,0,0,664,1462,0.2
37,Jet_fgas-4sigma,14.25,14.375,ok,False,0.0962,2,2,2,1,3,922,1937,0.1
37,Jet_fgas-4sigma,14.375,14.5,no_halos,False,nan,0,0,0,0,0,0,0,0.1
37,Jet_fgas-4sigma,14.5,14.625,no_halos,False,nan,0,0,0,0,0,0,0,0.1
37,Jet_fgas-4sigma,14.625,14.75,no_halos,False,nan,0,0,0,0,0,0,0,0.1
37,Jet_fgas-4sigma,14.75,14.875,no_halos,False,nan,0,0,0,0,0,0,0,0.1
37,Jet_fgas-4sigma,14.875,15.0,no_halos,False,nan,0,0,0,0,0,0,0,0.1
47,Jet_fgas-4sigma,10.0,10.125,ok,False,2.0661,443,169,402,25,0,0,3,0.9
47,Jet_fgas-4sigma,10.125,10.25,ok,False,1.8648,265,98,244,44,2,0,3,0.6
47,Jet_fgas-4sigma,10.25,10.375,ok,False,1.7687,1000,394,930,2,0,0,3,1.2
47,Jet_fgas-4sigma,10.375,10.5,ok,False,1.5991,1000,437,921,3,0,0,3,1.2
47,Jet_fgas-4sigma,10.5,10.625,ok,False,1.4227,1000,461,929,2,0,0,3,1.2
47,Jet_fgas-4sigma,10.625,10.75,ok,False,1.2985,1000,519,931,0,0,1,3,1.2
47,Jet_fgas-4sigma,10.75,10.875,ok,False,1.1792,1000,536,914,1,0,1,3,1.2
47,Jet_fgas-4sigma,10.875,11.0,ok,False,1.0671,1000,595,928,1,0,1,3,1.2
47,Jet_fgas-4sigma,11.0,11.125,ok,False,0.9696,1000,621,927,1,0,1,3,1.2
47,Jet_fgas-4sigma,11.125,11.25,ok,False,0.8844,1000,664,915,1,0,1,3,1.2
47,Jet_fgas-4sigma,11.25,11.375,ok,False,0.8095,1000,683,942,0,1,1,3,1.2
47,Jet_fgas-4sigma,11.375,11.5,ok,False,0.7379,1000,796,992,1,0,2,4,1.2
47,Jet_fgas-4sigma,11.5,11.625,ok,False,0.6705,1000,833,1000,0,0,2,5,1.2
47,Jet_fgas-4sigma,11.625,11.75,ok,False,0.6096,1000,902,1000,0,0,3,7,1.2
47,Jet_fgas-4sigma,11.75,11.875,ok,False,0.5543,1000,962,1000,0,0,3,9,1.2
47,Jet_fgas-4sigma,11.875,12.0,ok,False,0.5032,1000,982,1000,0,0,5,11,1.2
47,Jet_fgas-4sigma,12.0,12.125,ok,False,0.4567,1000,999,1000,0,0,6,15,1.2
47,Jet_fgas-4sigma,12.125,12.25,ok,False,0.4157,1000,997,1000,0,0,8,19,1.2
47,Jet_fgas-4sigma,12.25,12.375,ok,False,0.3780,1000,1000,1000,0,0,11,22,1.2
47,Jet_fgas-4sigma,12.375,12.5,ok,False,0.3437,1000,1000,1000,0,0,14,30,1.2
47,Jet_fgas-4sigma,12.5,12.625,ok,False,0.3118,1000,1000,1000,0,0,19,39,1.2
47,Jet_fgas-4sigma,12.625,12.75,ok,True,0.2833,1000,1000,1000,0,0,26,53,1.2
47,Jet_fgas-4sigma,12.75,12.875,ok,True,0.2574,1000,1000,1000,0,0,34,68,1.2
47,Jet_fgas-4sigma,12.875,13.0,ok,True,0.2338,1000,1000,1000,0,0,45,91,1.2
47,Jet_fgas-4sigma,13.0,13.125,ok,True,0.2127,1000,1000,1000,0,0,58,118,1.2
47,Jet_fgas-4sigma,13.125,13.25,ok,True,0.1933,1000,1000,1000,0,0,79,162,1.3
47,Jet_fgas-4sigma,13.25,13.375,ok,True,0.1758,1000,1000,1000,0,0,104,217,1.3
47,Jet_fgas-4sigma,13.375,13.5,ok,True,0.1596,1000,1000,1000,0,0,138,290,1.3
47,Jet_fgas-4sigma,13.5,13.625,ok,True,0.1449,1000,1000,1000,0,0,181,384,1.3
47,Jet_fgas-4sigma,13.625,13.75,ok,True,0.1317,1000,1000,1000,0,0,241,510,1.3
47,Jet_fgas-4sigma,13.75,13.875,ok,True,0.1198,747,747,747,0,0,321,686,1.2
47,Jet_fgas-4sigma,13.875,14.0,ok,True,0.1089,394,394,394,0,0,422,906,0.9
47,Jet_fgas-4sigma,14.0,14.125,ok,True,0.0993,194,194,194,0,0,552,1184,0.6
47,Jet_fgas-4sigma,14.125,14.25,ok,True,0.0900,82,82,82,0,0,698,1550,0.4
47,Jet_fgas-4sigma,14.25,14.375,ok,True,0.0827,28,28,28,0,0,930,1994,0.2
47,Jet_fgas-4sigma,14.375,14.5,ok,True,0.0728,10,10,10,0,0,1215,2630,0.2
47,Jet_fgas-4sigma,14.5,14.625,ok,True,0.0652,2,2,2,0,0,2100,4632,0.2
47,Jet_fgas-4sigma,14.625,14.75,ok,False,0.0625,1,1,1,3,0,1754,3995,0.1
47,Jet_fgas-4sigma,14.75,14.875,no_halos,False,nan,0,0,0,0,0,0,0,0.1
47,Jet_fgas-4sigma,14.875,15.0,no_halos,False,nan,0,0,0,0,0,0,0,0.1
57,Jet_fgas-4sigma,10.0,10.125,ok,False,1.7199,171,68,154,52,14,0,3,0.7
57,Jet_fgas-4sigma,10.125,10.25,ok,False,1.5423,120,52,113,55,15,0,3,0.5
57,Jet_fgas-4sigma,10.25,10.375,ok,False,1.4684,1000,376,897,2,0,0,2,1.3
57,Jet_fgas-4sigma,10.375,10.5,ok,False,1.3303,1000,417,911,4,0,0,3,1.2
57,Jet_fgas-4sigma,10.5,10.625,ok,False,1.1851,1000,468,892,0,0,0,3,1.3
57,Jet_fgas-4sigma,10.625,10.75,ok,False,1.0771,1000,512,911,0,0,1,2,1.2
57,Jet_fgas-4sigma,10.75,10.875,ok,False,0.9789,1000,533,895,1,0,1,2,1.2
57,Jet_fgas-4sigma,10.875,11.0,ok,False,0.8894,1000,583,897,1,0,1,3,1.2
57,Jet_fgas-4sigma,11.0,11.125,ok,False,0.8065,1000,587,904,2,1,1,2,1.2
57,Jet_fgas-4sigma,11.125,11.25,ok,False,0.7330,1000,612,899,1,0,1,3,1.2
57,Jet_fgas-4sigma,11.25,11.375,ok,False,0.6728,1000,650,928,1,0,1,3,1.3
57,Jet_fgas-4sigma,11.375,11.5,ok,False,0.6140,1000,751,986,0,0,1,4,1.2
57,Jet_fgas-4sigma,11.5,11.625,ok,False,0.5585,1000,829,1000,0,0,2,5,1.3
57,Jet_fgas-4sigma,11.625,11.75,ok,False,0.5070,1000,895,1000,0,0,2,6,1.2
57,Jet_fgas-4sigma,11.75,11.875,ok,False,0.4605,1000,962,1000,0,0,3,8,1.2
57,Jet_fgas-4sigma,11.875,12.0,ok,False,0.4177,1000,981,1000,0,0,4,10,1.2
57,Jet_fgas-4sigma,12.0,12.125,ok,False,0.3796,1000,992,1000,0,0,6,13,1.3
57,Jet_fgas-4sigma,12.125,12.25,ok,False,0.3444,1000,999,1000,0,0,8,16,1.2
57,Jet_fgas-4sigma,12.25,12.375,ok,False,0.3138,1000,999,1000,0,0,10,21,1.3
57,Jet_fgas-4sigma,12.375,12.5,ok,True,0.2851,1000,1000,1000,0,0,13,27,1.2
57,Jet_fgas-4sigma,12.5,12.625,ok,True,0.2586,1000,1000,1000,0,0,18,36,1.3
57,Jet_fgas-4sigma,12.625,12.75,ok,True,0.2354,1000,1000,1000,0,0,23,45,1.3
57,Jet_fgas-4sigma,12.75,12.875,ok,True,0.2142,1000,1000,1000,0,0,32,62,1.3
57,Jet_fgas-4sigma,12.875,13.0,ok,True,0.1939,1000,1000,1000,0,0,42,83,1.3
57,Jet_fgas-4sigma,13.0,13.125,ok,True,0.1761,1000,1000,1000,0,0,57,113,1.3
57,Jet_fgas-4sigma,13.125,13.25,ok,True,0.1606,1000,1000,1000,0,0,74,147,1.3
57,Jet_fgas-4sigma,13.25,13.375,ok,True,0.1456,1000,1000,1000,0,0,98,197,1.3
57,Jet_fgas-4sigma,13.375,13.5,ok,True,0.1325,1000,1000,1000,0,0,131,266,1.3
57,Jet_fgas-4sigma,13.5,13.625,ok,True,0.1203,1000,1000,1000,0,0,172,356,1.3
57,Jet_fgas-4sigma,13.625,13.75,ok,True,0.1091,1000,1000,1000,0,0,228,478,1.4
57,Jet_fgas-4sigma,13.75,13.875,ok,True,0.0996,1000,1000,1000,0,0,298,632,1.4
57,Jet_fgas-4sigma,13.875,14.0,ok,True,0.0905,1000,1000,1000,0,0,397,851,1.5
57,Jet_fgas-4sigma,14.0,14.125,ok,True,0.0822,677,677,677,0,0,543,1161,1.3
57,Jet_fgas-4sigma,14.125,14.25,ok,True,0.0747,380,380,380,0,0,700,1522,1.0
57,Jet_fgas-4sigma,14.25,14.375,ok,True,0.0682,199,199,199,0,0,890,1954,0.6
57,Jet_fgas-4sigma,14.375,14.5,ok,True,0.0614,72,72,72,0,0,1204,2636,0.4
57,Jet_fgas-4sigma,14.5,14.625,ok,True,0.0557,33,33,33,0,0,1600,3392,0.3
57,Jet_fgas-4sigma,14.625,14.75,ok,True,0.0500,10,10,10,0,0,2269,4893,0.2
57,Jet_fgas-4sigma,14.75,14.875,ok,True,0.0461,6,6,6,0,0,3031,6673,0.2
57,Jet_fgas-4sigma,14.875,15.0,no_halos,False,nan,0,0,0,0,0,0,0,0.1
62,Jet_fgas-4sigma,10.0,10.125,ok,False,1.5506,90,33,80,66,32,0,2,0.4
62,Jet_fgas-4sigma,10.125,10.25,ok,False,1.3980,62,12,55,87,28,0,2,0.3
62,Jet_fgas-4sigma,10.25,10.375,ok,False,1.3309,903,340,789,4,0,0,2,1.2
62,Jet_fgas-4sigma,10.375,10.5,ok,False,1.2035,1000,402,876,7,0,0,2,1.3
62,Jet_fgas-4sigma,10.5,10.625,ok,False,1.0724,1000,433,876,3,0,0,2,1.2
62,Jet_fgas-4sigma,10.625,10.75,ok,False,0.9740,1000,478,856,3,1,0,2,1.2
62,Jet_fgas-4sigma,10.75,10.875,ok,False,0.8872,1000,495,866,2,0,0,2,1.3
62,Jet_fgas-4sigma,10.875,11.0,ok,False,0.8023,1000,529,870,5,1,1,2,1.2
62,Jet_fgas-4sigma,11.0,11.125,ok,False,0.7296,1000,564,869,3,0,1,2,1.3
62,Jet_fgas-4sigma,11.125,11.25,ok,False,0.6633,1000,596,871,1,0,1,2,1.2
62,Jet_fgas-4sigma,11.25,11.375,ok,False,0.6098,1000,643,893,1,0,1,2,1.3
62,Jet_fgas-4sigma,11.375,11.5,ok,False,0.5559,1000,722,976,0,0,1,3,1.2
62,Jet_fgas-4sigma,11.5,11.625,ok,False,0.5057,1000,814,999,0,0,2,4,1.2
62,Jet_fgas-4sigma,11.625,11.75,ok,False,0.4606,1000,888,1000,0,0,2,6,1.2
62,Jet_fgas-4sigma,11.75,11.875,ok,False,0.4173,1000,933,1000,0,0,3,7,1.2
62,Jet_fgas-4sigma,11.875,12.0,ok,False,0.3790,1000,977,1000,0,0,4,9,1.2
62,Jet_fgas-4sigma,12.0,12.125,ok,False,0.3451,1000,984,1000,0,0,5,12,1.3
62,Jet_fgas-4sigma,12.125,12.25,ok,False,0.3121,1000,996,1000,0,0,7,16,1.2
62,Jet_fgas-4sigma,12.25,12.375,ok,True,0.2841,1000,999,1000,0,0,9,20,1.2
62,Jet_fgas-4sigma,12.375,12.5,ok,True,0.2589,1000,1000,1000,0,0,12,25,1.2
62,Jet_fgas-4sigma,12.5,12.625,ok,True,0.2345,1000,1000,1000,0,0,17,33,1.3
62,Jet_fgas-4sigma,12.625,12.75,ok,True,0.2135,1000,1000,1000,0,0,23,43,1.3
62,Jet_fgas-4sigma,12.75,12.875,ok,True,0.1938,1000,1000,1000,0,0,30,58,1.3
62,Jet_fgas-4sigma,12.875,13.0,ok,True,0.1755,1000,1000,1000,0,0,39,77,1.3
62,Jet_fgas-4sigma,13.0,13.125,ok,True,0.1601,1000,1000,1000,0,0,52,102,1.3
62,Jet_fgas-4sigma,13.125,13.25,ok,True,0.1455,1000,1000,1000,0,0,70,134,1.3
62,Jet_fgas-4sigma,13.25,13.375,ok,True,0.1320,1000,1000,1000,0,0,94,186,1.3
62,Jet_fgas-4sigma,13.375,13.5,ok,True,0.1200,1000,1000,1000,0,0,128,254,1.3
62,Jet_fgas-4sigma,13.5,13.625,ok,True,0.1087,1000,1000,1000,0,0,162,332,1.4
62,Jet_fgas-4sigma,13.625,13.75,ok,True,0.0988,1000,1000,1000,0,0,219,458,1.4
62,Jet_fgas-4sigma,13.75,13.875,ok,True,0.0898,1000,1000,1000,0,0,291,611,1.4
62,Jet_fgas-4sigma,13.875,14.0,ok,True,0.0820,1000,1000,1000,0,0,386,812,1.4
62,Jet_fgas-4sigma,14.0,14.125,ok,True,0.0744,1000,1000,1000,0,0,506,1084,1.5
62,Jet_fgas-4sigma,14.125,14.25,ok,True,0.0676,595,595,595,0,0,683,1468,1.2
62,Jet_fgas-4sigma,14.25,14.375,ok,True,0.0614,348,348,348,0,0,872,1906,0.9
62,Jet_fgas-4sigma,14.375,14.5,ok,True,0.0557,168,168,168,0,0,1168,2528,0.6
62,Jet_fgas-4sigma,14.5,14.625,ok,True,0.0505,76,76,76,0,0,1516,3374,0.4
62,Jet_fgas-4sigma,14.625,14.75,ok,True,0.0465,26,26,26,0,0,2030,4476,0.2
62,Jet_fgas-4sigma,14.75,14.875,ok,True,0.0419,13,13,13,0,0,2861,6254,0.2
62,Jet_fgas-4sigma,14.875,15.0,ok,True,0.0380,3,3,3,0,0,4138,8998,0.2
67,Jet_fgas-4sigma,10.0,10.125,ok,False,1.4072,56,18,44,78,58,0,2,0.3
67,Jet_fgas-4sigma,10.125,10.25,ok,False,1.2597,42,10,34,89,50,0,2,0.3
67,Jet_fgas-4sigma,10.25,10.375,ok,False,1.2035,508,186,434,18,1,0,2,1.0
67,Jet_fgas-4sigma,10.375,10.5,ok,False,1.0876,1000,386,825,2,0,0,2,1.2
67,Jet_fgas-4sigma,10.5,10.625,ok,False,0.9688,1000,432,841,2,0,0,2,1.2
67,Jet_fgas-4sigma,10.625,10.75,ok,False,0.8832,1000,482,837,5,1,0,2,1.2
67,Jet_fgas-4sigma,10.75,10.875,ok,False,0.8028,1000,481,840,5,0,0,2,1.2
67,Jet_fgas-4sigma,10.875,11.0,ok,False,0.7266,1000,542,841,8,1,1,2,1.2
67,Jet_fgas-4sigma,11.0,11.125,ok,False,0.6595,1000,553,846,0,0,1,2,1.2
67,Jet_fgas-4sigma,11.125,11.25,ok,False,0.5997,1000,548,848,0,0,1,2,1.2
67,Jet_fgas-4sigma,11.25,11.375,ok,False,0.5506,1000,602,875,0,0,1,2,1.2
67,Jet_fgas-4sigma,11.375,11.5,ok,False,0.5025,1000,662,978,0,0,1,3,1.2
67,Jet_fgas-4sigma,11.5,11.625,ok,False,0.4560,1000,782,1000,0,0,1,4,1.2
67,Jet_fgas-4sigma,11.625,11.75,ok,False,0.4159,1000,873,1000,0,0,2,5,1.2
67,Jet_fgas-4sigma,11.75,11.875,ok,False,0.3758,1000,937,1000,0,0,3,7,1.2
67,Jet_fgas-4sigma,11.875,12.0,ok,False,0.3427,1000,961,1000,0,0,4,8,1.2
67,Jet_fgas-4sigma,12.0,12.125,ok,False,0.3105,1000,989,1000,0,0,5,11,1.2
67,Jet_fgas-4sigma,12.125,12.25,ok,True,0.2829,1000,996,1000,0,0,6,13,1.2
67,Jet_fgas-4sigma,12.25,12.375,ok,True,0.2564,1000,1000,1000,0,0,9,18,1.2
67,Jet_fgas-4sigma,12.375,12.5,ok,True,0.2335,1000,1000,1000,0,0,12,23,1.3
67,Jet_fgas-4sigma,12.5,12.625,ok,True,0.2121,1000,1000,1000,0,0,15,29,1.2
67,Jet_fgas-4sigma,12.625,12.75,ok,True,0.1927,1000,1000,1000,0,0,21,39,1.2
67,Jet_fgas-4sigma,12.75,12.875,ok,True,0.1751,1000,1000,1000,0,0,28,52,1.3
67,Jet_fgas-4sigma,12.875,13.0,ok,True,0.1589,1000,1000,1000,0,0,37,70,1.3
67,Jet_fgas-4sigma,13.0,13.125,ok,True,0.1447,1000,1000,1000,0,0,51,95,1.3
67,Jet_fgas-4sigma,13.125,13.25,ok,True,0.1313,1000,1000,1000,0,0,65,125,1.3
67,Jet_fgas-4sigma,13.25,13.375,ok,True,0.1196,1000,1000,1000,0,0,85,168,1.3
67,Jet_fgas-4sigma,13.375,13.5,ok,True,0.1085,1000,1000,1000,0,0,116,227,1.3
67,Jet_fgas-4sigma,13.5,13.625,ok,True,0.0987,1000,1000,1000,0,0,156,314,1.3
67,Jet_fgas-4sigma,13.625,13.75,ok,True,0.0893,1000,1000,1000,0,0,208,428,1.4
67,Jet_fgas-4sigma,13.75,13.875,ok,True,0.0815,1000,1000,1000,0,0,275,577,1.3
67,Jet_fgas-4sigma,13.875,14.0,ok,True,0.0738,1000,1000,1000,0,0,369,779,1.5
67,Jet_fgas-4sigma,14.0,14.125,ok,True,0.0671,1000,1000,1000,0,0,492,1040,1.5
67,Jet_fgas-4sigma,14.125,14.25,ok,True,0.0611,867,867,867,0,0,645,1392,1.5
67,Jet_fgas-4sigma,14.25,14.375,ok,True,0.0553,510,510,510,0,0,876,1880,1.1
67,Jet_fgas-4sigma,14.375,14.5,ok,True,0.0507,287,287,287,0,0,1109,2424,0.8
67,Jet_fgas-4sigma,14.5,14.625,ok,True,0.0456,153,153,153,0,0,1489,3245,0.6
67,Jet_fgas-4sigma,14.625,14.75,ok,True,0.0417,74,74,74,0,0,2084,4594,0.4
67,Jet_fgas-4sigma,14.75,14.875,ok,True,0.0379,19,19,19,0,0,2501,5704,0.2
67,Jet_fgas-4sigma,14.875,15.0,ok,True,0.0345,16,16,16,0,0,3512,7555,0.2
69,Jet_fgas-4sigma,10.0,10.125,ok,False,1.3514,38,11,36,88,48,0,2,0.3
69,Jet_fgas-4sigma,10.125,10.25,ok,False,1.2151,30,10,24,88,59,0,2,0.3
69,Jet_fgas-4sigma,10.25,10.375,ok,False,1.1550,433,150,353,16,5,0,2,0.9
69,Jet_fgas-4sigma,10.375,10.5,ok,False,1.0476,1000,397,817,3,0,0,2,1.2
69,Jet_fgas-4sigma,10.5,10.625,ok,False,0.9312,1000,398,818,5,0,0,2,1.2
69,Jet_fgas-4sigma,10.625,10.75,ok,False,0.8457,1000,429,840,4,0,0,2,1.2
69,Jet_fgas-4sigma,10.75,10.875,ok,False,0.7709,1000,479,833,4,0,0,2,1.2
69,Jet_fgas-4sigma,10.875,11.0,ok,False,0.6969,1000,488,804,1,1,0,2,1.2
69,Jet_fgas-4sigma,11.0,11.125,ok,False,0.6335,1000,521,818,2,0,1,2,1.2
69,Jet_fgas-4sigma,11.125,11.25,ok,False,0.5775,1000,540,810,1,1,1,2,1.2
69,Jet_fgas-4sigma,11.25,11.375,ok,False,0.5306,1000,569,862,1,0,1,2,1.2
69,Jet_fgas-4sigma,11.375,11.5,ok,False,0.4835,1000,676,975,0,0,1,3,1.2
69,Jet_fgas-4sigma,11.5,11.625,ok,False,0.4376,1000,751,1000,0,0,1,4,1.2
69,Jet_fgas-4sigma,11.625,11.75,ok,False,0.3991,1000,847,1000,0,0,2,5,1.2
69,Jet_fgas-4sigma,11.75,11.875,ok,False,0.3624,1000,929,1000,0,0,3,6,1.2
69,Jet_fgas-4sigma,11.875,12.0,ok,False,0.3285,1000,969,1000,0,0,3,8,1.2
69,Jet_fgas-4sigma,12.0,12.125,ok,True,0.2993,1000,986,1000,0,0,5,10,1.2
69,Jet_fgas-4sigma,12.125,12.25,ok,True,0.2715,1000,994,1000,0,0,6,13,1.2
69,Jet_fgas-4sigma,12.25,12.375,ok,True,0.2465,1000,999,1000,0,0,8,16,1.2
69,Jet_fgas-4sigma,12.375,12.5,ok,True,0.2239,1000,1000,1000,0,0,11,22,1.2
69,Jet_fgas-4sigma,12.5,12.625,ok,True,0.2042,1000,1000,1000,0,0,15,28,1.2
69,Jet_fgas-4sigma,12.625,12.75,ok,True,0.1851,1000,1000,1000,0,0,20,36,1.2
69,Jet_fgas-4sigma,12.75,12.875,ok,True,0.1687,1000,1000,1000,0,0,27,49,1.2
69,Jet_fgas-4sigma,12.875,13.0,ok,True,0.1530,1000,1000,1000,0,0,36,66,1.3
69,Jet_fgas-4sigma,13.0,13.125,ok,True,0.1389,1000,1000,1000,0,0,48,89,1.2
69,Jet_fgas-4sigma,13.125,13.25,ok,True,0.1263,1000,1000,1000,0,0,62,119,1.2
69,Jet_fgas-4sigma,13.25,13.375,ok,True,0.1144,1000,1000,1000,0,0,85,164,1.2
69,Jet_fgas-4sigma,13.375,13.5,ok,True,0.1041,1000,1000,1000,0,0,110,216,1.3
69,Jet_fgas-4sigma,13.5,13.625,ok,True,0.0948,1000,1000,1000,0,0,151,302,1.3
69,Jet_fgas-4sigma,13.625,13.75,ok,True,0.0860,1000,1000,1000,0,0,205,415,1.3
69,Jet_fgas-4sigma,13.75,13.875,ok,True,0.0783,1000,1000,1000,0,0,264,548,1.3
69,Jet_fgas-4sigma,13.875,14.0,ok,True,0.0709,1000,1000,1000,0,0,362,764,1.4
69,Jet_fgas-4sigma,14.0,14.125,ok,True,0.0645,1000,1000,1000,0,0,467,997,1.5
69,Jet_fgas-4sigma,14.125,14.25,ok,True,0.0585,970,970,970,0,0,637,1368,1.5
69,Jet_fgas-4sigma,14.25,14.375,ok,True,0.0533,562,562,562,0,0,843,1822,1.2
69,Jet_fgas-4sigma,14.375,14.5,ok,True,0.0487,359,359,359,0,0,1101,2390,1.0
69,Jet_fgas-4sigma,14.5,14.625,ok,True,0.0440,168,168,168,0,0,1407,3092,0.6
69,Jet_fgas-4sigma,14.625,14.75,ok,True,0.0402,96,96,96,0,0,1922,4282,0.4
69,Jet_fgas-4sigma,14.75,14.875,ok,True,0.0364,30,30,30,0,0,2696,5980,0.3
69,Jet_fgas-4sigma,14.875,15.0,ok,True,0.0335,17,17,17,0,0,3110,7058,0.2
71,Jet_fgas-4sigma,10.0,10.125,ok,False,1.2985,26,11,19,89,73,0,2,0.2
71,Jet_fgas-4sigma,10.125,10.25,ok,False,1.1719,31,10,24,92,63,0,2,0.3
71,Jet_fgas-4sigma,10.25,10.375,ok,False,1.1118,369,143,302,19,9,0,2,0.9
71,Jet_fgas-4sigma,10.375,10.5,ok,False,1.0084,958,368,771,5,0,0,2,1.2
71,Jet_fgas-4sigma,10.5,10.625,ok,False,0.8980,1000,410,824,6,1,0,2,1.2
71,Jet_fgas-4sigma,10.625,10.75,ok,False,0.8159,1000,405,801,3,0,0,2,1.1
71,Jet_fgas-4sigma,10.75,10.875,ok,False,0.7421,1000,424,787,2,0,0,2,1.1
71,Jet_fgas-4sigma,10.875,11.0,ok,False,0.6707,1000,495,793,2,2,0,2,1.1
71,Jet_fgas-4sigma,11.0,11.125,ok,False,0.6095,1000,485,811,3,0,0,2,1.1
71,Jet_fgas-4sigma,11.125,11.25,ok,False,0.5559,1000,525,782,1,1,1,2,1.1
71,Jet_fgas-4sigma,11.25,11.375,ok,False,0.5118,1000,552,868,1,0,1,2,1.2
71,Jet_fgas-4sigma,11.375,11.5,ok,False,0.4634,1000,652,975,0,0,1,3,1.1
71,Jet_fgas-4sigma,11.5,11.625,ok,False,0.4227,1000,768,1000,0,0,1,4,1.2
71,Jet_fgas-4sigma,11.625,11.75,ok,False,0.3840,1000,842,1000,0,0,2,4,1.2
71,Jet_fgas-4sigma,11.75,11.875,ok,False,0.3481,1000,911,1000,0,0,3,6,1.2
71,Jet_fgas-4sigma,11.875,12.0,ok,False,0.3172,1000,961,1000,0,0,3,8,1.1
71,Jet_fgas-4sigma,12.0,12.125,ok,True,0.2874,1000,987,1000,0,0,4,10,1.1
71,Jet_fgas-4sigma,12.125,12.25,ok,True,0.2612,1000,996,1000,0,0,6,12,1.1
71,Jet_fgas-4sigma,12.25,12.375,ok,True,0.2382,1000,1000,1000,0,0,8,15,1.2
71,Jet_fgas-4sigma,12.375,12.5,ok,True,0.2156,1000,1000,1000,0,0,11,20,1.1
71,Jet_fgas-4sigma,12.5,12.625,ok,True,0.1966,1000,1000,1000,0,0,14,27,1.2
71,Jet_fgas-4sigma,12.625,12.75,ok,True,0.1783,1000,1000,1000,0,0,19,34,1.2
71,Jet_fgas-4sigma,12.75,12.875,ok,True,0.1624,1000,1000,1000,0,0,25,46,1.2
71,Jet_fgas-4sigma,12.875,13.0,ok,True,0.1471,1000,1000,1000,0,0,35,64,1.2
71,Jet_fgas-4sigma,13.0,13.125,ok,True,0.1338,1000,1000,1000,0,0,46,84,1.2
71,Jet_fgas-4sigma,13.125,13.25,ok,True,0.1214,1000,1000,1000,0,0,61,115,1.2
71,Jet_fgas-4sigma,13.25,13.375,ok,True,0.1103,1000,1000,1000,0,0,81,155,1.2
71,Jet_fgas-4sigma,13.375,13.5,ok,True,0.1002,1000,1000,1000,0,0,109,210,1.3
71,Jet_fgas-4sigma,13.5,13.625,ok,True,0.0909,1000,1000,1000,0,0,144,283,1.2
71,Jet_fgas-4sigma,13.625,13.75,ok,True,0.0827,1000,1000,1000,0,0,196,398,1.3
71,Jet_fgas-4sigma,13.75,13.875,ok,True,0.0753,1000,1000,1000,0,0,262,540,1.3
71,Jet_fgas-4sigma,13.875,14.0,ok,True,0.0684,1000,1000,1000,0,0,348,738,1.3
71,Jet_fgas-4sigma,14.0,14.125,ok,True,0.0621,1000,1000,1000,0,0,458,972,1.4
71,Jet_fgas-4sigma,14.125,14.25,ok,True,0.0565,999,999,999,0,0,609,1311,1.5
71,Jet_fgas-4sigma,14.25,14.375,ok,True,0.0514,640,640,640,0,0,813,1764,1.3
71,Jet_fgas-4sigma,14.375,14.5,ok,True,0.0468,404,404,404,0,0,1082,2354,1.0
71,Jet_fgas-4sigma,14.5,14.625,ok,True,0.0426,194,194,194,0,0,1410,3091,0.6
71,Jet_fgas-4sigma,14.625,14.75,ok,True,0.0386,105,105,105,0,0,1858,4042,0.5
71,Jet_fgas-4sigma,14.75,14.875,ok,True,0.0349,51,51,51,0,0,2610,5757,0.3
71,Jet_fgas-4sigma,14.875,15.0,ok,True,0.0317,18,18,18,0,0,3047,6798,0.2
73,Jet_fgas-4sigma,10.0,10.125,ok,False,1.2606,18,3,17,97,69,0,3,0.2
73,Jet_fgas-4sigma,10.125,10.25,ok,False,1.1263,26,9,23,89,66,0,2,0.2
73,Jet_fgas-4sigma,10.25,10.375,ok,False,1.0734,281,87,221,40,14,0,1,0.7
73,Jet_fgas-4sigma,10.375,10.5,ok,False,0.9711,747,274,593,8,1,0,1,1.1
73,Jet_fgas-4sigma,10.5,10.625,ok,False,0.8634,1000,381,788,7,1,0,1,1.1
73,Jet_fgas-4sigma,10.625,10.75,ok,False,0.7870,1000,406,794,7,0,0,2,1.1
73,Jet_fgas-4sigma,10.75,10.875,ok,False,0.7156,1000,447,769,6,0,0,2,1.1
73,Jet_fgas-4sigma,10.875,11.0,ok,False,0.6478,1000,462,771,5,1,0,1,1.1
73,Jet_fgas-4sigma,11.0,11.125,ok,False,0.5886,1000,491,787,0,1,0,1,1.1
73,Jet_fgas-4sigma,11.125,11.25,ok,False,0.5347,1000,493,778,1,0,0,1,1.1
73,Jet_fgas-4sigma,11.25,11.375,ok,False,0.4898,1000,535,852,2,1,1,2,1.1
73,Jet_fgas-4sigma,11.375,11.5,ok,False,0.4468,1000,636,980,0,0,1,3,1.1
73,Jet_fgas-4sigma,11.5,11.625,ok,False,0.4072,1000,734,1000,0,0,1,3,1.1
73,Jet_fgas-4sigma,11.625,11.75,ok,False,0.3701,1000,835,1000,0,0,2,4,1.1
73,Jet_fgas-4sigma,11.75,11.875,ok,False,0.3363,1000,884,1000,0,0,2,5,1.1
73,Jet_fgas-4sigma,11.875,12.0,ok,False,0.3052,1000,953,1000,0,0,3,7,1.1
73,Jet_fgas-4sigma,12.0,12.125,ok,True,0.2774,1000,979,1000,0,0,4,9,1.1
73,Jet_fgas-4sigma,12.125,12.25,ok,True,0.2519,1000,997,1000,0,0,6,11,1.1
73,Jet_fgas-4sigma,12.25,12.375,ok,True,0.2285,1000,1000,1000,0,0,7,14,1.1
73,Jet_fgas-4sigma,12.375,12.5,ok,True,0.2085,1000,1000,1000,0,0,10,19,1.1
73,Jet_fgas-4sigma,12.5,12.625,ok,True,0.1896,1000,1000,1000,0,0,13,24,1.1
73,Jet_fgas-4sigma,12.625,12.75,ok,True,0.1719,1000,1000,1000,0,0,18,32,1.1
73,Jet_fgas-4sigma,12.75,12.875,ok,True,0.1558,1000,1000,1000,0,0,25,45,1.2
73,Jet_fgas-4sigma,12.875,13.0,ok,True,0.1419,1000,1000,1000,0,0,32,59,1.2
73,Jet_fgas-4sigma,13.0,13.125,ok,True,0.1288,1000,1000,1000,0,0,43,79,1.2
73,Jet_fgas-4sigma,13.125,13.25,ok,True,0.1169,1000,1000,1000,0,0,59,111,1.2
73,Jet_fgas-4sigma,13.25,13.375,ok,True,0.1065,1000,1000,1000,0,0,78,148,1.2
73,Jet_fgas-4sigma,13.375,13.5,ok,True,0.0966,1000,1000,1000,0,0,106,203,1.2
73,Jet_fgas-4sigma,13.5,13.625,ok,True,0.0875,1000,1000,1000,0,0,143,278,1.2
73,Jet_fgas-4sigma,13.625,13.75,ok,True,0.0799,1000,1000,1000,0,0,187,372,1.2
73,Jet_fgas-4sigma,13.75,13.875,ok,True,0.0722,1000,1000,1000,0,0,250,514,1.3
73,Jet_fgas-4sigma,13.875,14.0,ok,True,0.0658,1000,1000,1000,0,0,328,688,1.3
73,Jet_fgas-4sigma,14.0,14.125,ok,True,0.0597,1000,1000,1000,0,0,450,954,1.4
73,Jet_fgas-4sigma,14.125,14.25,ok,True,0.0545,1000,1000,1000,0,0,580,1254,1.5
73,Jet_fgas-4sigma,14.25,14.375,ok,True,0.0495,671,671,671,0,0,782,1694,1.2
73,Jet_fgas-4sigma,14.375,14.5,ok,True,0.0448,449,449,449,0,0,1078,2342,1.0
73,Jet_fgas-4sigma,14.5,14.625,ok,True,0.0411,236,236,236,0,0,1372,3004,0.7
73,Jet_fgas-4sigma,14.625,14.75,ok,True,0.0371,116,116,116,0,0,1806,3974,0.5
73,Jet_fgas-4sigma,14.75,14.875,ok,True,0.0338,48,48,48,0,0,2474,5460,0.3
73,Jet_fgas-4sigma,14.875,15.0,ok,True,0.0306,30,30,30,0,0,3132,6940,0.3
75,Jet_fgas-4sigma,10.0,10.125,ok,False,1.2186,24,9,20,91,78,0,2,0.2
75,Jet_fgas-4sigma,10.125,10.25,ok,False,1.0871,22,4,14,95,81,0,1,0.2
75,Jet_fgas-4sigma,10.25,10.375,ok,False,1.0356,236,77,187,39,10,0,2,0.6
75,Jet_fgas-4sigma,10.375,10.5,ok,False,0.9356,615,209,454,14,3,0,1,0.9
75,Jet_fgas-4sigma,10.5,10.625,ok,False,0.8352,1000,360,749,11,0,0,1,1.1
75,Jet_fgas-4sigma,10.625,10.75,ok,False,0.7604,1000,412,756,2,1,0,1,1.1
75,Jet_fgas-4sigma,10.75,10.875,ok,False,0.6904,1000,408,757,4,0,0,1,1.1
75,Jet_fgas-4sigma,10.875,11.0,ok,False,0.6241,1000,448,753,3,0,0,1,1.1
75,Jet_fgas-4sigma,11.0,11.125,ok,False,0.5676,1000,455,768,5,0,0,1,1.1
75,Jet_fgas-4sigma,11.125,11.25,ok,False,0.5162,1000,432,728,1,2,0,1,1.1
75,Jet_fgas-4sigma,11.25,11.375,ok,False,0.4747,1000,495,820,3,0,0,2,1.1
75,Jet_fgas-4sigma,11.375,11.5,ok,False,0.4316,1000,605,977,0,0,1,2,1.1
75,Jet_fgas-4sigma,11.5,11.625,ok,False,0.3933,1000,696,1000,0,0,1,3,1.1
75,Jet_fgas-4sigma,11.625,11.75,ok,False,0.3557,1000,828,1000,0,0,2,4,1.1
75,Jet_fgas-4sigma,11.75,11.875,ok,False,0.3247,1000,901,1000,0,0,2,5,1.1
75,Jet_fgas-4sigma,11.875,12.0,ok,True,0.2942,1000,949,1000,0,0,3,7,1.1
75,Jet_fgas-4sigma,12.0,12.125,ok,True,0.2678,1000,978,1000,0,0,4,8,1.1
75,Jet_fgas-4sigma,12.125,12.25,ok,True,0.2446,1000,993,1000,0,0,5,10,1.1
75,Jet_fgas-4sigma,12.25,12.375,ok,True,0.2218,1000,1000,1000,0,0,7,13,1.1
75,Jet_fgas-4sigma,12.375,12.5,ok,True,0.2010,1000,999,1000,0,0,10,17,1.1
75,Jet_fgas-4sigma,12.5,12.625,ok,True,0.1829,1000,1000,1000,0,0,13,23,1.1
75,Jet_fgas-4sigma,12.625,12.75,ok,True,0.1657,1000,1000,1000,0,0,17,31,1.1
75,Jet_fgas-4sigma,12.75,12.875,ok,True,0.1505,1000,1000,1000,0,0,23,41,1.1
75,Jet_fgas-4sigma,12.875,13.0,ok,True,0.1370,1000,1000,1000,0,0,31,56,1.1
75,Jet_fgas-4sigma,13.0,13.125,ok,True,0.1242,1000,1000,1000,0,0,42,76,1.1
75,Jet_fgas-4sigma,13.125,13.25,ok,True,0.1130,1000,1000,1000,0,0,56,100,1.1
75,Jet_fgas-4sigma,13.25,13.375,ok,True,0.1026,1000,1000,1000,0,0,74,137,1.1
75,Jet_fgas-4sigma,13.375,13.5,ok,True,0.0933,1000,1000,1000,0,0,100,190,1.1
75,Jet_fgas-4sigma,13.5,13.625,ok,True,0.0847,1000,1000,1000,0,0,132,260,1.2
75,Jet_fgas-4sigma,13.625,13.75,ok,True,0.0771,1000,1000,1000,0,0,178,356,1.2
75,Jet_fgas-4sigma,13.75,13.875,ok,True,0.0699,1000,1000,1000,0,0,241,490,1.2
75,Jet_fgas-4sigma,13.875,14.0,ok,True,0.0637,1000,1000,1000,0,0,324,672,1.3
75,Jet_fgas-4sigma,14.0,14.125,ok,True,0.0577,1000,1000,1000,0,0,432,911,1.3
75,Jet_fgas-4sigma,14.125,14.25,ok,True,0.0525,1000,1000,1000,0,0,561,1204,1.4
75,Jet_fgas-4sigma,14.25,14.375,ok,True,0.0480,712,712,712,0,0,760,1651,1.2
75,Jet_fgas-4sigma,14.375,14.5,ok,True,0.0433,457,457,457,0,0,1018,2212,1.0
75,Jet_fgas-4sigma,14.5,14.625,ok,True,0.0395,267,267,267,0,0,1322,2885,0.8
75,Jet_fgas-4sigma,14.625,14.75,ok,True,0.0360,110,110,110,0,0,1756,3904,0.4
75,Jet_fgas-4sigma,14.75,14.875,ok,True,0.0327,61,61,61,0,0,2336,5145,0.3
75,Jet_fgas-4sigma,14.875,15.0,ok,True,0.0295,21,21,21,0,0,3428,7792,0.2
77,Jet_fgas-4sigma,10.0,10.125,ok,False,1.1747,147,35,100,66,35,0,1,0.6
77,Jet_fgas-4sigma,10.125,10.25,ok,False,1.0552,517,132,404,36,6,0,1,1.0
77,Jet_fgas-4sigma,10.25,10.375,ok,False,1.0015,1000,293,751,12,0,0,1,1.3
77,Jet_fgas-4sigma,10.375,10.5,ok,False,0.9049,1000,324,741,12,2,0,1,1.2
77,Jet_fgas-4sigma,10.5,10.625,ok,False,0.8093,1000,342,765,8,1,0,1,1.2
77,Jet_fgas-4sigma,10.625,10.75,ok,False,0.7365,1000,382,756,5,0,0,1,1.2
77,Jet_fgas-4sigma,10.75,10.875,ok,False,0.6709,1000,422,775,5,1,0,1,1.2
77,Jet_fgas-4sigma,10.875,11.0,ok,False,0.6064,1000,452,779,3,0,0,2,1.2
77,Jet_fgas-4sigma,11.0,11.125,ok,False,0.5500,1000,481,788,2,1,0,1,1.2
77,Jet_fgas-4sigma,11.125,11.25,ok,False,0.5021,1000,481,759,3,1,0,1,1.2
77,Jet_fgas-4sigma,11.25,11.375,ok,False,0.4596,1000,563,847,1,0,1,2,1.2
77,Jet_fgas-4sigma,11.375,11.5,ok,False,0.4177,1000,636,977,0,0,1,3,1.2
77,Jet_fgas-4sigma,11.5,11.625,ok,False,0.3802,1000,738,1000,0,0,1,3,1.2
77,Jet_fgas-4sigma,11.625,11.75,ok,False,0.3454,1000,810,1000,0,0,2,4,1.2
77,Jet_fgas-4sigma,11.75,11.875,ok,False,0.3142,1000,888,1000,0,0,2,5,1.2
77,Jet_fgas-4sigma,11.875,12.0,ok,True,0.2854,1000,951,1000,0,0,3,7,1.2
77,Jet_fgas-4sigma,12.0,12.125,ok,True,0.2594,1000,976,1000,0,0,4,8,1.2
77,Jet_fgas-4sigma,12.125,12.25,ok,True,0.2358,1000,994,1000,0,0,6,11,1.2
77,Jet_fgas-4sigma,12.25,12.375,ok,True,0.2142,1000,998,1000,0,0,7,14,1.2
77,Jet_fgas-4sigma,12.375,12.5,ok,True,0.1949,1000,1000,1000,0,0,10,17,1.2
77,Jet_fgas-4sigma,12.5,12.625,ok,True,0.1766,1000,1000,1000,0,0,14,23,1.2
77,Jet_fgas-4sigma,12.625,12.75,ok,True,0.1601,1000,1000,1000,0,0,18,31,1.2
77,Jet_fgas-4sigma,12.75,12.875,ok,True,0.1459,1000,1000,1000,0,0,23,41,1.3
77,Jet_fgas-4sigma,12.875,13.0,ok,True,0.1327,1000,1000,1000,0,0,31,54,1.3
77,Jet_fgas-4sigma,13.0,13.125,ok,True,0.1203,1000,1000,1000,0,0,42,74,1.3
77,Jet_fgas-4sigma,13.125,13.25,ok,True,0.1093,1000,1000,1000,0,0,56,100,1.3
77,Jet_fgas-4sigma,13.25,13.375,ok,True,0.0994,1000,1000,1000,0,0,74,136,1.3
77,Jet_fgas-4sigma,13.375,13.5,ok,True,0.0899,1000,1000,1000,0,0,98,185,1.3
77,Jet_fgas-4sigma,13.5,13.625,ok,True,0.0823,1000,1000,1000,0,0,130,252,1.3
77,Jet_fgas-4sigma,13.625,13.75,ok,True,0.0744,1000,1000,1000,0,0,175,346,1.3
77,Jet_fgas-4sigma,13.75,13.875,ok,True,0.0677,1000,1000,1000,0,0,236,475,1.3
77,Jet_fgas-4sigma,13.875,14.0,ok,True,0.0616,1000,1000,1000,0,0,316,660,1.4
77,Jet_fgas-4sigma,14.0,14.125,ok,True,0.0559,1000,1000,1000,0,0,423,885,1.4
77,Jet_fgas-4sigma,14.125,14.25,ok,True,0.0508,1000,1000,1000,0,0,561,1196,1.5
77,Jet_fgas-4sigma,14.25,14.375,ok,True,0.0463,1000,1000,1000,0,0,748,1616,1.7
77,Jet_fgas-4sigma,14.375,14.5,ok,True,0.0420,1000,1000,1000,0,0,1011,2210,1.7
77,Jet_fgas-4sigma,14.5,14.625,ok,True,0.0382,648,648,648,0,0,1310,2856,1.5
77,Jet_fgas-4sigma,14.625,14.75,ok,True,0.0348,370,370,370,0,0,1736,3815,1.1
77,Jet_fgas-4sigma,14.75,14.875,ok,True,0.0315,191,191,191,0,0,2316,5155,0.7
77,Jet_fgas-4sigma,14.875,15.0,ok,True,0.0286,102,102,102,0,0,3154,7074,0.5
